ACCNUM,YEAR,MONTH,DAY,HOUR,MINUTES,WEEKDAY,LATITUDE,LONGITUDE,Ward_Name,Ward_ID,Hood_Name,Hood_ID,Division,District,STREET1,STREET2,OFFSET,ROAD_CLASS,LOCCOORD,ACCLOC,TRAFFCTL,VISIBILITY,LIGHT,RDSFCOND,ACCLASS,IMPACTYPE,INVTYPE,INVAGE,INJURY,FATAL_NO,INITDIR,VEHTYPE,MANOEUVER,DRIVACT,DRIVCOND,PEDTYPE,PEDACT,PEDCOND,CYCLISTYPE,CYCACT,CYCCOND,PEDESTRIAN,CYCLIST,AUTOMOBILE,MOTORCYCLE,TRUCK,TRSN_CITY_VEH,EMERG_VEH,PASSENGER,SPEEDING,AG_DRIV,REDLIGHT,ALCOHOL,DISABILITY,FATAL
1386819,2013,9,15,11,25,6,43.69556387,-79.33964167,Toronto-Danforth (29),29,Old East York (58),58,D54,Toronto East York,DON MILLS Rd,O CONNOR Dr, ,Major Arterial,Intersection, ,Traffic Signal,Clear,Daylight,Dry,Non-Fatal Injury,Rear End,Driver,65 to 69,Major,0,South,"Automobile, Station Wagon",Stopped,Driving Properly,Normal, , , , , , ,0,0,1,0,1,0,0,1,1,1,0,0,0,0
1137133,2009,11,16,11,27,0,43.64904538,-79.35249029,Toronto Centre-Rosedale (28),28,Waterfront Communities-The Island (77),77,D51,Toronto East York,F G GARDINER XY  W,CHERRY ST, ,Expressway,Mid-Block, ,No Control,Clear,Daylight,Dry,Non-Fatal Injury,Rear End,Motorcycle Driver,40 to 44,Major,0,West,Motorcycle,Going Ahead,Speed too Fast For Condition,Normal, , , , , , ,0,0,1,1,0,0,0,0,1,1,0,0,0,0
1137133,2009,11,16,11,27,0,43.64904538,-79.35249029,Toronto Centre-Rosedale (28),28,Waterfront Communities-The Island (77),77,D51,Toronto East York,F G GARDINER XY  W,CHERRY ST, ,Expressway,Mid-Block, ,No Control,Clear,Daylight,Dry,Non-Fatal Injury,Rear End,Driver,40 to 44,None,0,West,"Automobile, Station Wagon",Changing Lanes,Driving Properly,Normal, , , , , , ,0,0,1,1,0,0,0,0,1,1,0,0,0,0
1261497,2011,10,20,11,27,3,43.65794538,-79.38159029,Toronto Centre-Rosedale (27),27,Church-Yonge Corridor (75),75,D51,Toronto East York,YONGE ST,ELM ST, ,Major Arterial,Intersection, ,No Control,Clear,Daylight,Dry,Non-Fatal Injury,Pedestrian Collisions,Vehicle Owner,unknown, ,0, ,Other, , , , , , , , , ,1,0,1,0,0,0,0,0,0,0,0,0,0,0
1261497,2011,10,20,11,27,3,43.65794538,-79.38159029,Toronto Centre-Rosedale (27),27,Church-Yonge Corridor (75),75,D51,Toronto East York,YONGE ST,ELM ST, ,Major Arterial,Intersection, ,No Control,Clear,Daylight,Dry,Non-Fatal Injury,Pedestrian Collisions,Driver,40 to 44,None,0,North,"Automobile, Station Wagon",Going Ahead,Driving Properly,Normal, , , , , , ,1,0,1,0,0,0,0,0,0,0,0,0,0,0
1261497,2011,10,20,11,27,3,43.65794538,-79.38159029,Toronto Centre-Rosedale (27),27,Church-Yonge Corridor (75),75,D51,Toronto East York,YONGE ST,ELM ST, ,Major Arterial,Intersection, ,No Control,Clear,Daylight,Dry,Non-Fatal Injury,Pedestrian Collisions,Pedestrian,45 to 49,Major,0,West,Other, , , ,Pedestrian hit at mid-block,Other,Inattentive, , , ,1,0,1,0,0,0,0,0,0,0,0,0,0,0
7000983227,2017,6,3,11,34,5,43.70626791,-79.25125513,Scarborough Southwest (36),36,Birchcliffe-Cliffside (122),122,D41,Scarborough,RIDGEMOOR AVE,KINGSTON RD, ,Major Arterial,Intersection,At Intersection,Traffic Signal,Clear,Daylight,Dry,Fatal,Pedestrian Collisions,Pedestrian,70 to 74,Fatal,26,Unknown, , , , ,Vehicle turns left while ped crosses with ROW at inter.,Crossing with right of way,Normal, , , ,1,0,1,0,0,0,0,0,0,1,0,0,0,1
1241204,2011,6,29,11,35,2,43.79234538,-79.44589029,York Centre (10),10,Westminster-Branson (35),35,D32,North York,STEELES AVE W,BATHURST ST, ,Major Arterial,Intersection, ,No Control,Clear,Daylight,Dry,Fatal,Pedestrian Collisions,Driver,50 to 54,None,0,West,"Automobile, Station Wagon",Going Ahead,Lost control,Medical or Physical Disability, , , , , , ,1,0,1,0,0,0,0,0,0,0,0,0,1,1
1241204,2011,6,29,11,35,2,43.79234538,-79.44589029,York Centre (10),10,Westminster-Branson (35),35,D32,North York,STEELES AVE W,BATHURST ST, ,Major Arterial,Intersection, ,No Control,Clear,Daylight,Dry,Fatal,Pedestrian Collisions,Pedestrian,75 to 79,Major,0,East,Other, , , ,Pedestrian hit on sidewalk or shoulder,On Sidewalk or Shoulder,Normal, , , ,1,0,1,0,0,0,0,0,0,0,0,0,1,1
1241204,2011,6,29,11,35,2,43.79234538,-79.44589029,York Centre (10),10,Westminster-Branson (35),35,D32,North York,STEELES AVE W,BATHURST ST, ,Major Arterial,Intersection, ,No Control,Clear,Daylight,Dry,Fatal,Pedestrian Collisions,Pedestrian,85 to 89,Fatal,11,East,Other, , , ,Pedestrian hit on sidewalk or shoulder,On Sidewalk or Shoulder,Normal, , , ,1,0,1,0,0,0,0,0,0,0,0,0,1,1
4002555153,2014,7,23,11,35,2,43.67075308,-79.3889123,Toronto Centre-Rosedale (27),27,Annex (95),95,D53,Toronto East York,50 CUMBERLAND ST, , ,Collector,Mid-Block,Non Intersection,No Control,Clear,Daylight,Dry,Non-Fatal Injury,Pedestrian Collisions,Driver,35 to 39,None,0,East,"Automobile, Station Wagon",Reversing,Other,Normal, , , , , , ,1,0,1,0,0,0,0,0,0,0,0,0,0,0
4002555153,2014,7,23,11,35,2,43.67075308,-79.3889123,Toronto Centre-Rosedale (27),27,Annex (95),95,D53,Toronto East York,50 CUMBERLAND ST, , ,Collector,Mid-Block,Non Intersection,No Control,Clear,Daylight,Dry,Non-Fatal Injury,Pedestrian Collisions,Pedestrian,70 to 74,Major,0,South, , , , ,Vehicle is reversing and hits pedestrian,Other,Unknown, , , ,1,0,1,0,0,0,0,0,0,0,0,0,0,0
7000861875,2017,5,16,11,35,1,43.75872763,-79.31112299,Scarborough Centre (37),37,Wexford/Maryvale (119),119,D41,Scarborough,95 ELLESMERE RD, , ,Major Arterial,Mid-Block,Non Intersection,No Control,Clear,Daylight,Dry,Fatal,SMV Other,Driver,80 to 84,Fatal,23,East,"Automobile, Station Wagon",Going Ahead,Lost control,Medical or Physical Disability, , , , , , ,0,0,1,0,0,0,0,0,0,0,0,0,1,1
1067680,2008,11,1,11,45,5,43.66284538,-79.33219029,Toronto-Danforth (30),30,South Riverdale (70),70,D55,Toronto East York,1168 QUEEN ST E, , ,Minor Arterial,Intersection, ,No Control,Clear,Daylight,Dry,Non-Fatal Injury,Pedestrian Collisions,Driver,50 to 54,None,0,East,"Automobile, Station Wagon",Making U Turn,Improper Turn,Unknown, , , , , , ,1,0,1,0,0,0,0,0,0,0,0,0,0,0
7001556385,2017,8,28,11,35,0,43.69052838,-79.40423929,St. Paul's (22),22,Casa Loma (96),96,D53,Toronto East York,215 LONSDALE ROAD,AVENUE ROAD,51 m West of,Minor Arterial,Mid-Block,Non Intersection,No Control,Clear,Daylight,Dry,Non-Fatal Injury,Sideswipe,Driver,55 to 59,None,0,East,"Automobile, Station Wagon",Going Ahead,Improper Passing,Normal, , , , , , ,0,0,1,1,0,0,0,0,0,1,0,0,0,0
7001556385,2017,8,28,11,35,0,43.69052838,-79.40423929,St. Paul's (22),22,Casa Loma (96),96,D53,Toronto East York,215 LONSDALE ROAD,AVENUE ROAD,51 m West of,Minor Arterial,Mid-Block,Non Intersection,No Control,Clear,Daylight,Dry,Non-Fatal Injury,Sideswipe,Motorcycle Driver,75 to 79,Major,0,East,Motorcycle,Going Ahead,Driving Properly,Normal, , , , , , ,0,0,1,1,0,0,0,0,0,1,0,0,0,0
1168396,2010,5,13,11,36,3,43.65044538,-79.44189029,Davenport (18),18,Dufferin Grove (83),83,D11,Toronto East York,DUNDAS ST W,COLLEGE ST, ,Minor Arterial,Mid-Block, ,No Control,Clear,Daylight,Dry,Fatal,Pedestrian Collisions,Vehicle Owner,unknown, ,0, ,Other, , , , , , , , , ,1,0,1,0,0,0,0,0,0,0,0,0,0,1
1168396,2010,5,13,11,36,3,43.65044538,-79.44189029,Davenport (18),18,Dufferin Grove (83),83,D11,Toronto East York,DUNDAS ST W,COLLEGE ST, ,Minor Arterial,Mid-Block, ,No Control,Clear,Daylight,Dry,Fatal,Pedestrian Collisions,Driver,25 to 29,None,0,West,"Automobile, Station Wagon",Going Ahead,Driving Properly,Normal, , , , , , ,1,0,1,0,0,0,0,0,0,0,0,0,0,1
1168396,2010,5,13,11,36,3,43.65044538,-79.44189029,Davenport (18),18,Dufferin Grove (83),83,D11,Toronto East York,DUNDAS ST W,COLLEGE ST, ,Minor Arterial,Mid-Block, ,No Control,Clear,Daylight,Dry,Fatal,Pedestrian Collisions,Pedestrian,65 to 69,Fatal,18,North,Other, , , ,Pedestrian hit at mid-block,"Crossing, no Traffic Control",Normal, , , ,1,0,1,0,0,0,0,0,0,0,0,0,0,1
1387882,2013,9,28,11,36,5,43.64904364,-79.36729059,Toronto Centre-Rosedale (28),28,Waterfront Communities-The Island (77),77,D51,Toronto East York,LOWER SHERBOURNE Stre,THE ESPLANADE, ,Minor Arterial,Intersection, ,Traffic Signal,Clear,Daylight,Dry,Non-Fatal Injury,Pedestrian Collisions,Driver,75 to 79,None,0,West,"Automobile, Station Wagon",Turning Left,Failed to Yield Right of Way,Inattentive, , , , , , ,1,0,1,0,0,0,0,0,0,1,0,0,0,0
1387882,2013,9,28,11,36,5,43.64904364,-79.36729059,Toronto Centre-Rosedale (28),28,Waterfront Communities-The Island (77),77,D51,Toronto East York,LOWER SHERBOURNE Stre,THE ESPLANADE, ,Minor Arterial,Intersection, ,Traffic Signal,Clear,Daylight,Dry,Non-Fatal Injury,Pedestrian Collisions,Pedestrian,80 to 84,Major,0,East,Other, , , ,Vehicle turns left while ped crosses with ROW at inter.,Crossing with right of way,Normal, , , ,1,0,1,0,0,0,0,0,0,1,0,0,0,0
5001332825,2015,8,4,11,36,1,43.71534689,-79.47956476,York South-Weston (12),12,Maple Leaf (29),29,D12,Etobicoke York,KEELE STREET,MAPLE LEAF DRIVE,40 m North of,Major Arterial,Mid-Block,Non Intersection,No Control,Clear,Daylight,Dry,Fatal,Sideswipe,Driver,85 to 89,Fatal,37,North,"Automobile, Station Wagon",Going Ahead,Lost control,Normal, , , , , , ,0,0,1,0,1,0,0,1,0,0,0,0,0,1
5001332825,2015,8,4,11,36,1,43.71534689,-79.47956476,York South-Weston (12),12,Maple Leaf (29),29,D12,Etobicoke York,KEELE STREET,MAPLE LEAF DRIVE,40 m North of,Major Arterial,Mid-Block,Non Intersection,No Control,Clear,Daylight,Dry,Fatal,Sideswipe,Truck Driver,35 to 39,None,0,North,Truck (other),Stopped,Driving Properly,Normal, , , , , , ,0,0,1,0,1,0,0,1,0,0,0,0,0,1
5001332825,2015,8,4,11,36,1,43.71534689,-79.47956476,York South-Weston (12),12,Maple Leaf (29),29,D12,Etobicoke York,KEELE STREET,MAPLE LEAF DRIVE,40 m North of,Major Arterial,Mid-Block,Non Intersection,No Control,Clear,Daylight,Dry,Fatal,Sideswipe,Passenger,80 to 84,Minor,0, , , , , , , , , , , ,0,0,1,0,1,0,0,1,0,0,0,0,0,1
1067454,2008,10,31,11,37,4,43.60604538,-79.54709029,Etobicoke-Lakeshore (6),6,Alderwood (20),20,D22,Etobicoke York,VALERMO DR,BROWNS LINE Driv, ,Major Arterial,Intersection,At Intersection,Traffic Signal,Clear,Daylight,Dry,Non-Fatal Injury,Pedestrian Collisions,Vehicle Owner,unknown, ,0, ,Other, , , , , , , , , ,1,0,1,0,0,0,0,0,0,0,0,0,0,0
1067454,2008,10,31,11,37,4,43.60604538,-79.54709029,Etobicoke-Lakeshore (6),6,Alderwood (20),20,D22,Etobicoke York,VALERMO DR,BROWNS LINE Driv, ,Major Arterial,Intersection,At Intersection,Traffic Signal,Clear,Daylight,Dry,Non-Fatal Injury,Pedestrian Collisions,Driver,40 to 44,None,0,South,"Automobile, Station Wagon",Going Ahead,Driving Properly,Normal, , , , , , ,1,0,1,0,0,0,0,0,0,0,0,0,0,0
1097106,2009,3,10,11,56,1,43.66744574,-79.3433877,Toronto-Danforth (30),30,South Riverdale (70),70,D55,Toronto East York,GERRARD St E,CARLAW Ave, ,Minor Arterial,Mid-Block, ,No Control,Clear,Daylight,Dry,Non-Fatal Injury,Cyclist Collisions,Driver,50 to 54,None,0,West,"Automobile, Station Wagon",Parked,Other,Inattentive, , , , , , ,0,1,1,0,0,0,0,0,0,0,0,0,0,0
1067454,2008,10,31,11,37,4,43.60604538,-79.54709029,Etobicoke-Lakeshore (6),6,Alderwood (20),20,D22,Etobicoke York,VALERMO DR,BROWNS LINE Driv, ,Major Arterial,Intersection,At Intersection,Traffic Signal,Clear,Daylight,Dry,Non-Fatal Injury,Pedestrian Collisions,Pedestrian,10 to 14,Minimal,0,West,Other, , , ,Vehicle is going straight thru inter.while ped cross without ROW,Crossing without right of way,Normal, , , ,1,0,1,0,0,0,0,0,0,0,0,0,0,0
1067454,2008,10,31,11,37,4,43.60604538,-79.54709029,Etobicoke-Lakeshore (6),6,Alderwood (20),20,D22,Etobicoke York,VALERMO DR,BROWNS LINE Driv, ,Major Arterial,Intersection,At Intersection,Traffic Signal,Clear,Daylight,Dry,Non-Fatal Injury,Pedestrian Collisions,Pedestrian,40 to 44,Major,0,West,Other, , , ,Vehicle is going straight thru inter.while ped cross without ROW,Crossing without right of way,Normal, , , ,1,0,1,0,0,0,0,0,0,0,0,0,0,0
1114902,2009,7,18,11,37,5,43.69274538,-79.31589029,Beaches-East York (31),31,Danforth East York (59),59,D54,Toronto East York,WOODBINE AVE,MORTIMER AVE, ,Major Arterial,Intersection,At Intersection,Traffic Signal,Clear,Daylight,Dry,Fatal,Pedestrian Collisions,Passenger,20 to 24,None,0, ,Other, , , , , , , , , ,1,0,1,0,0,0,0,1,0,0,0,0,0,1
1114902,2009,7,18,11,37,5,43.69274538,-79.31589029,Beaches-East York (31),31,Danforth East York (59),59,D54,Toronto East York,WOODBINE AVE,MORTIMER AVE, ,Major Arterial,Intersection,At Intersection,Traffic Signal,Clear,Daylight,Dry,Fatal,Pedestrian Collisions,Vehicle Owner,unknown, ,0, ,Other, , , , , , , , , ,1,0,1,0,0,0,0,1,0,0,0,0,0,1
1114902,2009,7,18,11,37,5,43.69274538,-79.31589029,Beaches-East York (31),31,Danforth East York (59),59,D54,Toronto East York,WOODBINE AVE,MORTIMER AVE, ,Major Arterial,Intersection,At Intersection,Traffic Signal,Clear,Daylight,Dry,Fatal,Pedestrian Collisions,Driver,40 to 44,None,0,South,"Automobile, Station Wagon",Going Ahead,Driving Properly,Unknown, , , , , , ,1,0,1,0,0,0,0,1,0,0,0,0,0,1
1114902,2009,7,18,11,37,5,43.69274538,-79.31589029,Beaches-East York (31),31,Danforth East York (59),59,D54,Toronto East York,WOODBINE AVE,MORTIMER AVE, ,Major Arterial,Intersection,At Intersection,Traffic Signal,Clear,Daylight,Dry,Fatal,Pedestrian Collisions,Pedestrian,85 to 89,Fatal,20,West,Other, , , ,Vehicle is going straight thru inter.while ped cross without ROW,Crossing without right of way,Inattentive, , , ,1,0,1,0,0,0,0,1,0,0,0,0,0,1
6000092951,2016,1,16,11,37,5,43.65291556,-79.40627679999999,Trinity-Spadina (19),19,Trinity-Bellwoods (81),81,D14,Toronto East York,BATHURST ST,DUNDAS ST W,57 m North of,Major Arterial,Mid-Block,Non Intersection,No Control,Clear,Daylight,Dry,Non-Fatal Injury,Turning Movement,Driver,35 to 39,Minimal,0,North,"Automobile, Station Wagon",Making U Turn,Improper Turn,Inattentive, , , , , , ,0,0,1,0,0,0,0,1,0,0,0,0,0,0
6000092951,2016,1,16,11,37,5,43.65291556,-79.40627679999999,Trinity-Spadina (19),19,Trinity-Bellwoods (81),81,D14,Toronto East York,BATHURST ST,DUNDAS ST W,57 m North of,Major Arterial,Mid-Block,Non Intersection,No Control,Clear,Daylight,Dry,Non-Fatal Injury,Turning Movement,Driver,35 to 39,None,0,North,Pick Up Truck,Going Ahead,Driving Properly,Normal, , , , , , ,0,0,1,0,0,0,0,1,0,0,0,0,0,0
6000092951,2016,1,16,11,37,5,43.65291556,-79.40627679999999,Trinity-Spadina (19),19,Trinity-Bellwoods (81),81,D14,Toronto East York,BATHURST ST,DUNDAS ST W,57 m North of,Major Arterial,Mid-Block,Non Intersection,No Control,Clear,Daylight,Dry,Non-Fatal Injury,Turning Movement,Passenger,25 to 29,Major,0, , , , , , , , , , , ,0,0,1,0,0,0,0,1,0,0,0,0,0,0
6000092951,2016,1,16,11,37,5,43.65291556,-79.40627679999999,Trinity-Spadina (19),19,Trinity-Bellwoods (81),81,D14,Toronto East York,BATHURST ST,DUNDAS ST W,57 m North of,Major Arterial,Mid-Block,Non Intersection,No Control,Clear,Daylight,Dry,Non-Fatal Injury,Turning Movement,Passenger,20 to 24,Minor,0, , , , , , , , , , , ,0,0,1,0,0,0,0,1,0,0,0,0,0,0
6000092951,2016,1,16,11,37,5,43.65291556,-79.40627679999999,Trinity-Spadina (19),19,Trinity-Bellwoods (81),81,D14,Toronto East York,BATHURST ST,DUNDAS ST W,57 m North of,Major Arterial,Mid-Block,Non Intersection,No Control,Clear,Daylight,Dry,Non-Fatal Injury,Turning Movement,Passenger,5 to 9,None,0, , , , , , , , , , , ,0,0,1,0,0,0,0,1,0,0,0,0,0,0
6000092951,2016,1,16,11,37,5,43.65291556,-79.40627679999999,Trinity-Spadina (19),19,Trinity-Bellwoods (81),81,D14,Toronto East York,BATHURST ST,DUNDAS ST W,57 m North of,Major Arterial,Mid-Block,Non Intersection,No Control,Clear,Daylight,Dry,Non-Fatal Injury,Turning Movement,Passenger,5 to 9,None,0, , , , , , , , , , , ,0,0,1,0,0,0,0,1,0,0,0,0,0,0
1040898,2008,5,30,11,38,4,43.74154538,-79.23449029,Scarborough Centre (38),38,Eglinton East (138),138,D43,Scarborough,331 TRUDELLE St, , ,Collector,Intersection, ,No Control,Rain,Daylight,Wet,Non-Fatal Injury,Pedestrian Collisions,Driver,50 to 54,Major,0,North,"Automobile, Station Wagon",Going Ahead,Lost control,Medical or Physical Disability, , , , , , ,1,0,1,0,0,0,0,0,1,1,0,0,1,0
1040898,2008,5,30,11,38,4,43.74154538,-79.23449029,Scarborough Centre (38),38,Eglinton East (138),138,D43,Scarborough,331 TRUDELLE St, , ,Collector,Intersection, ,No Control,Rain,Daylight,Wet,Non-Fatal Injury,Pedestrian Collisions,Other,unknown,Major,0, ,Other,Parked, , , , , , , , ,1,0,1,0,0,0,0,0,1,1,0,0,1,0
1040898,2008,5,30,11,38,4,43.74154538,-79.23449029,Scarborough Centre (38),38,Eglinton East (138),138,D43,Scarborough,331 TRUDELLE St, , ,Collector,Intersection, ,No Control,Rain,Daylight,Wet,Non-Fatal Injury,Pedestrian Collisions,Pedestrian,10 to 14,Major,0,Unknown,Other,Other, , ,Pedestrian hit on sidewalk or shoulder,On Sidewalk or Shoulder,Normal, , , ,1,0,1,0,0,0,0,0,1,1,0,0,1,0
1357499,2013,4,24,11,38,2,43.81114538,-79.36079029,Willowdale (24),24,Hillcrest Village (48),48,D33,North York,STEELES AVE E,DON MILLS RD, ,Major Arterial,Intersection,At Intersection,Traffic Signal,Rain,Daylight,Wet,Non-Fatal Injury,Angle,Passenger,45 to 49,Major,0, ,Other, , , , , , , , , ,0,0,1,0,0,0,0,1,0,1,1,0,0,0
1357499,2013,4,24,11,38,2,43.81114538,-79.36079029,Willowdale (24),24,Hillcrest Village (48),48,D33,North York,STEELES AVE E,DON MILLS RD, ,Major Arterial,Intersection,At Intersection,Traffic Signal,Rain,Daylight,Wet,Non-Fatal Injury,Angle,Driver,45 to 49,Minor,0,South,"Automobile, Station Wagon",Going Ahead,Driving Properly,Normal, , , , , , ,0,0,1,0,0,0,0,1,0,1,1,0,0,0
1357499,2013,4,24,11,38,2,43.81114538,-79.36079029,Willowdale (24),24,Hillcrest Village (48),48,D33,North York,STEELES AVE E,DON MILLS RD, ,Major Arterial,Intersection,At Intersection,Traffic Signal,Rain,Daylight,Wet,Non-Fatal Injury,Angle,Driver,20 to 24,Minor,0,East,"Automobile, Station Wagon",Going Ahead,Disobeyed Traffic Control,Inattentive, , , , , , ,0,0,1,0,0,0,0,1,0,1,1,0,0,0
4003078638,2014,10,10,11,38,4,43.63791235,-79.4469491,Parkdale-High Park (14),14,South Parkdale (85),85,D11,Toronto East York,F G GARDINER XY  W,PARKSIDE DR, ,Expressway,Mid-Block,Non Intersection,No Control,Clear,Daylight,Dry,Non-Fatal Injury,Pedestrian Collisions,Pedestrian,35 to 39,Major,0,Unknown, , , , ,Pedestrian hit at mid-block,Other,Other, , , ,1,0,1,0,0,0,0,0,0,0,0,0,0,0
4003078638,2014,10,10,11,38,4,43.63791235,-79.4469491,Parkdale-High Park (14),14,South Parkdale (85),85,D11,Toronto East York,F G GARDINER XY  W,PARKSIDE DR, ,Expressway,Mid-Block,Non Intersection,No Control,Clear,Daylight,Dry,Non-Fatal Injury,Pedestrian Collisions,Driver,35 to 39,None,0,West,"Automobile, Station Wagon",Going Ahead,Driving Properly,Normal, , , , , , ,1,0,1,0,0,0,0,0,0,0,0,0,0,0
7003278373,2017,12,28,11,38,3,43.64876938,-79.52871329,Etobicoke-Lakeshore (5),5,Islington-City Centre West (14),14,D22,Etobicoke York,DUNDAS ST W,CORDOVA AV, ,Major Arterial,Intersection,Intersection Related,Traffic Signal,Clear,Daylight,Wet,Non-Fatal Injury,Pedestrian Collisions,Driver,70 to 74,None,0,West,"Automobile, Station Wagon",Turning Left,Failed to Yield Right of Way,Normal, , , , , , ,1,0,1,0,0,0,0,0,0,1,0,0,0,0
7003278373,2017,12,28,11,38,3,43.64876938,-79.52871329,Etobicoke-Lakeshore (5),5,Islington-City Centre West (14),14,D22,Etobicoke York,DUNDAS ST W,CORDOVA AV, ,Major Arterial,Intersection,Intersection Related,Traffic Signal,Clear,Daylight,Wet,Non-Fatal Injury,Pedestrian Collisions,Pedestrian,0 to 4,Major,0, , , , , , , ,Normal, , , ,1,0,1,0,0,0,0,0,0,1,0,0,0,0
981582,2007,6,26,11,39,1,43.75074538,-79.38469029,Don Valley West (25),25,St.Andrew-Windfields (40),40,D33,North York,BAYVIEW AVE,SCENIC MILLWAY, ,Major Arterial,Intersection, ,No Control,Clear,Daylight,Dry,Non-Fatal Injury,Cyclist Collisions,Driver,55 to 59,None,0,North,"Automobile, Station Wagon",Overtaking,Driving Properly,Normal, , , , , , ,0,1,1,0,0,0,0,0,0,0,0,0,0,0
981582,2007,6,26,11,39,1,43.75074538,-79.38469029,Don Valley West (25),25,St.Andrew-Windfields (40),40,D33,North York,BAYVIEW AVE,SCENIC MILLWAY, ,Major Arterial,Intersection, ,No Control,Clear,Daylight,Dry,Non-Fatal Injury,Cyclist Collisions,Cyclist,70 to 74,Major,0,North,Bicycle,Going Ahead, , , , , ,Cyclist and Driver travelling in same direction. One vehicle sideswipes the other.,Lost control,Normal,0,1,1,0,0,0,0,0,0,0,0,0,0,0
7003233329,2017,12,20,11,39,2,43.65432699,-79.42266474,Trinity-Spadina (19),19,Trinity-Bellwoods (81),81,D14,Toronto East York,COLLEGE ST,OSSINGTON AVE, ,Major Arterial,Intersection,At Intersection,Traffic Signal,Other,Daylight,Other,Fatal,Cyclist Collisions,Cyclist,45 to 49,Fatal,60,West, ,Other, , , , , ,Insufficient information (to determine cyclist crash type).,Driving Properly,Other,0,1,0,0,0,0,0,0,0,0,0,0,0,1
7003233329,2017,12,20,11,39,2,43.65432699,-79.42266474,Trinity-Spadina (19),19,Trinity-Bellwoods (81),81,D14,Toronto East York,COLLEGE ST,OSSINGTON AVE, ,Major Arterial,Intersection,At Intersection,Traffic Signal,Other,Daylight,Other,Fatal,Cyclist Collisions,Truck Driver,50 to 54,None,0,West, ,Going Ahead,Driving Properly,Unknown, , , , , , ,0,1,0,0,0,0,0,0,0,0,0,0,0,1
948356,2007,1,6,11,40,5,43.76404538,-79.20559029,Scarborough East (43),43,Woburn (137),137,D43,Scarborough,LAWRENCE AVE E,ORTON PARK RD, ,Major Arterial,Intersection, ,Traffic Signal,Rain,Daylight,Wet,Non-Fatal Injury,Turning Movement,Vehicle Owner,unknown,None,0, ,Other, , , , , , , , , ,0,0,1,0,0,0,0,1,0,0,0,0,0,0
948356,2007,1,6,11,40,5,43.76404538,-79.20559029,Scarborough East (43),43,Woburn (137),137,D43,Scarborough,LAWRENCE AVE E,ORTON PARK RD, ,Major Arterial,Intersection, ,Traffic Signal,Rain,Daylight,Wet,Non-Fatal Injury,Turning Movement,Driver,40 to 44,Minor,0,West,"Automobile, Station Wagon",Going Ahead,Driving Properly,Normal, , , , , , ,0,0,1,0,0,0,0,1,0,0,0,0,0,0
948356,2007,1,6,11,40,5,43.76404538,-79.20559029,Scarborough East (43),43,Woburn (137),137,D43,Scarborough,LAWRENCE AVE E,ORTON PARK RD, ,Major Arterial,Intersection, ,Traffic Signal,Rain,Daylight,Wet,Non-Fatal Injury,Turning Movement,Passenger,35 to 39,Major,0, ,Other, , , , , , , , , ,0,0,1,0,0,0,0,1,0,0,0,0,0,0
948356,2007,1,6,11,40,5,43.76404538,-79.20559029,Scarborough East (43),43,Woburn (137),137,D43,Scarborough,LAWRENCE AVE E,ORTON PARK RD, ,Major Arterial,Intersection, ,Traffic Signal,Rain,Daylight,Wet,Non-Fatal Injury,Turning Movement,Driver,55 to 59,Minimal,0,East,"Automobile, Station Wagon",Turning Left,Improper Turn,Normal, , , , , , ,0,0,1,0,0,0,0,1,0,0,0,0,0,0
948356,2007,1,6,11,40,5,43.76404538,-79.20559029,Scarborough East (43),43,Woburn (137),137,D43,Scarborough,LAWRENCE AVE E,ORTON PARK RD, ,Major Arterial,Intersection, ,Traffic Signal,Rain,Daylight,Wet,Non-Fatal Injury,Turning Movement,Other Property Owner,unknown,None,0, ,Other, , , , , , , , , ,0,0,1,0,0,0,0,1,0,0,0,0,0,0
999384,2007,10,29,11,40,0,43.65374538,-79.34909029,Toronto-Danforth (30),30,South Riverdale (70),70,D55,Toronto East York,DON VALLEY PARKWAY  N,F G GARDINER XY  W, ,Expressway,Mid-Block,At Intersection,No Control,Clear,Daylight,Dry,Non-Fatal Injury,SMV Other,Vehicle Owner,unknown, ,0, ,Other, , , , , , , , , ,0,0,0,0,1,0,0,0,0,0,0,0,0,0
999384,2007,10,29,11,40,0,43.65374538,-79.34909029,Toronto-Danforth (30),30,South Riverdale (70),70,D55,Toronto East York,DON VALLEY PARKWAY  N,F G GARDINER XY  W, ,Expressway,Mid-Block,At Intersection,No Control,Clear,Daylight,Dry,Non-Fatal Injury,SMV Other,Truck Driver,25 to 29,Major,0,North,Truck - Open,Merging,Lost control,Inattentive, , , , , , ,0,0,0,0,1,0,0,0,0,0,0,0,0,0
1198891,2010,9,3,11,40,4,43.72744538,-79.26589029,Scarborough Southwest (35),35,Kennedy Park (124),124,D41,Scarborough,KENNEDY RD,MERRIAN RD, ,Major Arterial,Intersection,At Intersection,Traffic Signal,Rain,Daylight,Wet,Non-Fatal Injury,Angle,Driver,25 to 29,None,0,South,"Automobile, Station Wagon",Going Ahead,Disobeyed Traffic Control,Inattentive, , , , , , ,0,0,1,0,0,0,0,0,0,1,1,0,0,0