ACCNUM,YEAR,MONTH,DAY,HOUR,MINUTES,WEEKDAY,LATITUDE,LONGITUDE,Ward_Name,Ward_ID,Hood_Name,Hood_ID,Division,District,STREET1,STREET2,OFFSET,ROAD_CLASS,LOCCOORD,ACCLOC,TRAFFCTL,VISIBILITY,LIGHT,RDSFCOND,ACCLASS,IMPACTYPE,INVTYPE,INVAGE,INJURY,FATAL_NO,INITDIR,VEHTYPE,MANOEUVER,DRIVACT,DRIVCOND,PEDTYPE,PEDACT,PEDCOND,CYCLISTYPE,CYCACT,CYCCOND,PEDESTRIAN,CYCLIST,AUTOMOBILE,MOTORCYCLE,TRUCK,TRSN_CITY_VEH,EMERG_VEH,PASSENGER,SPEEDING,AG_DRIV,REDLIGHT,ALCOHOL,DISABILITY,FATAL
1277329,2012,1,26,9,3,3,43.69704538,-79.54669029,Etobicoke Centre (4),4,Kingsview Village-The Westway (6),6,D23,Etobicoke York,DIXON RD,ISLINGTON AVE, ,Major Arterial,Intersection,At Intersection,Traffic Signal,Clear,Daylight,Wet,Fatal,Turning Movement,Driver,70 to 74,Minor,0,East,"Automobile, Station Wagon",Turning Left,Failed to Yield Right of Way,Normal, , , , , , ,0,0,1,0,0,1,0,1,0,1,0,0,0,1
1277329,2012,1,26,9,3,3,43.69704538,-79.54669029,Etobicoke Centre (4),4,Kingsview Village-The Westway (6),6,D23,Etobicoke York,DIXON RD,ISLINGTON AVE, ,Major Arterial,Intersection,At Intersection,Traffic Signal,Clear,Daylight,Wet,Fatal,Turning Movement,Driver,65 to 69,Minor,0,West,"Automobile, Station Wagon",Going Ahead,Driving Properly,Normal, , , , , , ,0,0,1,0,0,1,0,1,0,1,0,0,0,1
5000264661,2015,2,14,9,3,5,43.81402167,-79.28829584,Scarborough-Rouge River (41),41,Milliken (130),130,D42,Scarborough,MCNICOLL AVE,BRAMBLEBROOK AVE,120 m West of,Minor Arterial,Mid-Block,Non Intersection,No Control,Snow,Daylight,Wet,Non-Fatal Injury,Approaching,Driver,55 to 59,Major,0,East,Passenger Van,Going Ahead,Lost control,Normal, , , , , , ,0,0,1,0,0,0,0,0,0,0,0,0,0,0
5000264661,2015,2,14,9,3,5,43.81402167,-79.28829584,Scarborough-Rouge River (41),41,Milliken (130),130,D42,Scarborough,MCNICOLL AVE,BRAMBLEBROOK AVE,120 m West of,Minor Arterial,Mid-Block,Non Intersection,No Control,Snow,Daylight,Wet,Non-Fatal Injury,Approaching,Driver,55 to 59,Minor,0,West,"Automobile, Station Wagon",Going Ahead,Driving Properly,Normal, , , , , , ,0,0,1,0,0,0,0,0,0,0,0,0,0,0
6001699155,2016,9,24,9,3,5,43.78527792,-79.27853022,Scarborough-Rouge River (41),41,Agincourt South-Malvern West (128),128,D42,Scarborough,MIDLAND AVE,SHEPPARD AVE E, ,Major Arterial,Intersection,At Intersection,Traffic Signal,Clear,Daylight,Dry,Non-Fatal Injury,Cyclist Collisions,Cyclist,10 to 14,Major,0,North,Bicycle,Going Ahead, , , , , ,Motorist turned left across cyclists path.,Other,Inattentive,0,1,1,0,0,0,0,1,0,0,0,0,0,0
6001699155,2016,9,24,9,3,5,43.78527792,-79.27853022,Scarborough-Rouge River (41),41,Agincourt South-Malvern West (128),128,D42,Scarborough,MIDLAND AVE,SHEPPARD AVE E, ,Major Arterial,Intersection,At Intersection,Traffic Signal,Clear,Daylight,Dry,Non-Fatal Injury,Cyclist Collisions,Driver,70 to 74,None,0,South,"Automobile, Station Wagon",Turning Left,Improper Turn,Inattentive, , , , , , ,0,1,1,0,0,0,0,1,0,0,0,0,0,0
6001699155,2016,9,24,9,3,5,43.78527792,-79.27853022,Scarborough-Rouge River (41),41,Agincourt South-Malvern West (128),128,D42,Scarborough,MIDLAND AVE,SHEPPARD AVE E, ,Major Arterial,Intersection,At Intersection,Traffic Signal,Clear,Daylight,Dry,Non-Fatal Injury,Cyclist Collisions,Passenger,70 to 74,None,0, , , , , , , , , , , ,0,1,1,0,0,0,0,1,0,0,0,0,0,0
1011434,2007,12,27,9,4,3,43.75904538,-79.22839029,Scarborough Centre (38),38,Woburn (137),137,D43,Scarborough,3495 LAWRENCE Aven E, , ,Major Arterial, , ,Traffic Signal,Clear,Daylight,Dry,Non-Fatal Injury,Pedestrian Collisions,Driver,55 to 59,None,0,East,"Automobile, Station Wagon",Going Ahead, , , , , , , , ,1,0,1,0,0,0,0,0,0,0,0,0,0,0
1011434,2007,12,27,9,4,3,43.75904538,-79.22839029,Scarborough Centre (38),38,Woburn (137),137,D43,Scarborough,3495 LAWRENCE Aven E, , ,Major Arterial, , ,Traffic Signal,Clear,Daylight,Dry,Non-Fatal Injury,Pedestrian Collisions,Pedestrian,80 to 84,Major,0, ,Other,Other, , , , , , , , ,1,0,1,0,0,0,0,0,0,0,0,0,0,0
1189933,2010,8,13,9,4,4,43.64884538,-79.38889029,Trinity-Spadina (20),20,Waterfront Communities-The Island (77),77,D52,Toronto East York,DUNCAN ST,NELSON ST, ,Collector,Intersection,At Intersection,Stop Sign,Clear,Daylight,Dry,Non-Fatal Injury,Angle,Driver,35 to 39,None,0,East,"Automobile, Station Wagon",Going Ahead,Disobeyed Traffic Control,Inattentive, , , , , , ,0,0,1,0,0,0,0,0,0,1,0,0,0,0
1189933,2010,8,13,9,4,4,43.64884538,-79.38889029,Trinity-Spadina (20),20,Waterfront Communities-The Island (77),77,D52,Toronto East York,DUNCAN ST,NELSON ST, ,Collector,Intersection,At Intersection,Stop Sign,Clear,Daylight,Dry,Non-Fatal Injury,Angle,Driver,45 to 49,Major,0,South,Other,Going Ahead,Driving Properly,Unknown, , , , , , ,0,0,1,0,0,0,0,0,0,1,0,0,0,0
6001466377,2016,8,19,9,4,4,43.79315146,-79.35227595,Don Valley East (33),33,Don Valley Village (47),47,D33,North York,FINCH AVE E,SKYMARK DR, ,Major Arterial,Intersection,Intersection Related,Traffic Signal,Clear,Daylight,Dry,Fatal,Pedestrian Collisions,Pedestrian,80 to 84,Fatal,53,North, , , , ,Pedestrian hit at mid-block,"Crossing, no Traffic Control",Other, , , ,1,0,1,0,0,0,0,1,0,0,0,0,0,1
6001466377,2016,8,19,9,4,4,43.79315146,-79.35227595,Don Valley East (33),33,Don Valley Village (47),47,D33,North York,FINCH AVE E,SKYMARK DR, ,Major Arterial,Intersection,Intersection Related,Traffic Signal,Clear,Daylight,Dry,Fatal,Pedestrian Collisions,Driver,65 to 69, ,0,South,Pick Up Truck,Turning Left,Driving Properly,Normal, , , , , , ,1,0,1,0,0,0,0,1,0,0,0,0,0,1
6001466377,2016,8,19,9,4,4,43.79315146,-79.35227595,Don Valley East (33),33,Don Valley Village (47),47,D33,North York,FINCH AVE E,SKYMARK DR, ,Major Arterial,Intersection,Intersection Related,Traffic Signal,Clear,Daylight,Dry,Fatal,Pedestrian Collisions,Passenger,10 to 14, ,0, , , , , , , , , , , ,1,0,1,0,0,0,0,1,0,0,0,0,0,1
949432,2007,1,4,9,5,3,43.75204538,-79.54239029,York West (7),7,Humbermede (22),22,D31,Etobicoke York,FINCH AVE W,WESTON RD, ,Major Arterial,Intersection,At Intersection,Traffic Signal,Clear,Daylight,Dry,Non-Fatal Injury,Pedestrian Collisions,Driver,70 to 74,None,0,South,"Automobile, Station Wagon",Turning Left,Failed to Yield Right of Way,Normal, , , , , , ,1,0,1,0,0,0,0,0,0,1,0,0,0,0
949432,2007,1,4,9,5,3,43.75204538,-79.54239029,York West (7),7,Humbermede (22),22,D31,Etobicoke York,FINCH AVE W,WESTON RD, ,Major Arterial,Intersection,At Intersection,Traffic Signal,Clear,Daylight,Dry,Non-Fatal Injury,Pedestrian Collisions,Pedestrian,55 to 59,Major,0,North,Other, , , ,Vehicle turns left while ped crosses with ROW at inter.,Crossing with right of way,Normal, , , ,1,0,1,0,0,0,0,0,0,1,0,0,0,0
1025897,2008,2,20,9,5,2,43.65424538,-79.36689029,Toronto Centre-Rosedale (28),28,Moss Park (73),73,D51,Toronto East York,ONTARIO ST,RICHMOND ST E, ,Local,Mid-Block,At Intersection,No Control,Clear,Daylight,Ice,Non-Fatal Injury,Pedestrian Collisions,Driver,50 to 54,None,0,South,"Automobile, Station Wagon",Reversing,Failed to Yield Right of Way,Normal, , , , , , ,1,0,1,0,0,0,0,0,0,1,0,0,0,0
1025897,2008,2,20,9,5,2,43.65424538,-79.36689029,Toronto Centre-Rosedale (28),28,Moss Park (73),73,D51,Toronto East York,ONTARIO ST,RICHMOND ST E, ,Local,Mid-Block,At Intersection,No Control,Clear,Daylight,Ice,Non-Fatal Injury,Pedestrian Collisions,Pedestrian,25 to 29,Major,0,East,Other, , , ,Vehicle is reversing and hits pedestrian,"Crossing, no Traffic Control",Normal, , , ,1,0,1,0,0,0,0,0,0,1,0,0,0,0
1092879,2009,2,5,9,5,3,43.74974538,-79.37879029,Don Valley West (25),25,St.Andrew-Windfields (40),40,D33,North York,YORK MILLS RD,HARRISON RD, ,Major Arterial,Intersection,At Intersection,Traffic Signal,Clear,Daylight,Dry,Non-Fatal Injury,Pedestrian Collisions,Vehicle Owner,unknown, ,0, ,Other, , , , , , , , , ,1,0,1,0,0,0,0,0,0,0,0,0,0,0
1092879,2009,2,5,9,5,3,43.74974538,-79.37879029,Don Valley West (25),25,St.Andrew-Windfields (40),40,D33,North York,YORK MILLS RD,HARRISON RD, ,Major Arterial,Intersection,At Intersection,Traffic Signal,Clear,Daylight,Dry,Non-Fatal Injury,Pedestrian Collisions,Driver,35 to 39,None,0,South,"Automobile, Station Wagon",Turning Left,Improper Turn,Normal, , , , , , ,1,0,1,0,0,0,0,0,0,0,0,0,0,0
1092879,2009,2,5,9,5,3,43.74974538,-79.37879029,Don Valley West (25),25,St.Andrew-Windfields (40),40,D33,North York,YORK MILLS RD,HARRISON RD, ,Major Arterial,Intersection,At Intersection,Traffic Signal,Clear,Daylight,Dry,Non-Fatal Injury,Pedestrian Collisions,Pedestrian,20 to 24,Major,0,North,Other, , , ,Vehicle turns left while ped crosses with ROW at inter.,Crossing with right of way,Normal, , , ,1,0,1,0,0,0,0,0,0,0,0,0,0,0
1197349,2010,7,29,9,5,3,43.65084538,-79.38659029,Toronto Centre-Rosedale (28),28,Bay Street Corridor (76),76,D52,Toronto East York,UNIVERSITY AVE,QUEEN ST W, ,Major Arterial,Intersection,At Intersection,Traffic Signal,Clear,Daylight,Dry,Non-Fatal Injury,Cyclist Collisions,Driver,50 to 54,None,0,North,"Automobile, Station Wagon",Going Ahead,Disobeyed Traffic Control,Inattentive, , , , , , ,0,1,1,0,0,0,0,0,0,1,1,0,0,0
1197349,2010,7,29,9,5,3,43.65084538,-79.38659029,Toronto Centre-Rosedale (28),28,Bay Street Corridor (76),76,D52,Toronto East York,UNIVERSITY AVE,QUEEN ST W, ,Major Arterial,Intersection,At Intersection,Traffic Signal,Clear,Daylight,Dry,Non-Fatal Injury,Cyclist Collisions,Cyclist,35 to 39,Major,0,West,Bicycle,Going Ahead, , , , , ,"Motorist without ROW drives into path of cyclist at inter, lnwy, dwy-Driver not turn.",Disobeyed Traffic Control,Inattentive,0,1,1,0,0,0,0,0,0,1,1,0,0,0
1298747,2012,6,13,9,5,2,43.74454538,-79.29829029,Scarborough Centre (37),37,Wexford/Maryvale (119),119,D41,Scarborough,LAWRENCE AVE E,TOWER DR, ,Major Arterial,Intersection,At Intersection,No Control,Clear,Daylight,Dry,Non-Fatal Injury,Turning Movement,Vehicle Owner,unknown, ,0, ,Other, , , , , , , , , ,0,0,1,0,0,1,0,1,0,1,0,0,0,0
1298747,2012,6,13,9,5,2,43.74454538,-79.29829029,Scarborough Centre (37),37,Wexford/Maryvale (119),119,D41,Scarborough,LAWRENCE AVE E,TOWER DR, ,Major Arterial,Intersection,At Intersection,No Control,Clear,Daylight,Dry,Non-Fatal Injury,Turning Movement,Driver,40 to 44,Major,0,East,"Automobile, Station Wagon",Turning Left,Failed to Yield Right of Way,Inattentive, , , , , , ,0,0,1,0,0,1,0,1,0,1,0,0,0,0
1298747,2012,6,13,9,5,2,43.74454538,-79.29829029,Scarborough Centre (37),37,Wexford/Maryvale (119),119,D41,Scarborough,LAWRENCE AVE E,TOWER DR, ,Major Arterial,Intersection,At Intersection,No Control,Clear,Daylight,Dry,Non-Fatal Injury,Turning Movement,Passenger,20 to 24,Minor,0, ,Other, , , , , , , , , ,0,0,1,0,0,1,0,1,0,1,0,0,0,0
1298747,2012,6,13,9,5,2,43.74454538,-79.29829029,Scarborough Centre (37),37,Wexford/Maryvale (119),119,D41,Scarborough,LAWRENCE AVE E,TOWER DR, ,Major Arterial,Intersection,At Intersection,No Control,Clear,Daylight,Dry,Non-Fatal Injury,Turning Movement,Vehicle Owner,unknown, ,0, ,Other, , , , , , , , , ,0,0,1,0,0,1,0,1,0,1,0,0,0,0
1298747,2012,6,13,9,5,2,43.74454538,-79.29829029,Scarborough Centre (37),37,Wexford/Maryvale (119),119,D41,Scarborough,LAWRENCE AVE E,TOWER DR, ,Major Arterial,Intersection,At Intersection,No Control,Clear,Daylight,Dry,Non-Fatal Injury,Turning Movement,Vehicle Owner,unknown, ,0, ,Other, , , , , , , , , ,0,0,1,0,0,1,0,1,0,1,0,0,0,0
1338700,2013,2,2,10,41,5,43.71194418,-79.27019129,Scarborough Southwest (35),35,Clairlea-Birchmount (120),120,D41,Scarborough,550 BIRCHMOUNT RD, , ,Minor Arterial,Mid-Block, ,No Control,Snow,Daylight,Wet,Fatal,Pedestrian Collisions,Driver,55 to 59,None,0,East,"Automobile, Station Wagon",Turning Left,Failed to Yield Right of Way,Inattentive, , , , , , ,1,0,1,0,0,0,0,0,0,1,0,0,0,1
1338700,2013,2,2,10,41,5,43.71194418,-79.27019129,Scarborough Southwest (35),35,Clairlea-Birchmount (120),120,D41,Scarborough,550 BIRCHMOUNT RD, , ,Minor Arterial,Mid-Block, ,No Control,Snow,Daylight,Wet,Fatal,Pedestrian Collisions,Pedestrian,65 to 69,Fatal,4,South, , , , ,Pedestrian hit at private driveway,Crossing with right of way,Normal, , , ,1,0,1,0,0,0,0,0,0,1,0,0,0,1
967741,2007,4,14,10,42,5,43.75664538,-79.31479029,Scarborough Centre (37),37,Wexford/Maryvale (119),119,D41,Scarborough,VICTORIA PARK AVE,COMBERMERE DR, ,Major Arterial,Mid-Block, ,No Control,Clear,Daylight,Dry,Non-Fatal Injury,Rear End,Vehicle Owner,unknown,None,0, ,Other, , , , , , , , , ,0,0,1,0,0,0,0,1,0,1,0,0,0,0
967741,2007,4,14,10,42,5,43.75664538,-79.31479029,Scarborough Centre (37),37,Wexford/Maryvale (119),119,D41,Scarborough,VICTORIA PARK AVE,COMBERMERE DR, ,Major Arterial,Mid-Block, ,No Control,Clear,Daylight,Dry,Non-Fatal Injury,Rear End,Driver,30 to 34,None,0,South,"Automobile, Station Wagon",Going Ahead,Following too Close,Normal, , , , , , ,0,0,1,0,0,0,0,1,0,1,0,0,0,0
967741,2007,4,14,10,42,5,43.75664538,-79.31479029,Scarborough Centre (37),37,Wexford/Maryvale (119),119,D41,Scarborough,VICTORIA PARK AVE,COMBERMERE DR, ,Major Arterial,Mid-Block, ,No Control,Clear,Daylight,Dry,Non-Fatal Injury,Rear End,Driver,55 to 59,Minimal,0,South,"Automobile, Station Wagon",Stopped,Driving Properly,Normal, , , , , , ,0,0,1,0,0,0,0,1,0,1,0,0,0,0
967741,2007,4,14,10,42,5,43.75664538,-79.31479029,Scarborough Centre (37),37,Wexford/Maryvale (119),119,D41,Scarborough,VICTORIA PARK AVE,COMBERMERE DR, ,Major Arterial,Mid-Block, ,No Control,Clear,Daylight,Dry,Non-Fatal Injury,Rear End,Passenger,50 to 54,Minor,0, ,Other, , , , , , , , , ,0,0,1,0,0,0,0,1,0,1,0,0,0,0
967741,2007,4,14,10,42,5,43.75664538,-79.31479029,Scarborough Centre (37),37,Wexford/Maryvale (119),119,D41,Scarborough,VICTORIA PARK AVE,COMBERMERE DR, ,Major Arterial,Mid-Block, ,No Control,Clear,Daylight,Dry,Non-Fatal Injury,Rear End,Driver,55 to 59,Major,0,South,"Automobile, Station Wagon",Stopped,Driving Properly,Normal, , , , , , ,0,0,1,0,0,0,0,1,0,1,0,0,0,0
1092352,2009,3,3,10,42,1,43.68834538,-79.41389029,St. Paul's (21),21,Forest Hill South (101),101,D13,Toronto East York,RELMAR RD,LONSDALE RD, ,Local,Intersection,At Intersection,Stop Sign,Clear,Daylight,Dry,Non-Fatal Injury,Pedestrian Collisions,Vehicle Owner,unknown, ,0, ,Other, , , , , , , , , ,1,0,1,0,0,0,0,0,0,1,0,0,0,0
1092352,2009,3,3,10,42,1,43.68834538,-79.41389029,St. Paul's (21),21,Forest Hill South (101),101,D13,Toronto East York,RELMAR RD,LONSDALE RD, ,Local,Intersection,At Intersection,Stop Sign,Clear,Daylight,Dry,Non-Fatal Injury,Pedestrian Collisions,Driver,45 to 49,None,0,South,"Automobile, Station Wagon",Turning Left,Disobeyed Traffic Control,Inattentive, , , , , , ,1,0,1,0,0,0,0,0,0,1,0,0,0,0
1092352,2009,3,3,10,42,1,43.68834538,-79.41389029,St. Paul's (21),21,Forest Hill South (101),101,D13,Toronto East York,RELMAR RD,LONSDALE RD, ,Local,Intersection,At Intersection,Stop Sign,Clear,Daylight,Dry,Non-Fatal Injury,Pedestrian Collisions,Pedestrian,85 to 89,Major,0, ,Other,Other, , ,Vehicle turns left while ped crosses with ROW at inter.,Crossing with right of way,Normal, , , ,1,0,1,0,0,0,0,0,0,1,0,0,0,0
1295059,2012,3,28,10,43,2,43.65384538,-79.44119029,Davenport (18),18,Dufferin Grove (83),83,D11,Toronto East York,LANSDOWNE Aven,WHYTOCK Aven, ,Minor Arterial,Intersection,At Intersection,Stop Sign,Clear,Daylight,Dry,Non-Fatal Injury,Turning Movement,Vehicle Owner,unknown, ,0, ,Other, , , , , , , , , ,0,0,1,0,0,0,0,0,0,1,0,0,0,0
1295059,2012,3,28,10,43,2,43.65384538,-79.44119029,Davenport (18),18,Dufferin Grove (83),83,D11,Toronto East York,LANSDOWNE Aven,WHYTOCK Aven, ,Minor Arterial,Intersection,At Intersection,Stop Sign,Clear,Daylight,Dry,Non-Fatal Injury,Turning Movement,Driver,15 to 19,Minor,0,South,"Automobile, Station Wagon",Going Ahead,Driving Properly,Normal, , , , , , ,0,0,1,0,0,0,0,0,0,1,0,0,0,0
1295059,2012,3,28,10,43,2,43.65384538,-79.44119029,Davenport (18),18,Dufferin Grove (83),83,D11,Toronto East York,LANSDOWNE Aven,WHYTOCK Aven, ,Minor Arterial,Intersection,At Intersection,Stop Sign,Clear,Daylight,Dry,Non-Fatal Injury,Turning Movement,Driver,70 to 74,Major,0,East,"Automobile, Station Wagon",Turning Left,Failed to Yield Right of Way,Normal, , , , , , ,0,0,1,0,0,0,0,0,0,1,0,0,0,0
4001460471,2014,2,3,10,43,0,43.68151816,-79.46743403,York South-Weston (12),12,Keelesdale-Eglinton West (110),110,D12,Etobicoke York,OLD WESTON RD,ROGERS RD, ,Minor Arterial,Mid-Block,Non Intersection,No Control,Clear,Daylight,Dry,Non-Fatal Injury,Cyclist Collisions,Driver,25 to 29,None,0,South,"Automobile, Station Wagon",Going Ahead,Driving Properly,Normal, , , , , , ,0,1,1,0,0,0,0,0,0,0,0,0,0,0
4001460471,2014,2,3,10,43,0,43.68151816,-79.46743403,York South-Weston (12),12,Keelesdale-Eglinton West (110),110,D12,Etobicoke York,OLD WESTON RD,ROGERS RD, ,Minor Arterial,Mid-Block,Non Intersection,No Control,Clear,Daylight,Dry,Non-Fatal Injury,Cyclist Collisions,Cyclist,50 to 54,Major,0,West,Bicycle,Other, , , , , ,Cyclist rode off sidewalk into road at midblock.,Other,Inattentive,0,1,1,0,0,0,0,0,0,0,0,0,0,0
976441,2007,5,20,10,44,6,43.74364538,-79.60389029,Etobicoke North (1),1,West Humber-Clairville (1),1,D23,Etobicoke York,ALBION RD,WESTMORE DR, ,Major Arterial,Intersection,At Intersection,Traffic Controller,Clear,Daylight,Dry,Non-Fatal Injury,Turning Movement,Driver,35 to 39,Major,0,East,"Automobile, Station Wagon",Going Ahead,Improper Turn,Normal, , , , , , ,0,0,1,0,0,0,0,0,0,0,0,0,0,0
976441,2007,5,20,10,44,6,43.74364538,-79.60389029,Etobicoke North (1),1,West Humber-Clairville (1),1,D23,Etobicoke York,ALBION RD,WESTMORE DR, ,Major Arterial,Intersection,At Intersection,Traffic Controller,Clear,Daylight,Dry,Non-Fatal Injury,Turning Movement,Driver,15 to 19,Minimal,0,West,"Automobile, Station Wagon",Turning Left,Improper Turn,Normal, , , , , , ,0,0,1,0,0,0,0,0,0,0,0,0,0,0
976441,2007,5,20,10,44,6,43.74364538,-79.60389029,Etobicoke North (1),1,West Humber-Clairville (1),1,D23,Etobicoke York,ALBION RD,WESTMORE DR, ,Major Arterial,Intersection,At Intersection,Traffic Controller,Clear,Daylight,Dry,Non-Fatal Injury,Turning Movement,Vehicle Owner,unknown,None,0, ,Other, , , , , , , , , ,0,0,1,0,0,0,0,0,0,0,0,0,0,0
976441,2007,5,20,10,44,6,43.74364538,-79.60389029,Etobicoke North (1),1,West Humber-Clairville (1),1,D23,Etobicoke York,ALBION RD,WESTMORE DR, ,Major Arterial,Intersection,At Intersection,Traffic Controller,Clear,Daylight,Dry,Non-Fatal Injury,Turning Movement,Driver,40 to 44,Minor,0,East,"Automobile, Station Wagon",Going Ahead,Driving Properly,Normal, , , , , , ,0,0,1,0,0,0,0,0,0,0,0,0,0,0
1304249,2012,5,26,10,44,5,43.70794538,-79.42709029,St. Paul's (21),21,Forest Hill North (102),102,D13,Toronto East York,BATHURST St,BRIAR HILL Ave, ,Major Arterial,Intersection,At Intersection,Traffic Signal,Clear,Daylight,Dry,Non-Fatal Injury,Rear End,Motorcycle Driver,20 to 24,Major,0,South,Motorcycle,Going Ahead,Lost control,Normal, , , , , , ,0,0,1,1,0,0,0,0,0,0,0,0,0,0
1304249,2012,5,26,10,44,5,43.70794538,-79.42709029,St. Paul's (21),21,Forest Hill North (102),102,D13,Toronto East York,BATHURST St,BRIAR HILL Ave, ,Major Arterial,Intersection,At Intersection,Traffic Signal,Clear,Daylight,Dry,Non-Fatal Injury,Rear End,Driver,50 to 54,None,0,South,"Automobile, Station Wagon",Stopped,Driving Properly,Normal, , , , , , ,0,0,1,1,0,0,0,0,0,0,0,0,0,0
1317668,2012,9,30,10,44,6,43.69764538,-79.44089029,Eglinton-Lawrence (15),15,Oakwood Village (107),107,D13,North York,EGLINTON Ave W,ALAMEDA Ave, ,Major Arterial,Mid-Block, ,No Control,Clear,Daylight,Dry,Non-Fatal Injury,Pedestrian Collisions,Driver,35 to 39,None,0,West,"Automobile, Station Wagon",Going Ahead,Driving Properly,Normal, , , , , , ,1,0,1,0,0,0,0,0,0,0,0,0,0,0
1317668,2012,9,30,10,44,6,43.69764538,-79.44089029,Eglinton-Lawrence (15),15,Oakwood Village (107),107,D13,North York,EGLINTON Ave W,ALAMEDA Ave, ,Major Arterial,Mid-Block, ,No Control,Clear,Daylight,Dry,Non-Fatal Injury,Pedestrian Collisions,Pedestrian,20 to 24,Major,0,North,Other, , , ,Pedestrian hit at mid-block,"Crossing, no Traffic Control",Inattentive, , , ,1,0,1,0,0,0,0,0,0,0,0,0,0,0
982822,2007,7,6,10,45,4,43.84844538,-79.19929029,Scarborough-Rouge River (42),42,Rouge (131),131,D42,Scarborough,STEELES AVE E,REESOR RD, ,Minor Arterial,Intersection,At Intersection,Traffic Signal,Clear,Daylight,Dry,Non-Fatal Injury,Turning Movement,Driver,25 to 29,Minor,0,East,"Automobile, Station Wagon",Turning Left,Improper Turn,Normal, , , , , , ,0,0,1,0,0,0,0,0,1,1,0,0,0,0
982822,2007,7,6,10,45,4,43.84844538,-79.19929029,Scarborough-Rouge River (42),42,Rouge (131),131,D42,Scarborough,STEELES AVE E,REESOR RD, ,Minor Arterial,Intersection,At Intersection,Traffic Signal,Clear,Daylight,Dry,Non-Fatal Injury,Turning Movement,Driver,25 to 29,Major,0,West,"Automobile, Station Wagon",Going Ahead,Driving Properly,Normal, , , , , , ,0,0,1,0,0,0,0,0,1,1,0,0,0,0
1099856,2009,4,17,10,45,4,43.67404538,-79.46319029,Davenport (17),17,Weston-Pellam Park (91),91,D12,Etobicoke York,TOWNSLEY ST,OLD WESTON RD, ,Local,Intersection, ,Stop Sign,Clear,Daylight,Dry,Fatal,Pedestrian Collisions,Driver,20 to 24,None,0,East,"Automobile, Station Wagon",Reversing,Other,Normal, , , , , , ,1,0,1,0,0,0,0,0,0,0,0,0,0,1
1099856,2009,4,17,10,45,4,43.67404538,-79.46319029,Davenport (17),17,Weston-Pellam Park (91),91,D12,Etobicoke York,TOWNSLEY ST,OLD WESTON RD, ,Local,Intersection, ,Stop Sign,Clear,Daylight,Dry,Fatal,Pedestrian Collisions,Pedestrian,65 to 69,Fatal,12,North,Other, , , ,Vehicle is reversing and hits pedestrian,Other,Normal, , , ,1,0,1,0,0,0,0,0,0,0,0,0,0,1
1134481,2009,11,2,10,45,0,43.69844538,-79.39609029,St. Paul's (22),22,Mount Pleasant West (104),104,D53,Toronto East York,YONGE Stre,DAVISVILLE Aven, ,Minor Arterial,Mid-Block,At Intersection,No Control,Clear,Daylight,Dry,Non-Fatal Injury,SMV Unattended Vehicle,Driver,70 to 74,Major,0,East,"Automobile, Station Wagon",Going Ahead,Lost control,Medical or Physical Disability, , , , , , ,0,0,1,0,0,0,0,0,1,1,0,0,1,0
1134481,2009,11,2,10,45,0,43.69844538,-79.39609029,St. Paul's (22),22,Mount Pleasant West (104),104,D53,Toronto East York,YONGE Stre,DAVISVILLE Aven, ,Minor Arterial,Mid-Block,At Intersection,No Control,Clear,Daylight,Dry,Non-Fatal Injury,SMV Unattended Vehicle,Vehicle Owner,unknown, ,0, ,Other, , , , , , , , , ,0,0,1,0,0,0,0,0,1,1,0,0,1,0
1264528,2011,11,15,10,45,1,43.65074538,-79.41389029,Trinity-Spadina (19),19,Trinity-Bellwoods (81),81,D14,Toronto East York,DUNDAS ST W,GRACE ST, ,Major Arterial,Intersection,At Intersection,Traffic Signal,Clear,Daylight,Dry,Non-Fatal Injury,Pedestrian Collisions,Driver,75 to 79,None,0,East,"Automobile, Station Wagon",Going Ahead,Driving Properly,Normal, , , , , , ,1,0,1,0,0,0,0,0,0,0,0,0,0,0
1264528,2011,11,15,10,45,1,43.65074538,-79.41389029,Trinity-Spadina (19),19,Trinity-Bellwoods (81),81,D14,Toronto East York,DUNDAS ST W,GRACE ST, ,Major Arterial,Intersection,At Intersection,Traffic Signal,Clear,Daylight,Dry,Non-Fatal Injury,Pedestrian Collisions,Pedestrian,85 to 89,Major,0,North,Other, , , ,Vehicle is going straight thru inter.while ped cross without ROW,Crossing without right of way,Normal, , , ,1,0,1,0,0,0,0,0,0,0,0,0,0,0
1339180,2013,2,6,10,45,2,43.64974554,-79.43368922,Davenport (18),18,Little Portugal (84),84,D11,Toronto East York,DUNDAS ST W,SHERIDAN AVE, ,Minor Arterial,Intersection,At Intersection,Traffic Signal,Clear,Daylight,Dry,Fatal,Pedestrian Collisions,Vehicle Owner,unknown, ,0, , , , , , , , , , , ,1,0,0,0,1,0,0,0,0,0,0,0,0,1
1339180,2013,2,6,10,45,2,43.64974554,-79.43368922,Davenport (18),18,Little Portugal (84),84,D11,Toronto East York,DUNDAS ST W,SHERIDAN AVE, ,Minor Arterial,Intersection,At Intersection,Traffic Signal,Clear,Daylight,Dry,Fatal,Pedestrian Collisions,Truck Driver,55 to 59,None,0,East,Truck-Tractor,Going Ahead,Driving Properly,Normal, , , , , , ,1,0,0,0,1,0,0,0,0,0,0,0,0,1