ACCNUM,YEAR,MONTH,DAY,HOUR,MINUTES,WEEKDAY,LATITUDE,LONGITUDE,Ward_Name,Ward_ID,Hood_Name,Hood_ID,Division,District,STREET1,STREET2,OFFSET,ROAD_CLASS,LOCCOORD,ACCLOC,TRAFFCTL,VISIBILITY,LIGHT,RDSFCOND,ACCLASS,IMPACTYPE,INVTYPE,INVAGE,INJURY,FATAL_NO,INITDIR,VEHTYPE,MANOEUVER,DRIVACT,DRIVCOND,PEDTYPE,PEDACT,PEDCOND,CYCLISTYPE,CYCACT,CYCCOND,PEDESTRIAN,CYCLIST,AUTOMOBILE,MOTORCYCLE,TRUCK,TRSN_CITY_VEH,EMERG_VEH,PASSENGER,SPEEDING,AG_DRIV,REDLIGHT,ALCOHOL,DISABILITY,FATAL
1308359,2012,7,8,10,50,6,43.65084538,-79.38659029,Toronto Centre-Rosedale (28),28,Bay Street Corridor (76),76,D52,Toronto East York,UNIVERSITY Aven,QUEEN Stre W, ,Major Arterial,Intersection,At Intersection,Traffic Signal,Clear,Daylight,Dry,Non-Fatal Injury,Angle,Driver,45 to 49,Major,0,North,"Automobile, Station Wagon",Going Ahead,Driving Properly,Normal, , , , , , ,0,0,1,0,0,0,0,1,0,1,1,0,0,0
1377536,2013,9,26,10,50,3,43.66245611,-79.35135279,Toronto-Danforth (30),30,South Riverdale (70),70,D55,Toronto East York,BROADVIEW AVE,DUNDAS ST E, ,Minor Arterial,Intersection, ,Traffic Signal,Clear,Daylight,Dry,Fatal,Pedestrian Collisions,Driver,60 to 64,None,0,South,Passenger Van,Turning Left,Failed to Yield Right of Way,Inattentive, , , , , , ,1,0,1,0,0,0,0,0,0,1,0,0,0,1
1377536,2013,9,26,10,50,3,43.66245611,-79.35135279,Toronto-Danforth (30),30,South Riverdale (70),70,D55,Toronto East York,BROADVIEW AVE,DUNDAS ST E, ,Minor Arterial,Intersection, ,Traffic Signal,Clear,Daylight,Dry,Fatal,Pedestrian Collisions,Pedestrian,90 to 94,Fatal,43,North, , , , ,Vehicle turns left while ped crosses with ROW at inter.,Crossing with right of way,Normal, , , ,1,0,1,0,0,0,0,0,0,1,0,0,0,1
4000008445,2014,6,17,10,50,1,43.77893027,-79.13950739,Scarborough East (44),44,Centennial Scarborough (133),133,D43,Scarborough,5450 LAWRENCE AVE E, , ,Minor Arterial,Mid-Block,At/Near Private Drive,No Control,Clear,Daylight,Dry,Non-Fatal Injury,Cyclist Collisions,Driver,70 to 74,None,0,South,"Automobile, Station Wagon",Going Ahead,Failed to Yield Right of Way,Normal, , , , , , ,0,1,1,0,0,0,0,0,0,1,0,0,0,0
4000008445,2014,6,17,10,50,1,43.77893027,-79.13950739,Scarborough East (44),44,Centennial Scarborough (133),133,D43,Scarborough,5450 LAWRENCE AVE E, , ,Minor Arterial,Mid-Block,At/Near Private Drive,No Control,Clear,Daylight,Dry,Non-Fatal Injury,Cyclist Collisions,Cyclist,15 to 19,Major,0,East,Bicycle,Going Ahead, , , , , ,"Motorist without ROW drives into path of cyclist at inter, lnwy, dwy-Driver not turn.",Driving Properly,Normal,0,1,1,0,0,0,0,0,0,1,0,0,0,0
5000456484,2015,3,18,10,50,2,43.70828207,-79.47915278,York South-Weston (12),12,Brookhaven-Amesbury (30),30,D12,Etobicoke York,LAWRENCE AVE W,KEELE ST,98 m West of,Major Arterial,Mid-Block,Non Intersection,No Control,Clear,Daylight,Dry,Non-Fatal Injury,Pedestrian Collisions,Driver,65 to 69,None,0,West,"Automobile, Station Wagon",Going Ahead,Driving Properly,Normal, , , , , , ,1,0,1,0,0,0,0,0,0,0,0,0,0,0
5000456484,2015,3,18,10,50,2,43.70828207,-79.47915278,York South-Weston (12),12,Brookhaven-Amesbury (30),30,D12,Etobicoke York,LAWRENCE AVE W,KEELE ST,98 m West of,Major Arterial,Mid-Block,Non Intersection,No Control,Clear,Daylight,Dry,Non-Fatal Injury,Pedestrian Collisions,Pedestrian,75 to 79,Major,0,North, , , , ,Pedestrian hit at mid-block,"Crossing, no Traffic Control",Inattentive, , , ,1,0,1,0,0,0,0,0,0,0,0,0,0,0
7000566327,2017,3,31,10,50,4,43.81996838,-79.29806929,Scarborough-Rouge River (41),41,Milliken (130),130,D42,Scarborough,PASSMORE AV,SILVER STAR BV, ,Collector,Intersection,Intersection Related,Traffic Signal,Clear,Daylight,Dry,Non-Fatal Injury,Turning Movement,Driver,60 to 64,Major,0,South,Passenger Van,Turning Left,Disobeyed Traffic Control,Normal, , , , , , ,0,0,1,0,0,0,0,0,0,1,1,0,0,0
7000501226,2017,3,21,9,5,1,43.73662527,-79.24805079,Scarborough Southwest (35),35,Kennedy Park (124),124,D41,Scarborough,EGLINTON AVE E,BRIMLEY RD, ,Major Arterial,Intersection,At Intersection,Traffic Signal,Clear,Daylight,Dry,Non-Fatal Injury,Pedestrian Collisions,Pedestrian,75 to 79,Major,0,North, , , , ,Vehicle turns left while ped crosses with ROW at inter.,Crossing with right of way,Normal, , , ,1,0,1,0,0,0,0,0,0,1,0,0,0,0
7000578380,2017,4,2,9,5,6,43.81678732,-79.33642206,Scarborough-Agincourt (39),39,Steeles (116),116,D42,Scarborough,PHARMACY AVE,STEELES AVE E, ,Minor Arterial,Intersection,At Intersection,Traffic Signal,Clear,Daylight,Dry,Non-Fatal Injury,Pedestrian Collisions,Driver,65 to 69,None,0,South,"Automobile, Station Wagon",Turning Left,Failed to Yield Right of Way,Inattentive, , , , , , ,1,0,1,0,0,0,0,0,0,1,0,0,0,0
7000578380,2017,4,2,9,5,6,43.81678732,-79.33642206,Scarborough-Agincourt (39),39,Steeles (116),116,D42,Scarborough,PHARMACY AVE,STEELES AVE E, ,Minor Arterial,Intersection,At Intersection,Traffic Signal,Clear,Daylight,Dry,Non-Fatal Injury,Pedestrian Collisions,Pedestrian,60 to 64,Major,0,Unknown, , , , ,Vehicle turns left while ped crosses with ROW at inter.,Crossing with right of way,Normal, , , ,1,0,1,0,0,0,0,0,0,1,0,0,0,0
1275046,2012,1,15,9,6,6,43.71683844,-79.25991450000001,Scarborough Southwest (35),35,Clairlea-Birchmount (120),120,D41,Scarborough,ST CLAIR AVE E,DANFORTH RD, ,Major Arterial,Intersection, ,Traffic Signal,Clear,Daylight,Dry,Non-Fatal Injury,Angle,Vehicle Owner,unknown, ,0, ,Other, , , , , , , , , ,0,0,1,0,0,0,0,0,0,1,1,0,0,0
1275046,2012,1,15,9,6,6,43.71683844,-79.25991450000001,Scarborough Southwest (35),35,Clairlea-Birchmount (120),120,D41,Scarborough,ST CLAIR AVE E,DANFORTH RD, ,Major Arterial,Intersection, ,Traffic Signal,Clear,Daylight,Dry,Non-Fatal Injury,Angle,Driver,55 to 59,Minor,0,South,"Automobile, Station Wagon",Going Ahead,Driving Properly,Normal, , , , , , ,0,0,1,0,0,0,0,0,0,1,1,0,0,0
1275046,2012,1,15,9,6,6,43.71683844,-79.25991450000001,Scarborough Southwest (35),35,Clairlea-Birchmount (120),120,D41,Scarborough,ST CLAIR AVE E,DANFORTH RD, ,Major Arterial,Intersection, ,Traffic Signal,Clear,Daylight,Dry,Non-Fatal Injury,Angle,Driver,60 to 64,Major,0,East,"Automobile, Station Wagon",Going Ahead,Disobeyed Traffic Control,Unknown, , , , , , ,0,0,1,0,0,0,0,0,0,1,1,0,0,0
1275046,2012,1,15,9,6,6,43.71683844,-79.25991450000001,Scarborough Southwest (35),35,Clairlea-Birchmount (120),120,D41,Scarborough,ST CLAIR AVE E,DANFORTH RD, ,Major Arterial,Intersection, ,Traffic Signal,Clear,Daylight,Dry,Non-Fatal Injury,Angle,Vehicle Owner,unknown, ,0, ,Other, , , , , , , , , ,0,0,1,0,0,0,0,0,0,1,1,0,0,0
7001855401,2017,10,18,9,6,2,43.6379505,-79.43182764,Parkdale-High Park (14),14,South Parkdale (85),85,D14,Toronto East York,COWAN AVE,KING  ST W, ,Major Arterial,Intersection,At Intersection,Stop Sign,Clear,Daylight,Dry,Fatal,Cyclist Collisions,Cyclist,35 to 39,Fatal,50,East,Bicycle,Going Ahead, , , , , ,"Motorist without ROW drives into path of cyclist at inter, lnwy, dwy-Driver not turn.",Driving Properly,Normal,0,1,1,0,0,1,0,0,0,1,0,0,0,1
7001855401,2017,10,18,9,6,2,43.6379505,-79.43182764,Parkdale-High Park (14),14,South Parkdale (85),85,D14,Toronto East York,COWAN AVE,KING  ST W, ,Major Arterial,Intersection,At Intersection,Stop Sign,Clear,Daylight,Dry,Fatal,Cyclist Collisions,Driver,25 to 29,None,0,South,Pick Up Truck,Going Ahead,Failed to Yield Right of Way,Normal, , , , , , ,0,1,1,0,0,1,0,0,0,1,0,0,0,1
7001855401,2017,10,18,9,6,2,43.6379505,-79.43182764,Parkdale-High Park (14),14,South Parkdale (85),85,D14,Toronto East York,COWAN AVE,KING  ST W, ,Major Arterial,Intersection,At Intersection,Stop Sign,Clear,Daylight,Dry,Fatal,Cyclist Collisions,Driver,50 to 54,None,0,West,Street Car,Going Ahead,Driving Properly,Normal, , , , , , ,0,1,1,0,0,1,0,0,0,1,0,0,0,1
1302903,2012,7,9,9,7,0,43.64774538,-79.40369029,Trinity-Spadina (20),20,Kensington-Chinatown (78),78,D14,Toronto East York,ACE LANE,WOLSELEY ST, ,Local,Mid-Block,At Intersection,No Control,Clear,Daylight,Dry,Fatal,SMV Other,Passenger,80 to 84,Fatal,20, ,Other, , , , , , , , , ,0,0,1,0,0,0,0,1,0,0,0,0,0,1
1302903,2012,7,9,9,7,0,43.64774538,-79.40369029,Trinity-Spadina (20),20,Kensington-Chinatown (78),78,D14,Toronto East York,ACE LANE,WOLSELEY ST, ,Local,Mid-Block,At Intersection,No Control,Clear,Daylight,Dry,Fatal,SMV Other,Driver,85 to 89,Minor,0,West,"Automobile, Station Wagon",Going Ahead,Lost control,Normal, , , , , , ,0,0,1,0,0,0,0,1,0,0,0,0,0,1
980093,2007,6,14,9,8,3,43.67474538,-79.45739029,Davenport (17),17,Weston-Pellam Park (91),91,D11,Etobicoke York,ST CLAIR AVE W,LAUGHTON AVE, ,Major Arterial,Mid-Block, ,No Control,Clear,Daylight,Dry,Non-Fatal Injury,Cyclist Collisions,Vehicle Owner,unknown, ,0, ,Other, , , , , , , , , ,0,1,1,0,0,0,0,0,0,0,0,0,0,0
980093,2007,6,14,9,8,3,43.67474538,-79.45739029,Davenport (17),17,Weston-Pellam Park (91),91,D11,Etobicoke York,ST CLAIR AVE W,LAUGHTON AVE, ,Major Arterial,Mid-Block, ,No Control,Clear,Daylight,Dry,Non-Fatal Injury,Cyclist Collisions,Driver,30 to 34,None,0,East,"Automobile, Station Wagon",Going Ahead,Driving Properly,Normal, , , , , , ,0,1,1,0,0,0,0,0,0,0,0,0,0,0
980093,2007,6,14,9,8,3,43.67474538,-79.45739029,Davenport (17),17,Weston-Pellam Park (91),91,D11,Etobicoke York,ST CLAIR AVE W,LAUGHTON AVE, ,Major Arterial,Mid-Block, ,No Control,Clear,Daylight,Dry,Non-Fatal Injury,Cyclist Collisions,Cyclist,50 to 54,Major,0,West,Bicycle,Turning Left, , , , , ,Cyclist turned left across motorists path.,Failed to Yield Right of Way,Inattentive,0,1,1,0,0,0,0,0,0,0,0,0,0,0
1102013,2009,3,31,9,8,1,43.71084538,-79.28659029,Scarborough Southwest (35),35,Clairlea-Birchmount (120),120,D41,Scarborough,ST CLAIR AVE E,ARDEN CRES, ,Major Arterial,Mid-Block, ,No Control,Clear,Daylight,Dry,Non-Fatal Injury,Approaching,Driver,30 to 34,Major,0,West,"Automobile, Station Wagon",Going Ahead,Driving Properly,Normal, , , , , , ,0,0,1,0,0,0,0,0,0,0,0,0,0,0
1102013,2009,3,31,9,8,1,43.71084538,-79.28659029,Scarborough Southwest (35),35,Clairlea-Birchmount (120),120,D41,Scarborough,ST CLAIR AVE E,ARDEN CRES, ,Major Arterial,Mid-Block, ,No Control,Clear,Daylight,Dry,Non-Fatal Injury,Approaching,Driver,50 to 54,Minor,0,East,"Automobile, Station Wagon",Other,Other,Inattentive, , , , , , ,0,0,1,0,0,0,0,0,0,0,0,0,0,0
1180878,2010,6,8,9,8,1,43.66014538,-79.36299029,Toronto Centre-Rosedale (28),28,Regent Park (72),72,D51,Toronto East York,DUNDAS ST E,SACKVILLE ST, ,Major Arterial,Intersection, ,No Control,Clear,Daylight,Dry,Non-Fatal Injury,Cyclist Collisions,Driver,35 to 39,None,0,West,"Automobile, Station Wagon",Overtaking,Improper Passing,Normal, , , , , , ,0,1,1,0,0,0,0,0,0,1,0,0,0,0
1180878,2010,6,8,9,8,1,43.66014538,-79.36299029,Toronto Centre-Rosedale (28),28,Regent Park (72),72,D51,Toronto East York,DUNDAS ST E,SACKVILLE ST, ,Major Arterial,Intersection, ,No Control,Clear,Daylight,Dry,Non-Fatal Injury,Cyclist Collisions,Cyclist,40 to 44,Major,0,West,Bicycle,Going Ahead, , , , , ,Cyclist and Driver travelling in same direction. One vehicle sideswipes the other.,Driving Properly,Normal,0,1,1,0,0,0,0,0,0,1,0,0,0,0
1228956,2011,2,20,9,8,6,43.80444538,-79.22419029,Scarborough-Rouge River (42),42,Malvern (132),132,D42,Scarborough,TAPSCOTT RD,WASHBURN WAY, ,Minor Arterial,Intersection, ,Traffic Signal,Clear,Daylight,Dry,Non-Fatal Injury,Pedestrian Collisions,Driver,30 to 34,None,0,South,"Automobile, Station Wagon",Turning Left,Improper Turn,Other, , , , , , ,1,0,1,0,0,0,0,0,0,0,0,0,0,0
1228956,2011,2,20,9,8,6,43.80444538,-79.22419029,Scarborough-Rouge River (42),42,Malvern (132),132,D42,Scarborough,TAPSCOTT RD,WASHBURN WAY, ,Minor Arterial,Intersection, ,Traffic Signal,Clear,Daylight,Dry,Non-Fatal Injury,Pedestrian Collisions,Pedestrian,45 to 49,Major,0,North,Other, , , ,Vehicle turns left while ped crosses with ROW at inter.,Crossing with right of way,Normal, , , ,1,0,1,0,0,0,0,0,0,0,0,0,0,0
1043747,2008,6,18,9,9,2,43.66694538,-79.49949029,York South-Weston (11),11,Rockcliffe-Smythe (111),111,D12,Etobicoke York,SCARLETT RD,BERNICE CRES, ,Minor Arterial,Intersection,At Intersection,Pedestrian Crossover,Clear,Daylight,Dry,Fatal,Pedestrian Collisions,Pedestrian,85 to 89,Fatal,25,East,Other, , , ,Pedestrian hit a PXO/ped. Mid-block signal,"Crossing, Pedestrian Crossover",Normal, , , ,1,0,1,0,0,0,0,0,0,1,0,0,0,1
1043747,2008,6,18,9,9,2,43.66694538,-79.49949029,York South-Weston (11),11,Rockcliffe-Smythe (111),111,D12,Etobicoke York,SCARLETT RD,BERNICE CRES, ,Minor Arterial,Intersection,At Intersection,Pedestrian Crossover,Clear,Daylight,Dry,Fatal,Pedestrian Collisions,Vehicle Owner,unknown, ,0, ,Other, , , , , , , , , ,1,0,1,0,0,0,0,0,0,1,0,0,0,1
1043747,2008,6,18,9,9,2,43.66694538,-79.49949029,York South-Weston (11),11,Rockcliffe-Smythe (111),111,D12,Etobicoke York,SCARLETT RD,BERNICE CRES, ,Minor Arterial,Intersection,At Intersection,Pedestrian Crossover,Clear,Daylight,Dry,Fatal,Pedestrian Collisions,Driver,55 to 59,None,0,North,"Automobile, Station Wagon",Going Ahead,Failed to Yield Right of Way,Inattentive, , , , , , ,1,0,1,0,0,0,0,0,0,1,0,0,0,1
966951,2007,4,30,9,10,0,43.64784538,-79.52689029,Etobicoke-Lakeshore (5),5,Islington-City Centre West (14),14,D22,Etobicoke York,CENTRAL PARK RDWY Road,CORDOVA AVE, ,Collector,Intersection,At Intersection,Stop Sign,Clear,Daylight,Dry,Non-Fatal Injury,Pedestrian Collisions,Driver,unknown,None,0,South,"Automobile, Station Wagon",Turning Left,Failed to Yield Right of Way,Unknown, , , , , , ,1,0,1,0,0,0,0,0,0,1,0,0,0,0
966951,2007,4,30,9,10,0,43.64784538,-79.52689029,Etobicoke-Lakeshore (5),5,Islington-City Centre West (14),14,D22,Etobicoke York,CENTRAL PARK RDWY Road,CORDOVA AVE, ,Collector,Intersection,At Intersection,Stop Sign,Clear,Daylight,Dry,Non-Fatal Injury,Pedestrian Collisions,Pedestrian,75 to 79,Major,0,North,Other, , , ,Vehicle turns left while ped crosses with ROW at inter.,Crossing with right of way,Normal, , , ,1,0,1,0,0,0,0,0,0,1,0,0,0,0
1098792,2009,4,10,9,10,4,43.66114538,-79.42939029,Trinity-Spadina (19),19,Palmerston-Little Italy (80),80,D14,Toronto East York,DOVERCOURT RD,BLOOR ST W, ,Major Arterial,Intersection,At Intersection,Traffic Signal,Clear,Daylight,Dry,Non-Fatal Injury,Pedestrian Collisions,Driver,75 to 79,None,0,South,"Automobile, Station Wagon",Turning Left,Failed to Yield Right of Way,Inattentive, , , , , , ,1,0,1,0,0,0,0,0,0,1,0,0,0,0
1098792,2009,4,10,9,10,4,43.66114538,-79.42939029,Trinity-Spadina (19),19,Palmerston-Little Italy (80),80,D14,Toronto East York,DOVERCOURT RD,BLOOR ST W, ,Major Arterial,Intersection,At Intersection,Traffic Signal,Clear,Daylight,Dry,Non-Fatal Injury,Pedestrian Collisions,Pedestrian,75 to 79,Major,0,North,Other, , , ,Vehicle turns left while ped crosses with ROW at inter.,Crossing with right of way,Normal, , , ,1,0,1,0,0,0,0,0,0,1,0,0,0,0
1200768,2010,2,19,9,10,4,43.66954538,-79.43659029,Davenport (18),18,Dovercourt-Wallace Emerson-Junction (93),93,D14,North York,BARTLETT AVE,DUPONT ST, ,Local,Mid-Block, ,Traffic Gate,Clear,Daylight,Dry,Non-Fatal Injury,Pedestrian Collisions,Pedestrian,75 to 79,Major,0,North,Other,Other, , ,Other / Undefined,Other,Unknown, , , ,1,0,1,0,0,0,0,0,0,0,0,0,0,0
1200768,2010,2,19,9,10,4,43.66954538,-79.43659029,Davenport (18),18,Dovercourt-Wallace Emerson-Junction (93),93,D14,North York,BARTLETT AVE,DUPONT ST, ,Local,Mid-Block, ,Traffic Gate,Clear,Daylight,Dry,Non-Fatal Injury,Pedestrian Collisions,Other,50 to 54,Minor,0,West,"Automobile, Station Wagon",Going Ahead, , , , , , , , ,1,0,1,0,0,0,0,0,0,0,0,0,0,0
1202582,2010,10,27,9,10,2,43.63354538,-79.57079029,Etobicoke Centre (3),3,Markland Wood (12),12,D22,Etobicoke York,BLOOR ST W,MARKLAND DR, ,Minor Arterial,Intersection,At Intersection,Traffic Signal,Clear,Daylight,Dry,Non-Fatal Injury,Pedestrian Collisions,Driver,70 to 74,None,0,South,"Automobile, Station Wagon",Turning Left,Failed to Yield Right of Way,Normal, , , , , , ,1,0,1,0,0,0,0,0,0,1,0,0,0,0
1202582,2010,10,27,9,10,2,43.63354538,-79.57079029,Etobicoke Centre (3),3,Markland Wood (12),12,D22,Etobicoke York,BLOOR ST W,MARKLAND DR, ,Minor Arterial,Intersection,At Intersection,Traffic Signal,Clear,Daylight,Dry,Non-Fatal Injury,Pedestrian Collisions,Pedestrian,85 to 89,Major,0,North,Other, , , ,Vehicle turns left while ped crosses with ROW at inter.,Crossing with right of way,Normal, , , ,1,0,1,0,0,0,0,0,0,1,0,0,0,0
1232054,2011,5,7,9,10,5,43.69944538,-79.47599029,York South-Weston (12),12,Brookhaven-Amesbury (30),30,D12,Etobicoke York,KEELE ST,INGRAM DR, ,Major Arterial,Intersection, ,Traffic Signal,Clear,Daylight,Dry,Non-Fatal Injury,SMV Other,Driver,75 to 79,Major,0,West,"Automobile, Station Wagon",Going Ahead,Lost control,Medical or Physical Disability, , , , , , ,0,0,1,0,0,0,0,0,0,0,0,0,1,0
1263273,2011,9,8,9,10,3,43.67504538,-79.39479029,Toronto Centre-Rosedale (27),27,Annex (95),95,D53,Toronto East York,DAVENPORT Rd,HAZELTON Ave, ,Major Arterial,Intersection, ,No Control,Clear,Daylight,Dry,Non-Fatal Injury,Cyclist Collisions,Vehicle Owner,unknown, ,0, ,Other, , , , , , , , , ,0,1,0,0,0,1,0,0,0,0,0,0,0,0
1263273,2011,9,8,9,10,3,43.67504538,-79.39479029,Toronto Centre-Rosedale (27),27,Annex (95),95,D53,Toronto East York,DAVENPORT Rd,HAZELTON Ave, ,Major Arterial,Intersection, ,No Control,Clear,Daylight,Dry,Non-Fatal Injury,Cyclist Collisions,Driver,45 to 49,None,0,East,Municipal Transit Bus (TTC),Going Ahead,Driving Properly,Normal, , , , , , ,0,1,0,0,0,1,0,0,0,0,0,0,0,0
1263273,2011,9,8,9,10,3,43.67504538,-79.39479029,Toronto Centre-Rosedale (27),27,Annex (95),95,D53,Toronto East York,DAVENPORT Rd,HAZELTON Ave, ,Major Arterial,Intersection, ,No Control,Clear,Daylight,Dry,Non-Fatal Injury,Cyclist Collisions,Cyclist,30 to 34,Major,0,East,Bicycle,Overtaking, , , , , ,Cyclist and Driver travelling in same direction. One vehicle sideswipes the other.,Failed to Yield Right of Way,Normal,0,1,0,0,0,1,0,0,0,0,0,0,0,0
5001711803,2015,10,4,9,10,6,43.66396673,-79.52178583,Etobicoke Centre (4),4,Edenbridge-Humber Valley (9),9,D22,Etobicoke York,THE KINGSWAY,ANGLESEY BLVD, ,Collector,Intersection,At Intersection,Stop Sign,Clear,Daylight,Dry,Non-Fatal Injury,Cyclist Collisions,Cyclist,45 to 49,Major,0,East,Bicycle,Going Ahead, , , , , ,"Cyclist without ROW rides into path of motorist at inter, lnwy, dwy-Cyclist not turn.",Disobeyed Traffic Control,Inattentive,0,1,1,0,0,0,0,0,0,0,0,0,0,0
5001711803,2015,10,4,9,10,6,43.66396673,-79.52178583,Etobicoke Centre (4),4,Edenbridge-Humber Valley (9),9,D22,Etobicoke York,THE KINGSWAY,ANGLESEY BLVD, ,Collector,Intersection,At Intersection,Stop Sign,Clear,Daylight,Dry,Non-Fatal Injury,Cyclist Collisions,Driver,30 to 34,None,0,North,"Automobile, Station Wagon",Going Ahead,Driving Properly,Normal, , , , , , ,0,1,1,0,0,0,0,0,0,0,0,0,0,0
6001074563,2016,6,20,9,10,0,43.73781164,-79.2488061,Scarborough Centre (37),37,Eglinton East (138),138,D41,Scarborough,540 BRIMLEY RD, ,1 m North of,Major Arterial,Intersection,At/Near Private Drive,No Control,Clear,Daylight,Dry,Non-Fatal Injury,Turning Movement,Driver,55 to 59,None,0,North,"Automobile, Station Wagon",Turning Left,Improper Turn,Normal, , , , , , ,0,0,1,1,0,0,0,0,0,0,0,0,0,0
6001074563,2016,6,20,9,10,0,43.73781164,-79.2488061,Scarborough Centre (37),37,Eglinton East (138),138,D41,Scarborough,540 BRIMLEY RD, ,1 m North of,Major Arterial,Intersection,At/Near Private Drive,No Control,Clear,Daylight,Dry,Non-Fatal Injury,Turning Movement,Motorcycle Driver,30 to 34,Major,0,South,Motorcycle,Going Ahead,Driving Properly,Normal, , , , , , ,0,0,1,1,0,0,0,0,0,0,0,0,0,0
6001219608,2016,7,12,9,10,1,43.69876822,-79.40614709999998,St. Paul's (22),22,Yonge-Eglinton (100),100,D53,Toronto East York,AVENUE RD,CHAPLIN CRES,58 m South of,Major Arterial,Intersection,Non Intersection,Traffic Signal,Clear,Daylight,Dry,Non-Fatal Injury,Cyclist Collisions,Cyclist,50 to 54,Major,0,East,Bicycle,Going Ahead, , , , , ,"Cyclist without ROW rides into path of motorist at inter, lnwy, dwy-Cyclist not turn.",Disobeyed Traffic Control,Inattentive,0,1,1,0,0,0,0,0,0,0,0,0,0,0
6001219608,2016,7,12,9,10,1,43.69876822,-79.40614709999998,St. Paul's (22),22,Yonge-Eglinton (100),100,D53,Toronto East York,AVENUE RD,CHAPLIN CRES,58 m South of,Major Arterial,Intersection,Non Intersection,Traffic Signal,Clear,Daylight,Dry,Non-Fatal Injury,Cyclist Collisions,Driver,50 to 54,None,0,North,"Automobile, Station Wagon",Going Ahead,Driving Properly,Normal, , , , , , ,0,1,1,0,0,0,0,0,0,0,0,0,0,0
5002189475,2015,12,22,9,11,1,43.66311987,-79.37302027,Toronto Centre-Rosedale (28),28,Moss Park (73),73,D51,Toronto East York,SHERBOURNE ST,CARLTON ST, ,Minor Arterial,Intersection,At Intersection,Traffic Controller,Rain,Daylight,Wet,Non-Fatal Injury,Cyclist Collisions,Truck Driver,30 to 34,None,0,North,"Truck - Closed (Blazer, etc)",Turning Left,Failed to Yield Right of Way,Normal, , , , , , ,0,1,0,0,1,0,0,0,0,1,0,0,0,0
5002189475,2015,12,22,9,11,1,43.66311987,-79.37302027,Toronto Centre-Rosedale (28),28,Moss Park (73),73,D51,Toronto East York,SHERBOURNE ST,CARLTON ST, ,Minor Arterial,Intersection,At Intersection,Traffic Controller,Rain,Daylight,Wet,Non-Fatal Injury,Cyclist Collisions,Cyclist,55 to 59,Major,0,South,Bicycle,Going Ahead, , , , , ,Motorist turned left across cyclists path.,Driving Properly,Normal,0,1,0,0,1,0,0,0,0,1,0,0,0,0
6000332112,2016,2,25,9,12,3,43.79265173,-79.35472498,Don Valley East (33),33,Don Valley Village (47),47,D33,North York,FINCH AVE E,DON MILLS RD, ,Major Arterial,Intersection,At Intersection,Traffic Signal,Freezing Rain,Daylight,Wet,Non-Fatal Injury,Pedestrian Collisions,Driver,unknown,None,0,East,"Automobile, Station Wagon",Turning Right,Failed to Yield Right of Way,Unknown, , , , , , ,1,0,1,0,0,0,0,0,0,1,0,0,0,0
6000332112,2016,2,25,9,12,3,43.79265173,-79.35472498,Don Valley East (33),33,Don Valley Village (47),47,D33,North York,FINCH AVE E,DON MILLS RD, ,Major Arterial,Intersection,At Intersection,Traffic Signal,Freezing Rain,Daylight,Wet,Non-Fatal Injury,Pedestrian Collisions,Pedestrian,55 to 59,Major,0,Unknown, , , , ,Vehicle turns right while ped crosses with ROW at inter.,Crossing with right of way,Normal, , , ,1,0,1,0,0,0,0,0,0,1,0,0,0,0
986752,2007,7,27,9,14,4,43.68134538,-79.55279029,Etobicoke Centre (4),4,Willowridge-Martingrove-Richview (7),7,D23,Etobicoke York,KIPLING AVE,HUNTING RIDGE, ,Major Arterial,Intersection,At Intersection,Traffic Signal,Clear,Daylight,Dry,Non-Fatal Injury,Angle,Vehicle Owner,unknown,None,0, ,Other, , , , , , , , , ,0,0,1,0,0,0,0,0,0,1,1,0,0,0
986752,2007,7,27,9,14,4,43.68134538,-79.55279029,Etobicoke Centre (4),4,Willowridge-Martingrove-Richview (7),7,D23,Etobicoke York,KIPLING AVE,HUNTING RIDGE, ,Major Arterial,Intersection,At Intersection,Traffic Signal,Clear,Daylight,Dry,Non-Fatal Injury,Angle,Driver,25 to 29,None,0,North,"Automobile, Station Wagon",Going Ahead,Disobeyed Traffic Control,Normal, , , , , , ,0,0,1,0,0,0,0,0,0,1,1,0,0,0
986752,2007,7,27,9,14,4,43.68134538,-79.55279029,Etobicoke Centre (4),4,Willowridge-Martingrove-Richview (7),7,D23,Etobicoke York,KIPLING AVE,HUNTING RIDGE, ,Major Arterial,Intersection,At Intersection,Traffic Signal,Clear,Daylight,Dry,Non-Fatal Injury,Angle,Vehicle Owner,unknown,None,0, ,Other, , , , , , , , , ,0,0,1,0,0,0,0,0,0,1,1,0,0,0
986752,2007,7,27,9,14,4,43.68134538,-79.55279029,Etobicoke Centre (4),4,Willowridge-Martingrove-Richview (7),7,D23,Etobicoke York,KIPLING AVE,HUNTING RIDGE, ,Major Arterial,Intersection,At Intersection,Traffic Signal,Clear,Daylight,Dry,Non-Fatal Injury,Angle,Driver,45 to 49,Major,0,East,"Automobile, Station Wagon",Going Ahead,Driving Properly,Normal, , , , , , ,0,0,1,0,0,0,0,0,0,1,1,0,0,0