ACCNUM,YEAR,MONTH,DAY,HOUR,MINUTES,WEEKDAY,LATITUDE,LONGITUDE,Ward_Name,Ward_ID,Hood_Name,Hood_ID,Division,District,STREET1,STREET2,OFFSET,ROAD_CLASS,LOCCOORD,ACCLOC,TRAFFCTL,VISIBILITY,LIGHT,RDSFCOND,ACCLASS,IMPACTYPE,INVTYPE,INVAGE,INJURY,FATAL_NO,INITDIR,VEHTYPE,MANOEUVER,DRIVACT,DRIVCOND,PEDTYPE,PEDACT,PEDCOND,CYCLISTYPE,CYCACT,CYCCOND,PEDESTRIAN,CYCLIST,AUTOMOBILE,MOTORCYCLE,TRUCK,TRSN_CITY_VEH,EMERG_VEH,PASSENGER,SPEEDING,AG_DRIV,REDLIGHT,ALCOHOL,DISABILITY,FATAL
6001707155,2016,9,25,16,29,6,43.781509,-79.49446497,York West (8),8,York University Heights (27),27,D31,North York,KEELE ST,STEELES AVE W, ,Major Arterial,Intersection,At Intersection,Traffic Signal,Clear,Daylight,Dry,Non-Fatal Injury,Angle,Passenger,50 to 54,Minor,0, , , , , , , , , , , ,0,0,1,0,0,0,0,1,0,1,1,0,0,0
975541,2007,5,27,16,30,6,43.66774538,-79.43879029,Davenport (18),18,Dovercourt-Wallace Emerson-Junction (93),93,D11,Toronto East York,DUFFERIN ST,LAPPIN AVE, ,Major Arterial,Mid-Block, ,No Control,Clear,Daylight,Dry,Non-Fatal Injury,Turning Movement,Driver,60 to 64,Major,0,South,"Automobile, Station Wagon",Making U Turn,Improper Turn,Inattentive, , , , , , ,0,0,1,0,0,0,0,0,0,0,0,0,0,0
975541,2007,5,27,16,30,6,43.66774538,-79.43879029,Davenport (18),18,Dovercourt-Wallace Emerson-Junction (93),93,D11,Toronto East York,DUFFERIN ST,LAPPIN AVE, ,Major Arterial,Mid-Block, ,No Control,Clear,Daylight,Dry,Non-Fatal Injury,Turning Movement,Vehicle Owner,unknown,None,0, ,Other, , , , , , , , , ,0,0,1,0,0,0,0,0,0,0,0,0,0,0
975541,2007,5,27,16,30,6,43.66774538,-79.43879029,Davenport (18),18,Dovercourt-Wallace Emerson-Junction (93),93,D11,Toronto East York,DUFFERIN ST,LAPPIN AVE, ,Major Arterial,Mid-Block, ,No Control,Clear,Daylight,Dry,Non-Fatal Injury,Turning Movement,Driver,20 to 24,None,0,South,"Automobile, Station Wagon",Going Ahead,Driving Properly,Normal, , , , , , ,0,0,1,0,0,0,0,0,0,0,0,0,0,0
997905,2007,10,6,16,30,5,43.73244538,-79.45689029,York Centre (9),9,Clanton Park (33),33,D32,North York,695 WILSON Ave, , ,Major Arterial,Mid-Block, ,No Control,Rain,Daylight,Wet,Non-Fatal Injury,Rear End,Driver,80 to 84,None,0,East,"Automobile, Station Wagon",Going Ahead,Driving Properly,Normal, , , , , , ,0,0,1,0,0,0,0,0,0,1,0,0,0,0
997905,2007,10,6,16,30,5,43.73244538,-79.45689029,York Centre (9),9,Clanton Park (33),33,D32,North York,695 WILSON Ave, , ,Major Arterial,Mid-Block, ,No Control,Rain,Daylight,Wet,Non-Fatal Injury,Rear End,Driver,45 to 49,Major,0,East,"Automobile, Station Wagon",Stopped,Following too Close,Inattentive, , , , , , ,0,0,1,0,0,0,0,0,0,1,0,0,0,0
997905,2007,10,6,16,30,5,43.73244538,-79.45689029,York Centre (9),9,Clanton Park (33),33,D32,North York,695 WILSON Ave, , ,Major Arterial,Mid-Block, ,No Control,Rain,Daylight,Wet,Non-Fatal Injury,Rear End,Driver,unknown,None,0,East,"Automobile, Station Wagon",Unknown,Driving Properly,Unknown, , , , , , ,0,0,1,0,0,0,0,0,0,1,0,0,0,0
1033337,2008,4,14,16,30,0,43.66814538,-79.36959029,Toronto Centre-Rosedale (28),28,Cabbagetown-South St.James Town (71),71,D51,Toronto East York,PARLIAMENT ST,WELLESLEY ST E, ,Minor Arterial,Intersection,At Intersection,Traffic Signal,Clear,Daylight,Dry,Non-Fatal Injury,Pedestrian Collisions,Vehicle Owner,unknown, ,0, ,Other, , , , , , , , , ,1,0,0,0,1,0,0,0,0,0,0,0,0,0
1033337,2008,4,14,16,30,0,43.66814538,-79.36959029,Toronto Centre-Rosedale (28),28,Cabbagetown-South St.James Town (71),71,D51,Toronto East York,PARLIAMENT ST,WELLESLEY ST E, ,Minor Arterial,Intersection,At Intersection,Traffic Signal,Clear,Daylight,Dry,Non-Fatal Injury,Pedestrian Collisions,Truck Driver,40 to 44,None,0,North,Truck - Open,Turning Left,Driving Properly,Normal, , , , , , ,1,0,0,0,1,0,0,0,0,0,0,0,0,0
1033337,2008,4,14,16,30,0,43.66814538,-79.36959029,Toronto Centre-Rosedale (28),28,Cabbagetown-South St.James Town (71),71,D51,Toronto East York,PARLIAMENT ST,WELLESLEY ST E, ,Minor Arterial,Intersection,At Intersection,Traffic Signal,Clear,Daylight,Dry,Non-Fatal Injury,Pedestrian Collisions,Pedestrian,30 to 34,Major,0,West,Other, , , ,Vehicle turns left while ped crosses without ROW at inter.,Crossing without right of way,Had Been Drinking, , , ,1,0,0,0,1,0,0,0,0,0,0,0,0,0
1167187,2010,5,6,16,30,3,43.64584538,-79.38629029,Trinity-Spadina (20),20,Waterfront Communities-The Island (77),77,D52,Toronto East York,WELLINGTON ST W,SIMCOE ST, ,Minor Arterial,Mid-Block, ,No Control,Clear,Daylight,Dry,Fatal,Angle,Driver,40 to 44,None,0,East,"Automobile, Station Wagon",Going Ahead,Driving Properly,Normal, , , , , , ,0,0,1,0,0,0,0,1,0,1,0,0,0,1
1167187,2010,5,6,16,30,3,43.64584538,-79.38629029,Trinity-Spadina (20),20,Waterfront Communities-The Island (77),77,D52,Toronto East York,WELLINGTON ST W,SIMCOE ST, ,Minor Arterial,Mid-Block, ,No Control,Clear,Daylight,Dry,Fatal,Angle,Passenger,80 to 84,Fatal,17, ,Other, , , , , , , , , ,0,0,1,0,0,0,0,1,0,1,0,0,0,1
1167187,2010,5,6,16,30,3,43.64584538,-79.38629029,Trinity-Spadina (20),20,Waterfront Communities-The Island (77),77,D52,Toronto East York,WELLINGTON ST W,SIMCOE ST, ,Minor Arterial,Mid-Block, ,No Control,Clear,Daylight,Dry,Fatal,Angle,Passenger,80 to 84,Minor,0, ,Other, , , , , , , , , ,0,0,1,0,0,0,0,1,0,1,0,0,0,1
1167187,2010,5,6,16,30,3,43.64584538,-79.38629029,Trinity-Spadina (20),20,Waterfront Communities-The Island (77),77,D52,Toronto East York,WELLINGTON ST W,SIMCOE ST, ,Minor Arterial,Mid-Block, ,No Control,Clear,Daylight,Dry,Fatal,Angle,Driver,75 to 79,Minor,0,South,"Automobile, Station Wagon",Going Ahead,Failed to Yield Right of Way,Inattentive, , , , , , ,0,0,1,0,0,0,0,1,0,1,0,0,0,1
1167187,2010,5,6,16,30,3,43.64584538,-79.38629029,Trinity-Spadina (20),20,Waterfront Communities-The Island (77),77,D52,Toronto East York,WELLINGTON ST W,SIMCOE ST, ,Minor Arterial,Mid-Block, ,No Control,Clear,Daylight,Dry,Fatal,Angle,Other Property Owner,unknown, ,0, ,Other, , , , , , , , , ,0,0,1,0,0,0,0,1,0,1,0,0,0,1
1250979,2011,7,15,16,30,4,43.72344538,-79.33969029,Don Valley West (26),26,Banbury-Don Mills (42),42,D33,North York,DON MILLS RD,WYNFORD DR, ,Major Arterial,Mid-Block, ,No Control,Clear,Daylight,Dry,Non-Fatal Injury,Cyclist Collisions,Driver,55 to 59,None,0,North,"Automobile, Station Wagon",Going Ahead,Following too Close,Inattentive, , , , , , ,0,1,1,0,0,0,0,0,0,1,0,0,0,0
1250979,2011,7,15,16,30,4,43.72344538,-79.33969029,Don Valley West (26),26,Banbury-Don Mills (42),42,D33,North York,DON MILLS RD,WYNFORD DR, ,Major Arterial,Mid-Block, ,No Control,Clear,Daylight,Dry,Non-Fatal Injury,Cyclist Collisions,Cyclist,30 to 34,Major,0,North,Bicycle,Going Ahead, , , , , ,Cyclist and Driver travelling in same direction. One vehicle rear-ended the other.,Driving Properly,Normal,0,1,1,0,0,0,0,0,0,1,0,0,0,0
1260122,2011,8,24,16,30,2,43.65174538,-79.40849029,Trinity-Spadina (19),19,Trinity-Bellwoods (81),81,D14,Toronto East York,DUNDAS ST W,PALMERSTON AVE, ,Major Arterial,Intersection, ,No Control,Clear,Daylight,Dry,Non-Fatal Injury,Sideswipe,Motorcycle Driver,30 to 34,Major,0,West,Motorcycle,Going Ahead,Driving Properly,Normal, , , , , , ,0,0,1,1,0,0,0,0,0,0,0,0,0,0
1260122,2011,8,24,16,30,2,43.65174538,-79.40849029,Trinity-Spadina (19),19,Trinity-Bellwoods (81),81,D14,Toronto East York,DUNDAS ST W,PALMERSTON AVE, ,Major Arterial,Intersection, ,No Control,Clear,Daylight,Dry,Non-Fatal Injury,Sideswipe,Vehicle Owner,unknown, ,0, ,Other, , , , , , , , , ,0,0,1,1,0,0,0,0,0,0,0,0,0,0
1260122,2011,8,24,16,30,2,43.65174538,-79.40849029,Trinity-Spadina (19),19,Trinity-Bellwoods (81),81,D14,Toronto East York,DUNDAS ST W,PALMERSTON AVE, ,Major Arterial,Intersection, ,No Control,Clear,Daylight,Dry,Non-Fatal Injury,Sideswipe,Driver,25 to 29,None,0,West,"Automobile, Station Wagon",Turning Left,Improper Turn,Normal, , , , , , ,0,0,1,1,0,0,0,0,0,0,0,0,0,0
1319338,2012,8,30,16,30,3,43.65214538,-79.44809029,Parkdale-High Park (14),14,Roncesvalles (86),86,D11,Toronto East York,DUNDAS ST W,HOWARD PARK AVE, ,Minor Arterial,Intersection,At Intersection,Traffic Signal,Clear,Daylight,Dry,Non-Fatal Injury,Cyclist Collisions,Driver,65 to 69,None,0,West,"Automobile, Station Wagon",Going Ahead,Driving Properly,Normal, , , , , , ,0,1,1,0,0,0,0,0,0,0,0,0,0,0
1319338,2012,8,30,16,30,3,43.65214538,-79.44809029,Parkdale-High Park (14),14,Roncesvalles (86),86,D11,Toronto East York,DUNDAS ST W,HOWARD PARK AVE, ,Minor Arterial,Intersection,At Intersection,Traffic Signal,Clear,Daylight,Dry,Non-Fatal Injury,Cyclist Collisions,Cyclist,15 to 19,Major,0,East,Bicycle,Turning Left, , , , , ,Cyclist turned left across motorists path.,Improper Turn,Normal,0,1,1,0,0,0,0,0,0,0,0,0,0,0
1321770,2012,9,17,16,30,0,43.78385885,-79.39190302,Willowdale (24),24,Bayview Village (52),52,D33,North York,BAYVIEW AVE,FELDBAR CRT, ,Major Arterial,Intersection, ,No Control,Clear,Daylight,Dry,Non-Fatal Injury,Rear End,Vehicle Owner,unknown, ,0, ,Other, , , , , , , , , ,0,0,1,0,0,0,0,1,0,1,0,0,0,0
1321770,2012,9,17,16,30,0,43.78385885,-79.39190302,Willowdale (24),24,Bayview Village (52),52,D33,North York,BAYVIEW AVE,FELDBAR CRT, ,Major Arterial,Intersection, ,No Control,Clear,Daylight,Dry,Non-Fatal Injury,Rear End,Driver,55 to 59,Major,0,North,"Automobile, Station Wagon",Going Ahead,Following too Close,Normal, , , , , , ,0,0,1,0,0,0,0,1,0,1,0,0,0,0
1321770,2012,9,17,16,30,0,43.78385885,-79.39190302,Willowdale (24),24,Bayview Village (52),52,D33,North York,BAYVIEW AVE,FELDBAR CRT, ,Major Arterial,Intersection, ,No Control,Clear,Daylight,Dry,Non-Fatal Injury,Rear End,Passenger,45 to 49,Minimal,0, ,Other, , , , , , , , , ,0,0,1,0,0,0,0,1,0,1,0,0,0,0
1321770,2012,9,17,16,30,0,43.78385885,-79.39190302,Willowdale (24),24,Bayview Village (52),52,D33,North York,BAYVIEW AVE,FELDBAR CRT, ,Major Arterial,Intersection, ,No Control,Clear,Daylight,Dry,Non-Fatal Injury,Rear End,Driver,50 to 54,None,0,North,"Automobile, Station Wagon",Slowing or Stopping,Driving Properly,Normal, , , , , , ,0,0,1,0,0,0,0,1,0,1,0,0,0,0
1355579,2013,4,16,16,30,1,43.70434538,-79.49669029,York South-Weston (12),12,Brookhaven-Amesbury (30),30,D12,Etobicoke York,LAWRENCE Ave W,BROOKHAVEN Dr, ,Major Arterial,Intersection,At Intersection,Traffic Signal,Clear,Daylight,Dry,Non-Fatal Injury,Pedestrian Collisions,Driver,30 to 34,None,0,North,"Automobile, Station Wagon",Turning Right,Failed to Yield Right of Way,Normal, , , , , , ,1,0,1,0,0,0,0,0,0,1,0,0,0,0
1355579,2013,4,16,16,30,1,43.70434538,-79.49669029,York South-Weston (12),12,Brookhaven-Amesbury (30),30,D12,Etobicoke York,LAWRENCE Ave W,BROOKHAVEN Dr, ,Major Arterial,Intersection,At Intersection,Traffic Signal,Clear,Daylight,Dry,Non-Fatal Injury,Pedestrian Collisions,Pedestrian,60 to 64,Major,0,West,Other, , , ,Vehicle turns right while ped crosses with ROW at inter.,Crossing with right of way,Normal, , , ,1,0,1,0,0,0,0,0,0,1,0,0,0,0
4002596710,2014,7,29,16,30,1,43.66245611,-79.35136042,Toronto-Danforth (30),30,South Riverdale (70),70,D55,Toronto East York,DUNDAS ST E,BROADVIEW AVE, ,Major Arterial,Intersection,At Intersection,Traffic Signal,Clear,Daylight,Dry,Non-Fatal Injury,Cyclist Collisions,Driver,50 to 54,None,0,East,"Automobile, Station Wagon",Going Ahead,Improper Passing,Normal, , , , , , ,0,1,1,0,0,0,0,0,0,1,0,0,0,0
4002596710,2014,7,29,16,30,1,43.66245611,-79.35136042,Toronto-Danforth (30),30,South Riverdale (70),70,D55,Toronto East York,DUNDAS ST E,BROADVIEW AVE, ,Major Arterial,Intersection,At Intersection,Traffic Signal,Clear,Daylight,Dry,Non-Fatal Injury,Cyclist Collisions,Cyclist,40 to 44,Major,0,East,Bicycle,Going Ahead, , , , , ,Cyclist and Driver travelling in same direction. One vehicle sideswipes the other.,Driving Properly,Normal,0,1,1,0,0,0,0,0,0,1,0,0,0,0
6001558550,2016,9,2,16,30,4,43.69100531,-79.40154658,St. Paul's (22),22,Yonge-St.Clair (97),97,D53,Toronto East York,LONSDALE RD,ORIOLE RD, ,Major Arterial,Intersection,At Intersection,No Control,Clear,Daylight,Dry,Non-Fatal Injury,Cyclist Collisions,Driver,55 to 59,None,0,West,"Automobile, Station Wagon",Turning Left,Improper Turn,Inattentive, , , , , , ,0,1,1,0,0,0,0,0,0,0,0,0,0,0
6001558550,2016,9,2,16,30,4,43.69100531,-79.40154658,St. Paul's (22),22,Yonge-St.Clair (97),97,D53,Toronto East York,LONSDALE RD,ORIOLE RD, ,Major Arterial,Intersection,At Intersection,No Control,Clear,Daylight,Dry,Non-Fatal Injury,Cyclist Collisions,Cyclist,20 to 24,Major,0,East,Bicycle,Going Ahead, , , , , ,Motorist turned left across cyclists path.,Driving Properly,Normal,0,1,1,0,0,0,0,0,0,0,0,0,0,0
7000804511,2017,5,7,16,30,6,43.75167425,-79.34727869,Don Valley East (34),34,Banbury-Don Mills (42),42,D33,North York,1446 DON MILLS RD, ,15 m East of,Major Arterial,Mid-Block,Non Intersection,No Control,Clear,Daylight,Dry,Non-Fatal Injury,SMV Other,Driver,75 to 79,Major,0,South,"Automobile, Station Wagon",Going Ahead,Driving Properly,Medical or Physical Disability, , , , , , ,0,0,1,0,0,0,0,1,0,0,0,0,1,0
7000804511,2017,5,7,16,30,6,43.75167425,-79.34727869,Don Valley East (34),34,Banbury-Don Mills (42),42,D33,North York,1446 DON MILLS RD, ,15 m East of,Major Arterial,Mid-Block,Non Intersection,No Control,Clear,Daylight,Dry,Non-Fatal Injury,SMV Other,Passenger,75 to 79,Minor,0, , , , , , , , , , , ,0,0,1,0,0,0,0,1,0,0,0,0,1,0
7001762491,2017,9,28,16,30,3,43.71100958,-79.26977167,Scarborough Southwest (35),35,Clairlea-Birchmount (120),120,D41,Scarborough,BIRCHMOUNT RD,ZENITH DR, ,Minor Arterial,Intersection,Intersection Related,No Control,Clear,Daylight,Dry,Fatal,Pedestrian Collisions,Driver,45 to 49,None,0,South,Delivery Van,Going Ahead,Lost control,"Ability Impaired, Alcohol Over .08", , , , , , ,1,0,1,0,0,0,0,1,1,1,0,1,0,1
7001762491,2017,9,28,16,30,3,43.71100958,-79.26977167,Scarborough Southwest (35),35,Clairlea-Birchmount (120),120,D41,Scarborough,BIRCHMOUNT RD,ZENITH DR, ,Minor Arterial,Intersection,Intersection Related,No Control,Clear,Daylight,Dry,Fatal,Pedestrian Collisions,Passenger,40 to 44,Minor,0, , , , , , , , , , , ,1,0,1,0,0,0,0,1,1,1,0,1,0,1
7001762491,2017,9,28,16,30,3,43.71100958,-79.26977167,Scarborough Southwest (35),35,Clairlea-Birchmount (120),120,D41,Scarborough,BIRCHMOUNT RD,ZENITH DR, ,Minor Arterial,Intersection,Intersection Related,No Control,Clear,Daylight,Dry,Fatal,Pedestrian Collisions,Pedestrian,55 to 59,Fatal,45,Unknown, , , , ,Pedestrian hit on sidewalk or shoulder,On Sidewalk or Shoulder,Normal, , , ,1,0,1,0,0,0,0,1,1,1,0,1,0,1
7001762491,2017,9,28,16,30,3,43.71100958,-79.26977167,Scarborough Southwest (35),35,Clairlea-Birchmount (120),120,D41,Scarborough,BIRCHMOUNT RD,ZENITH DR, ,Minor Arterial,Intersection,Intersection Related,No Control,Clear,Daylight,Dry,Fatal,Pedestrian Collisions,Driver,50 to 54,Minor,0,West,"Automobile, Station Wagon",Turning Left,Driving Properly,Normal, , , , , , ,1,0,1,0,0,0,0,1,1,1,0,1,0,1
7003055739,2017,11,23,16,30,3,43.78660938,-79.24194729,Scarborough-Rouge River (42),42,Agincourt South-Malvern West (128),128,D42,Scarborough,MILNER AVENUE,EXECUTIVE COURT   (423),18 m East of,Local,Intersection,Intersection Related,No Control,Clear,Dusk,Dry,Non-Fatal Injury,Pedestrian Collisions,Driver,55 to 59,None,0,East,"Automobile, Station Wagon",Going Ahead,Driving Properly,Normal, , , , , , ,1,0,1,0,0,0,0,0,0,0,0,0,0,0
7003055739,2017,11,23,16,30,3,43.78660938,-79.24194729,Scarborough-Rouge River (42),42,Agincourt South-Malvern West (128),128,D42,Scarborough,MILNER AVENUE,EXECUTIVE COURT   (423),18 m East of,Local,Intersection,Intersection Related,No Control,Clear,Dusk,Dry,Non-Fatal Injury,Pedestrian Collisions,Pedestrian,50 to 54,Major,0, , , , , , , ,Inattentive, , , ,1,0,1,0,0,0,0,0,0,0,0,0,0,0
1113980,2009,6,7,16,31,6,43.63004538,-79.51739029,Etobicoke-Lakeshore (5),5,Stonegate-Queensway (16),16,D22,Etobicoke York,ISLINGTON Ave,ABERLADY Rd, ,Major Arterial,Intersection, ,No Control,Clear,Daylight,Dry,Non-Fatal Injury,SMV Other,Motorcycle Driver,35 to 39,Major,0,North,Motorcycle,Going Ahead,Lost control,Normal, , , , , , ,0,0,0,1,0,0,0,0,0,0,0,0,0,0
5000760761,2015,5,7,16,31,3,43.75777014,-79.22467432,Scarborough East (43),43,Woburn (137),137,D43,Scarborough,MARKHAM RD,GREENCREST CRCT,2 m North of,Major Arterial,Intersection,At Intersection,Traffic Signal,Clear,Daylight,Dry,Non-Fatal Injury,Pedestrian Collisions,Driver,25 to 29,None,0,North,"Automobile, Station Wagon",Going Ahead,Driving Properly,Normal, , , , , , ,1,0,1,0,0,0,0,0,0,0,0,0,0,0
5000760761,2015,5,7,16,31,3,43.75777014,-79.22467432,Scarborough East (43),43,Woburn (137),137,D43,Scarborough,MARKHAM RD,GREENCREST CRCT,2 m North of,Major Arterial,Intersection,At Intersection,Traffic Signal,Clear,Daylight,Dry,Non-Fatal Injury,Pedestrian Collisions,Pedestrian,15 to 19,Major,0,East, , , , ,Vehicle is going straight thru inter.while ped cross without ROW,Crossing without right of way,Inattentive, , , ,1,0,1,0,0,0,0,0,0,0,0,0,0,0
5000760761,2015,5,7,16,31,3,43.75777014,-79.22467432,Scarborough East (43),43,Woburn (137),137,D43,Scarborough,MARKHAM RD,GREENCREST CRCT,2 m North of,Major Arterial,Intersection,At Intersection,Traffic Signal,Clear,Daylight,Dry,Non-Fatal Injury,Pedestrian Collisions,Pedestrian,15 to 19,Major,0,East, , , , ,Vehicle is going straight thru inter.while ped cross without ROW,Crossing without right of way,Inattentive, , , ,1,0,1,0,0,0,0,0,0,0,0,0,0,0
7001722344,2017,9,22,16,32,4,43.67683738,-79.50600029,York South-Weston (11),11,Rockcliffe-Smythe (111),111,D12,Etobicoke York,SCARLETT RD,EAST DR, ,Minor Arterial,Intersection,At Intersection,Traffic Signal,Clear,Daylight,Dry,Non-Fatal Injury,Turning Movement,Driver,60 to 64,None,0,North,"Automobile, Station Wagon",Going Ahead,Disobeyed Traffic Control,Inattentive, , , , , , ,0,0,1,0,0,0,0,0,0,1,1,0,0,0
7001722344,2017,9,22,16,32,4,43.67683738,-79.50600029,York South-Weston (11),11,Rockcliffe-Smythe (111),111,D12,Etobicoke York,SCARLETT RD,EAST DR, ,Minor Arterial,Intersection,At Intersection,Traffic Signal,Clear,Daylight,Dry,Non-Fatal Injury,Turning Movement,Driver,60 to 64,Major,0,South,"Automobile, Station Wagon",Turning Left,Driving Properly,Normal, , , , , , ,0,0,1,0,0,0,0,0,0,1,1,0,0,0
1376061,2013,9,18,16,34,2,43.60234411,-79.49798975,Etobicoke-Lakeshore (6),6,New Toronto (18),18,D22,Etobicoke York,LAKE SHORE BLVD W,DWIGHT AVE, ,Major Arterial,Intersection, ,No Control,Clear,Daylight,Dry,Fatal,Cyclist Collisions,Passenger,unknown,None,0, , ,Other, , , , , , , , ,0,1,1,0,0,0,0,1,0,0,0,0,0,1
1376061,2013,9,18,16,34,2,43.60234411,-79.49798975,Etobicoke-Lakeshore (6),6,New Toronto (18),18,D22,Etobicoke York,LAKE SHORE BLVD W,DWIGHT AVE, ,Major Arterial,Intersection, ,No Control,Clear,Daylight,Dry,Fatal,Cyclist Collisions,Driver,60 to 64,None,0,East,"Automobile, Station Wagon",Going Ahead,Driving Properly,Normal, , , , , , ,0,1,1,0,0,0,0,1,0,0,0,0,0,1
1376061,2013,9,18,16,34,2,43.60234411,-79.49798975,Etobicoke-Lakeshore (6),6,New Toronto (18),18,D22,Etobicoke York,LAKE SHORE BLVD W,DWIGHT AVE, ,Major Arterial,Intersection, ,No Control,Clear,Daylight,Dry,Fatal,Cyclist Collisions,Cyclist,50 to 54,Fatal,41,West,Bicycle,Unknown, , , , , ,"Cyclist without ROW rides into path of motorist at inter, lnwy, dwy-Cyclist not turn.",Lost control,Unknown,0,1,1,0,0,0,0,1,0,0,0,0,0,1
7001512799,2017,8,21,16,34,0,43.65919438,-79.40023429,Trinity-Spadina (20),20,University (79),79,D52,Toronto East York,SPADINA AVE,RUSSELL ST,30 m South of,Major Arterial,Mid-Block,Non Intersection,No Control,Clear,Daylight,Dry,Non-Fatal Injury,Cyclist Collisions,Driver,25 to 29,None,0,North,Delivery Van,Going Ahead,Other,Unknown, , , , , , ,0,1,1,0,0,0,0,0,1,1,0,0,0,0
7001512799,2017,8,21,16,34,0,43.65919438,-79.40023429,Trinity-Spadina (20),20,University (79),79,D52,Toronto East York,SPADINA AVE,RUSSELL ST,30 m South of,Major Arterial,Mid-Block,Non Intersection,No Control,Clear,Daylight,Dry,Non-Fatal Injury,Cyclist Collisions,Cyclist,35 to 39,Major,0,North,Bicycle,Going Ahead, , , , , , ,Driving Properly,Unknown,0,1,1,0,0,0,0,0,1,1,0,0,0,0
989495,2007,9,10,16,35,0,43.72654538,-79.29319029,Scarborough Southwest (35),35,Clairlea-Birchmount (120),120,D41,Scarborough,EGLINTON AVE E,PHARMACY AVE, ,Major Arterial,Mid-Block, ,No Control,Clear,Daylight,Dry,Non-Fatal Injury,Pedestrian Collisions,Vehicle Owner,unknown, ,0, ,Other, , , , , , , , , ,1,0,1,0,0,0,0,0,0,1,0,0,0,0
989495,2007,9,10,16,35,0,43.72654538,-79.29319029,Scarborough Southwest (35),35,Clairlea-Birchmount (120),120,D41,Scarborough,EGLINTON AVE E,PHARMACY AVE, ,Major Arterial,Mid-Block, ,No Control,Clear,Daylight,Dry,Non-Fatal Injury,Pedestrian Collisions,Driver,40 to 44,None,0,West,"Automobile, Station Wagon",Going Ahead,Failed to Yield Right of Way,Normal, , , , , , ,1,0,1,0,0,0,0,0,0,1,0,0,0,0
989495,2007,9,10,16,35,0,43.72654538,-79.29319029,Scarborough Southwest (35),35,Clairlea-Birchmount (120),120,D41,Scarborough,EGLINTON AVE E,PHARMACY AVE, ,Major Arterial,Mid-Block, ,No Control,Clear,Daylight,Dry,Non-Fatal Injury,Pedestrian Collisions,Pedestrian,55 to 59,Major,0,South,Other, , , ,Pedestrian hit at mid-block,"Crossing, no Traffic Control",Normal, , , ,1,0,1,0,0,0,0,0,0,1,0,0,0,0
1090810,2009,2,23,16,35,0,43.64464538,-79.37469029,Toronto Centre-Rosedale (28),28,Waterfront Communities-The Island (77),77,D51,Toronto East York,F G GARDINER XY  E,YONGE ST, ,Expressway,Mid-Block, ,No Control,Clear,Daylight,Dry,Non-Fatal Injury,Rear End,Vehicle Owner,unknown, ,0, ,Other, , , , , , , , , ,0,0,1,0,0,0,0,0,0,1,0,0,0,0
1090810,2009,2,23,16,35,0,43.64464538,-79.37469029,Toronto Centre-Rosedale (28),28,Waterfront Communities-The Island (77),77,D51,Toronto East York,F G GARDINER XY  E,YONGE ST, ,Expressway,Mid-Block, ,No Control,Clear,Daylight,Dry,Non-Fatal Injury,Rear End,Driver,25 to 29,Major,0,East,"Automobile, Station Wagon",Stopped,Driving Properly,Normal, , , , , , ,0,0,1,0,0,0,0,0,0,1,0,0,0,0
1090810,2009,2,23,16,35,0,43.64464538,-79.37469029,Toronto Centre-Rosedale (28),28,Waterfront Communities-The Island (77),77,D51,Toronto East York,F G GARDINER XY  E,YONGE ST, ,Expressway,Mid-Block, ,No Control,Clear,Daylight,Dry,Non-Fatal Injury,Rear End,Driver,55 to 59,None,0,East,"Automobile, Station Wagon",Stopped,Driving Properly,Normal, , , , , , ,0,0,1,0,0,0,0,0,0,1,0,0,0,0
1090810,2009,2,23,16,35,0,43.64464538,-79.37469029,Toronto Centre-Rosedale (28),28,Waterfront Communities-The Island (77),77,D51,Toronto East York,F G GARDINER XY  E,YONGE ST, ,Expressway,Mid-Block, ,No Control,Clear,Daylight,Dry,Non-Fatal Injury,Rear End,Driver,60 to 64,None,0,East,"Automobile, Station Wagon",Going Ahead,Following too Close,Had Been Drinking, , , , , , ,0,0,1,0,0,0,0,0,0,1,0,0,0,0
1150609,2010,1,29,16,35,4,43.77664538,-79.18059029,Scarborough East (44),44,West Hill (136),136,D43,Scarborough,OLD KINGSTON RD,MANSE RD, ,Collector,Mid-Block, ,No Control,Clear,Dusk,Dry,Non-Fatal Injury,Rear End,Driver,60 to 64,None,0,South,"Automobile, Station Wagon",Slowing or Stopping,Driving Properly,Normal, , , , , , ,0,0,1,0,0,0,0,0,0,0,0,0,0,0
1150609,2010,1,29,16,35,4,43.77664538,-79.18059029,Scarborough East (44),44,West Hill (136),136,D43,Scarborough,OLD KINGSTON RD,MANSE RD, ,Collector,Mid-Block, ,No Control,Clear,Dusk,Dry,Non-Fatal Injury,Rear End,Driver,80 to 84,Major,0,South,"Automobile, Station Wagon",Going Ahead,Lost control,Normal, , , , , , ,0,0,1,0,0,0,0,0,0,0,0,0,0,0
1165188,2010,4,10,16,35,5,43.65634538,-79.38089029,Toronto Centre-Rosedale (27),27,Church-Yonge Corridor (75),75,D52,Toronto East York,DUNDAS St W,YONGE St, ,Major Arterial,Intersection, ,Streetcar (Stop for),Clear,Daylight,Dry,Non-Fatal Injury,Pedestrian Collisions,Vehicle Owner,unknown, ,0, ,Other, , , , , , , , , ,1,0,1,0,0,0,0,0,0,1,0,0,0,0