ACCNUM,YEAR,MONTH,DAY,HOUR,MINUTES,WEEKDAY,LATITUDE,LONGITUDE,Ward_Name,Ward_ID,Hood_Name,Hood_ID,Division,District,STREET1,STREET2,OFFSET,ROAD_CLASS,LOCCOORD,ACCLOC,TRAFFCTL,VISIBILITY,LIGHT,RDSFCOND,ACCLASS,IMPACTYPE,INVTYPE,INVAGE,INJURY,FATAL_NO,INITDIR,VEHTYPE,MANOEUVER,DRIVACT,DRIVCOND,PEDTYPE,PEDACT,PEDCOND,CYCLISTYPE,CYCACT,CYCCOND,PEDESTRIAN,CYCLIST,AUTOMOBILE,MOTORCYCLE,TRUCK,TRSN_CITY_VEH,EMERG_VEH,PASSENGER,SPEEDING,AG_DRIV,REDLIGHT,ALCOHOL,DISABILITY,FATAL
5000296206,2015,2,19,16,10,3,43.64646109,-79.40375147,Trinity-Spadina (20),20,Waterfront Communities-The Island (77),77,D14,Toronto East York,BATHURST ST,RICHMOND ST W, ,Major Arterial,Intersection,At Intersection,Traffic Signal,Clear,Daylight,Dry,Non-Fatal Injury,Pedestrian Collisions,Pedestrian,65 to 69,Major,0,East, , , , ,Vehicle turns left while ped crosses with ROW at inter.,Crossing with right of way,Normal, , , ,1,0,1,0,0,0,0,0,0,0,0,0,0,0
1108724,2009,6,10,15,46,2,43.69984538,-79.43099029,St. Paul's (21),21,Forest Hill North (102),102,D13,Toronto East York,EGLINTON AVE W,OLD PARK RD, ,Major Arterial,Intersection, ,Traffic Signal,Clear,Daylight,Dry,Non-Fatal Injury,Pedestrian Collisions,Driver,50 to 54,None,0,West,"Automobile, Station Wagon",Going Ahead,Driving Properly,Normal, , , , , , ,1,0,1,0,0,0,0,0,0,0,0,0,0,0
1320874,2012,9,15,16,38,5,43.67844538,-79.34729029,Toronto-Danforth (30),30,North Riverdale (68),68,D55,Toronto East York,DANFORTH Aven,CARLAW Aven, ,Major Arterial,Intersection,At Intersection,Traffic Signal,Clear,Daylight,Dry,Non-Fatal Injury,Pedestrian Collisions,Pedestrian,80 to 84,Major,0,West,Other, , , ,Vehicle turns right while ped crosses with ROW at inter.,Crossing with right of way,Normal, , , ,1,0,1,0,0,0,0,0,0,1,0,0,0,0
3001181592,2013,12,19,15,58,3,43.71923788,-79.51597224,York West (7),7,Downsview-Roding-CFB (26),26,D31,Etobicoke York,WILSON AVE,HAYMARKET RD,314 m  of,Major Arterial,Intersection,At Intersection,No Control,Clear,Daylight,Dry,Non-Fatal Injury,Pedestrian Collisions,Driver,60 to 64,None,0,North,"Automobile, Station Wagon",Turning Left,Failed to Yield Right of Way,Normal, , , , , , ,1,0,1,0,0,0,0,0,0,1,0,0,0,0
1277349,2011,12,4,16,20,6,43.66734538,-79.38159029,Toronto Centre-Rosedale (27),27,Church-Yonge Corridor (75),75,D51,Toronto East York,CHURCH ST,GLOUCESTER ST, ,Minor Arterial,Intersection,At Intersection,No Control,Clear,Daylight,Dry,Non-Fatal Injury,Pedestrian Collisions,Pedestrian,75 to 79,Major,0,East,Other, , , ,Vehicle is going straight thru inter.while ped cross without ROW,"Crossing, no Traffic Control",Unknown, , , ,1,0,1,0,0,0,0,0,0,0,0,0,0,0
987506,2007,9,1,16,5,5,43.83654538,-79.25119029,Scarborough-Rouge River (41),41,Milliken (130),130,D42,Scarborough,STEELES Aven E,MARKHAM Road, ,Major Arterial,Intersection,At Intersection,Traffic Signal,Clear,Daylight,Dry,Non-Fatal Injury,Angle,Passenger,0 to 4,Minor,0, ,Other, , , , , , , , , ,0,0,1,0,0,0,0,1,1,1,1,0,0,0
5000296206,2015,2,19,16,10,3,43.64646109,-79.40375147,Trinity-Spadina (20),20,Waterfront Communities-The Island (77),77,D14,Toronto East York,BATHURST ST,RICHMOND ST W, ,Major Arterial,Intersection,At Intersection,Traffic Signal,Clear,Daylight,Dry,Non-Fatal Injury,Pedestrian Collisions,Pedestrian,50 to 54,None,0,East, , , , ,Vehicle turns left while ped crosses with ROW at inter.,Crossing with right of way,Normal, , , ,1,0,1,0,0,0,0,0,0,0,0,0,0,0
976891,2007,6,27,16,45,2,43.85424538,-79.17549029,Scarborough-Rouge River (42),42,Rouge (131),131,D42,Scarborough,STEELES AVE E,BEARE RD, ,Local,Mid-Block,At Intersection,No Control,Clear,Daylight,Dry,Non-Fatal Injury,SMV Other,Driver,20 to 24,Major,0,East,"Automobile, Station Wagon",Going Ahead,Other,Fatigue, , , , , , ,0,0,1,0,0,0,0,0,1,1,0,0,0,0
1316650,2012,9,24,16,20,0,43.73214538,-79.26789029,Scarborough Southwest (35),35,Kennedy Park (124),124,D41,Scarborough,EGLINTON AVE E,KENNEDY RD, ,Major Arterial,Intersection,At Intersection,Traffic Signal,Clear,Daylight,Other,Non-Fatal Injury,Turning Movement,Driver,50 to 54,None,0,South,"Automobile, Station Wagon",Stopped,Driving Properly,Normal, , , , , , ,0,0,1,0,0,0,0,0,0,1,1,0,0,0
1316650,2012,9,24,16,20,0,43.73214538,-79.26789029,Scarborough Southwest (35),35,Kennedy Park (124),124,D41,Scarborough,EGLINTON AVE E,KENNEDY RD, ,Major Arterial,Intersection,At Intersection,Traffic Signal,Clear,Daylight,Other,Non-Fatal Injury,Turning Movement,Vehicle Owner,unknown, ,0, ,Other, , , , , , , , , ,0,0,1,0,0,0,0,0,0,1,1,0,0,0
1316650,2012,9,24,16,20,0,43.73214538,-79.26789029,Scarborough Southwest (35),35,Kennedy Park (124),124,D41,Scarborough,EGLINTON AVE E,KENNEDY RD, ,Major Arterial,Intersection,At Intersection,Traffic Signal,Clear,Daylight,Other,Non-Fatal Injury,Turning Movement,Driver,20 to 24,None,0,West,"Automobile, Station Wagon",Going Ahead,Disobeyed Traffic Control,Normal, , , , , , ,0,0,1,0,0,0,0,0,0,1,1,0,0,0
1316650,2012,9,24,16,20,0,43.73214538,-79.26789029,Scarborough Southwest (35),35,Kennedy Park (124),124,D41,Scarborough,EGLINTON AVE E,KENNEDY RD, ,Major Arterial,Intersection,At Intersection,Traffic Signal,Clear,Daylight,Other,Non-Fatal Injury,Turning Movement,Driver,30 to 34,Major,0,East,"Automobile, Station Wagon",Turning Left,Improper Turn,Normal, , , , , , ,0,0,1,0,0,0,0,0,0,1,1,0,0,0
1362257,2013,6,23,16,20,6,43.63364538,-79.43659029,Parkdale-High Park (14),14,South Parkdale (85),85,D14,Toronto East York,F G GARDINER XY  E,LAKE SHORE BLVD W, ,Expressway,Mid-Block, ,No Control,Clear,Daylight,Dry,Non-Fatal Injury,Rear End,Passenger,10 to 14,Major,0, ,Other, , , , , , , , , ,0,0,1,0,0,0,0,1,0,1,0,0,0,0
1362257,2013,6,23,16,20,6,43.63364538,-79.43659029,Parkdale-High Park (14),14,South Parkdale (85),85,D14,Toronto East York,F G GARDINER XY  E,LAKE SHORE BLVD W, ,Expressway,Mid-Block, ,No Control,Clear,Daylight,Dry,Non-Fatal Injury,Rear End,Driver,35 to 39,Minimal,0,East,"Automobile, Station Wagon",Slowing or Stopping,Following too Close,Normal, , , , , , ,0,0,1,0,0,0,0,1,0,1,0,0,0,0
1362257,2013,6,23,16,20,6,43.63364538,-79.43659029,Parkdale-High Park (14),14,South Parkdale (85),85,D14,Toronto East York,F G GARDINER XY  E,LAKE SHORE BLVD W, ,Expressway,Mid-Block, ,No Control,Clear,Daylight,Dry,Non-Fatal Injury,Rear End,Passenger,0 to 4,None,0, ,Other, , , , , , , , , ,0,0,1,0,0,0,0,1,0,1,0,0,0,0
1362257,2013,6,23,16,20,6,43.63364538,-79.43659029,Parkdale-High Park (14),14,South Parkdale (85),85,D14,Toronto East York,F G GARDINER XY  E,LAKE SHORE BLVD W, ,Expressway,Mid-Block, ,No Control,Clear,Daylight,Dry,Non-Fatal Injury,Rear End,Passenger,35 to 39,Minimal,0, ,Other, , , , , , , , , ,0,0,1,0,0,0,0,1,0,1,0,0,0,0
1362257,2013,6,23,16,20,6,43.63364538,-79.43659029,Parkdale-High Park (14),14,South Parkdale (85),85,D14,Toronto East York,F G GARDINER XY  E,LAKE SHORE BLVD W, ,Expressway,Mid-Block, ,No Control,Clear,Daylight,Dry,Non-Fatal Injury,Rear End,Driver,35 to 39,None,0,East,"Automobile, Station Wagon",Slowing or Stopping,Driving Properly,Normal, , , , , , ,0,0,1,0,0,0,0,1,0,1,0,0,0,0
1362257,2013,6,23,16,20,6,43.63364538,-79.43659029,Parkdale-High Park (14),14,South Parkdale (85),85,D14,Toronto East York,F G GARDINER XY  E,LAKE SHORE BLVD W, ,Expressway,Mid-Block, ,No Control,Clear,Daylight,Dry,Non-Fatal Injury,Rear End,Passenger,0 to 4,None,0, ,Other, , , , , , , , , ,0,0,1,0,0,0,0,1,0,1,0,0,0,0
1362257,2013,6,23,16,20,6,43.63364538,-79.43659029,Parkdale-High Park (14),14,South Parkdale (85),85,D14,Toronto East York,F G GARDINER XY  E,LAKE SHORE BLVD W, ,Expressway,Mid-Block, ,No Control,Clear,Daylight,Dry,Non-Fatal Injury,Rear End,Passenger,25 to 29,Minimal,0, ,Other, , , , , , , , , ,0,0,1,0,0,0,0,1,0,1,0,0,0,0
1362257,2013,6,23,16,20,6,43.63364538,-79.43659029,Parkdale-High Park (14),14,South Parkdale (85),85,D14,Toronto East York,F G GARDINER XY  E,LAKE SHORE BLVD W, ,Expressway,Mid-Block, ,No Control,Clear,Daylight,Dry,Non-Fatal Injury,Rear End,Driver,25 to 29,None,0,East,"Automobile, Station Wagon",Stopped,Driving Properly,Normal, , , , , , ,0,0,1,0,0,0,0,1,0,1,0,0,0,0
1379549,2013,10,8,16,20,1,43.71692999,-79.41346369,Eglinton-Lawrence (16),16,Lawrence Park South (103),103,D53,North York,AVENUE Rd,GLENGROVE Ave W, ,Major Arterial,Intersection,At Intersection,Traffic Signal,Clear,Daylight,Dry,Non-Fatal Injury,Pedestrian Collisions,Driver,50 to 54,None,0,North,"Automobile, Station Wagon",Stopped,Driving Properly,Normal, , , , , , ,1,0,1,0,0,0,0,0,0,1,0,0,0,0
1379549,2013,10,8,16,20,1,43.71692999,-79.41346369,Eglinton-Lawrence (16),16,Lawrence Park South (103),103,D53,North York,AVENUE Rd,GLENGROVE Ave W, ,Major Arterial,Intersection,At Intersection,Traffic Signal,Clear,Daylight,Dry,Non-Fatal Injury,Pedestrian Collisions,Vehicle Owner,unknown, ,0, ,Other, , , , , , , , , ,1,0,1,0,0,0,0,0,0,1,0,0,0,0
1379549,2013,10,8,16,20,1,43.71692999,-79.41346369,Eglinton-Lawrence (16),16,Lawrence Park South (103),103,D53,North York,AVENUE Rd,GLENGROVE Ave W, ,Major Arterial,Intersection,At Intersection,Traffic Signal,Clear,Daylight,Dry,Non-Fatal Injury,Pedestrian Collisions,Driver,45 to 49,None,0,West,"Automobile, Station Wagon",Turning Left,Failed to Yield Right of Way,Unknown, , , , , , ,1,0,1,0,0,0,0,0,0,1,0,0,0,0
1379549,2013,10,8,16,20,1,43.71692999,-79.41346369,Eglinton-Lawrence (16),16,Lawrence Park South (103),103,D53,North York,AVENUE Rd,GLENGROVE Ave W, ,Major Arterial,Intersection,At Intersection,Traffic Signal,Clear,Daylight,Dry,Non-Fatal Injury,Pedestrian Collisions,Pedestrian,60 to 64,Minor,0,East,Other, , , ,Vehicle turns left while ped crosses with ROW at inter.,Crossing with right of way,Unknown, , , ,1,0,1,0,0,0,0,0,0,1,0,0,0,0
1379549,2013,10,8,16,20,1,43.71692999,-79.41346369,Eglinton-Lawrence (16),16,Lawrence Park South (103),103,D53,North York,AVENUE Rd,GLENGROVE Ave W, ,Major Arterial,Intersection,At Intersection,Traffic Signal,Clear,Daylight,Dry,Non-Fatal Injury,Pedestrian Collisions,Pedestrian,65 to 69,Major,0,East,Other, , , ,Vehicle turns left while ped crosses with ROW at inter.,Crossing with right of way,Unknown, , , ,1,0,1,0,0,0,0,0,0,1,0,0,0,0
4002929082,2014,9,17,16,20,2,43.79194601,-79.35807429,Don Valley East (33),33,Don Valley Village (47),47,D33,North York,FINCH AVE E,LINUS RD, ,Major Arterial,Intersection,Intersection Related,Traffic Signal,Clear,Daylight,Dry,Non-Fatal Injury,Pedestrian Collisions,Driver,50 to 54,None,0,East,Pick Up Truck,Going Ahead,Driving Properly,Normal, , , , , , ,1,0,1,0,0,0,0,0,0,0,0,0,0,0
4002929082,2014,9,17,16,20,2,43.79194601,-79.35807429,Don Valley East (33),33,Don Valley Village (47),47,D33,North York,FINCH AVE E,LINUS RD, ,Major Arterial,Intersection,Intersection Related,Traffic Signal,Clear,Daylight,Dry,Non-Fatal Injury,Pedestrian Collisions,Pedestrian,45 to 49,Major,0,West, , , , ,Vehicle is going straight thru inter.while ped cross without ROW,Running onto Roadway,Medical or Physical Disability, , , ,1,0,1,0,0,0,0,0,0,0,0,0,0,0
143022510,2014,10,1,16,20,2,43.72599753,-79.55511103,Etobicoke North (2),2,Elms-Old Rexdale (5),5,D23,Etobicoke York,35 IRWIN RD, , ,Local,Mid-Block, ,No Control,Clear,Daylight,Wet,Fatal,SMV Other,Motorcycle Driver,20 to 24,Fatal,31,East,Motorcycle,Going Ahead,Lost control,Unknown, , , , , , ,0,0,0,1,0,0,0,0,0,0,0,0,0,1
1089504,2009,2,16,16,21,0,43.75524538,-79.44149029,York Centre (10),10,Bathurst Manor (34),34,D32,North York,HOVE St,SHEPPARD Ave W, ,Local,Mid-Block, ,No Control,Clear,Daylight,Dry,Non-Fatal Injury,Pedestrian Collisions,Driver,55 to 59,None,0,East,"Automobile, Station Wagon",Reversing,Other,Normal, , , , , , ,1,0,1,0,0,0,0,0,0,0,0,0,0,0
1089504,2009,2,16,16,21,0,43.75524538,-79.44149029,York Centre (10),10,Bathurst Manor (34),34,D32,North York,HOVE St,SHEPPARD Ave W, ,Local,Mid-Block, ,No Control,Clear,Daylight,Dry,Non-Fatal Injury,Pedestrian Collisions,Pedestrian,85 to 89,Major,0,North,Other, , , ,Pedestrian hit at private driveway,Other,Normal, , , ,1,0,1,0,0,0,0,0,0,0,0,0,0,0
1376445,2013,9,21,16,21,5,43.61838492,-79.5113183,Etobicoke-Lakeshore (6),6,Mimico (includes Humber Bay Shores) (17),17,D22,Etobicoke York,EVANS AVE,ISLINGTON AVE, ,Major Arterial,Intersection,At Intersection,Traffic Signal,Rain,Daylight,Wet,Non-Fatal Injury,Rear End,Driver,70 to 74,Major,0,West,"Automobile, Station Wagon",Going Ahead,Lost control,Medical or Physical Disability, , , , , , ,0,0,1,0,0,0,0,0,0,0,0,0,1,0
1376445,2013,9,21,16,21,5,43.61838492,-79.5113183,Etobicoke-Lakeshore (6),6,Mimico (includes Humber Bay Shores) (17),17,D22,Etobicoke York,EVANS AVE,ISLINGTON AVE, ,Major Arterial,Intersection,At Intersection,Traffic Signal,Rain,Daylight,Wet,Non-Fatal Injury,Rear End,Driver,50 to 54,None,0,West,"Automobile, Station Wagon",Turning Right,Driving Properly,Normal, , , , , , ,0,0,1,0,0,0,0,0,0,0,0,0,1,0
5000898741,2015,5,29,16,21,4,43.65781744,-79.33143244,Toronto-Danforth (30),30,South Riverdale (70),70,D55,Toronto East York,LAKE SHORE BLVD E,LESLIE ST,374 m West of,Major Arterial,Mid-Block,Non Intersection,No Control,Clear,Daylight,Dry,Non-Fatal Injury,Rear End,Truck Driver,60 to 64,None,0,West,Truck - Dump,Changing Lanes,Following too Close,Normal, , , , , , ,0,0,1,0,1,0,0,0,0,1,0,0,0,0
5000898741,2015,5,29,16,21,4,43.65781744,-79.33143244,Toronto-Danforth (30),30,South Riverdale (70),70,D55,Toronto East York,LAKE SHORE BLVD E,LESLIE ST,374 m West of,Major Arterial,Mid-Block,Non Intersection,No Control,Clear,Daylight,Dry,Non-Fatal Injury,Rear End,Driver,40 to 44,Major,0,West,"Automobile, Station Wagon",Going Ahead,Driving Properly,Normal, , , , , , ,0,0,1,0,1,0,0,0,0,1,0,0,0,0
6001084832,2016,6,21,16,21,1,43.76527746,-79.21805201,Scarborough Centre (38),38,Woburn (137),137,D43,Scarborough,81 JANRAY DR, , ,Local,Mid-Block,Private Driveway,No Control,Clear,Daylight,Dry,Non-Fatal Injury,Pedestrian Collisions,Driver,30 to 34,None,0,East,"Automobile, Station Wagon",Reversing,Other,Unknown, , , , , , ,1,0,1,0,0,0,0,0,0,0,0,0,0,0
6001084832,2016,6,21,16,21,1,43.76527746,-79.21805201,Scarborough Centre (38),38,Woburn (137),137,D43,Scarborough,81 JANRAY DR, , ,Local,Mid-Block,Private Driveway,No Control,Clear,Daylight,Dry,Non-Fatal Injury,Pedestrian Collisions,Pedestrian,30 to 34,Major,0,Unknown, , , , ,Pedestrian hit at private driveway,Other,"Ability Impaired, Alcohol", , , ,1,0,1,0,0,0,0,0,0,0,0,0,0,0
1278436,2011,12,10,16,22,5,43.65584538,-79.39919029,Trinity-Spadina (20),20,Kensington-Chinatown (78),78,D52,Toronto East York,SPADINA AVE,NASSAU ST, ,Major Arterial,Intersection, ,No Control,Clear,Daylight,Dry,Non-Fatal Injury,Pedestrian Collisions,Vehicle Owner,unknown, ,0, ,Other, , , , , , , , , ,1,0,1,0,0,0,0,0,0,0,0,0,0,0
1278436,2011,12,10,16,22,5,43.65584538,-79.39919029,Trinity-Spadina (20),20,Kensington-Chinatown (78),78,D52,Toronto East York,SPADINA AVE,NASSAU ST, ,Major Arterial,Intersection, ,No Control,Clear,Daylight,Dry,Non-Fatal Injury,Pedestrian Collisions,Driver,20 to 24,None,0,South,"Automobile, Station Wagon",Going Ahead,Driving Properly,Normal, , , , , , ,1,0,1,0,0,0,0,0,0,0,0,0,0,0
1278436,2011,12,10,16,22,5,43.65584538,-79.39919029,Trinity-Spadina (20),20,Kensington-Chinatown (78),78,D52,Toronto East York,SPADINA AVE,NASSAU ST, ,Major Arterial,Intersection, ,No Control,Clear,Daylight,Dry,Non-Fatal Injury,Pedestrian Collisions,Pedestrian,15 to 19,Major,0,East,Other, , , ,Pedestrian hit at mid-block,Running onto Roadway,Inattentive, , , ,1,0,1,0,0,0,0,0,0,0,0,0,0,0
7001494097,2017,8,18,16,22,4,43.73445852,-79.25806818,Scarborough Southwest (35),35,Kennedy Park (124),124,D41,Scarborough,MIDLAND AVE,EGLINTON AVE E,25 m South of,Minor Arterial,Intersection,Intersection Related,No Control,Clear,Daylight,Dry,Non-Fatal Injury,Pedestrian Collisions,Driver,65 to 69,None,0,South,"Automobile, Station Wagon",Going Ahead,Driving Properly,Normal, , , , , , ,1,0,1,0,0,0,0,0,0,0,0,0,0,0
7001494097,2017,8,18,16,22,4,43.73445852,-79.25806818,Scarborough Southwest (35),35,Kennedy Park (124),124,D41,Scarborough,MIDLAND AVE,EGLINTON AVE E,25 m South of,Minor Arterial,Intersection,Intersection Related,No Control,Clear,Daylight,Dry,Non-Fatal Injury,Pedestrian Collisions,Pedestrian,25 to 29,Major,0,West, , , , ,Pedestrian hit at mid-block,"Crossing, no Traffic Control",Inattentive, , , ,1,0,1,0,0,0,0,0,0,0,0,0,0,0
1015097,2008,1,3,16,23,3,43.71104538,-79.37719029,St. Paul's (22),22,Mount Pleasant East (99),99,D53,Toronto East York,BAYVIEW AVE,EGLINTON AVE E, ,Major Arterial,Intersection, ,Traffic Signal,Snow,Daylight,Loose Snow,Non-Fatal Injury,Rear End,Driver,35 to 39,None,0,South,"Automobile, Station Wagon",Stopped,Driving Properly,Normal, , , , , , ,0,0,1,0,0,0,0,0,0,0,0,0,0,0
1015097,2008,1,3,16,23,3,43.71104538,-79.37719029,St. Paul's (22),22,Mount Pleasant East (99),99,D53,Toronto East York,BAYVIEW AVE,EGLINTON AVE E, ,Major Arterial,Intersection, ,Traffic Signal,Snow,Daylight,Loose Snow,Non-Fatal Injury,Rear End,Driver,60 to 64,Major,0,South,"Automobile, Station Wagon",Stopped,Lost control,Normal, , , , , , ,0,0,1,0,0,0,0,0,0,0,0,0,0,0
1108349,2009,5,17,16,23,6,43.75144538,-79.37049029,Don Valley West (25),25,Banbury-Don Mills (42),42,D33,North York,YORK MILLS Road,CHIPSTEAD Road, ,Major Arterial,Intersection,At Intersection,Traffic Signal,Clear,Daylight,Dry,Non-Fatal Injury,Turning Movement,Passenger,10 to 14,Major,0, ,Other, , , , , , , , , ,0,0,1,0,0,0,0,1,0,0,0,0,0,0
1108349,2009,5,17,16,23,6,43.75144538,-79.37049029,Don Valley West (25),25,Banbury-Don Mills (42),42,D33,North York,YORK MILLS Road,CHIPSTEAD Road, ,Major Arterial,Intersection,At Intersection,Traffic Signal,Clear,Daylight,Dry,Non-Fatal Injury,Turning Movement,Passenger,80 to 84,Minimal,0, ,Other, , , , , , , , , ,0,0,1,0,0,0,0,1,0,0,0,0,0,0
1108349,2009,5,17,16,23,6,43.75144538,-79.37049029,Don Valley West (25),25,Banbury-Don Mills (42),42,D33,North York,YORK MILLS Road,CHIPSTEAD Road, ,Major Arterial,Intersection,At Intersection,Traffic Signal,Clear,Daylight,Dry,Non-Fatal Injury,Turning Movement,Passenger,10 to 14,Minor,0, ,Other, , , , , , , , , ,0,0,1,0,0,0,0,1,0,0,0,0,0,0
1108349,2009,5,17,16,23,6,43.75144538,-79.37049029,Don Valley West (25),25,Banbury-Don Mills (42),42,D33,North York,YORK MILLS Road,CHIPSTEAD Road, ,Major Arterial,Intersection,At Intersection,Traffic Signal,Clear,Daylight,Dry,Non-Fatal Injury,Turning Movement,Driver,80 to 84,None,0,East,"Automobile, Station Wagon",Going Ahead,Driving Properly,Normal, , , , , , ,0,0,1,0,0,0,0,1,0,0,0,0,0,0
1108349,2009,5,17,16,23,6,43.75144538,-79.37049029,Don Valley West (25),25,Banbury-Don Mills (42),42,D33,North York,YORK MILLS Road,CHIPSTEAD Road, ,Major Arterial,Intersection,At Intersection,Traffic Signal,Clear,Daylight,Dry,Non-Fatal Injury,Turning Movement,Vehicle Owner,unknown, ,0, ,Other, , , , , , , , , ,0,0,1,0,0,0,0,1,0,0,0,0,0,0
1108349,2009,5,17,16,23,6,43.75144538,-79.37049029,Don Valley West (25),25,Banbury-Don Mills (42),42,D33,North York,YORK MILLS Road,CHIPSTEAD Road, ,Major Arterial,Intersection,At Intersection,Traffic Signal,Clear,Daylight,Dry,Non-Fatal Injury,Turning Movement,Driver,15 to 19,Minimal,0,West,"Automobile, Station Wagon",Turning Left,Improper Turn,Inattentive, , , , , , ,0,0,1,0,0,0,0,1,0,0,0,0,0,0
1279660,2012,2,8,16,23,2,43.75208243,-79.54236231,York West (7),7,Humbermede (22),22,D31,Etobicoke York,FINCH AVE W,WESTON RD, ,Major Arterial,Intersection,At Intersection,Traffic Signal,Clear,"Dusk, artificial",Dry,Non-Fatal Injury,Pedestrian Collisions,Vehicle Owner,unknown, ,0, ,Other, , , , , , , , , ,1,0,0,0,0,1,0,0,0,0,0,0,0,0
1279660,2012,2,8,16,23,2,43.75208243,-79.54236231,York West (7),7,Humbermede (22),22,D31,Etobicoke York,FINCH AVE W,WESTON RD, ,Major Arterial,Intersection,At Intersection,Traffic Signal,Clear,"Dusk, artificial",Dry,Non-Fatal Injury,Pedestrian Collisions,Driver,45 to 49,None,0,West,Municipal Transit Bus (TTC),Turning Right,Driving Properly,Normal, , , , , , ,1,0,0,0,0,1,0,0,0,0,0,0,0,0
1279660,2012,2,8,16,23,2,43.75208243,-79.54236231,York West (7),7,Humbermede (22),22,D31,Etobicoke York,FINCH AVE W,WESTON RD, ,Major Arterial,Intersection,At Intersection,Traffic Signal,Clear,"Dusk, artificial",Dry,Non-Fatal Injury,Pedestrian Collisions,Pedestrian,25 to 29,Major,0,West,Other, , , ,Pedestrian involved in a collision with transit vehicle anywhere along roadway,Crossing without right of way,Normal, , , ,1,0,0,0,0,1,0,0,0,0,0,0,0,0
1306710,2012,6,16,16,23,5,43.66954538,-79.43949029,Davenport (17),17,Dovercourt-Wallace Emerson-Junction (93),93,D13,Toronto East York,DUFFERIN ST,GEARY AVE, ,Major Arterial,Intersection, ,No Control,Clear,Daylight,Dry,Non-Fatal Injury,Turning Movement,Motorcycle Passenger,25 to 29,Major,0, ,Other, , , , , , , , , ,0,0,1,1,0,0,0,1,1,1,0,0,0,0
1306710,2012,6,16,16,23,5,43.66954538,-79.43949029,Davenport (17),17,Dovercourt-Wallace Emerson-Junction (93),93,D13,Toronto East York,DUFFERIN ST,GEARY AVE, ,Major Arterial,Intersection, ,No Control,Clear,Daylight,Dry,Non-Fatal Injury,Turning Movement,Motorcycle Driver,35 to 39,Major,0,South,Motorcycle,Going Ahead,Driving Properly,Normal, , , , , , ,0,0,1,1,0,0,0,1,1,1,0,0,0,0
1306710,2012,6,16,16,23,5,43.66954538,-79.43949029,Davenport (17),17,Dovercourt-Wallace Emerson-Junction (93),93,D13,Toronto East York,DUFFERIN ST,GEARY AVE, ,Major Arterial,Intersection, ,No Control,Clear,Daylight,Dry,Non-Fatal Injury,Turning Movement,Vehicle Owner,unknown, ,0, ,Other, , , , , , , , , ,0,0,1,1,0,0,0,1,1,1,0,0,0,0
1306710,2012,6,16,16,23,5,43.66954538,-79.43949029,Davenport (17),17,Dovercourt-Wallace Emerson-Junction (93),93,D13,Toronto East York,DUFFERIN ST,GEARY AVE, ,Major Arterial,Intersection, ,No Control,Clear,Daylight,Dry,Non-Fatal Injury,Turning Movement,Driver,60 to 64,None,0,North,"Automobile, Station Wagon",Making U Turn,Improper Turn,Inattentive, , , , , , ,0,0,1,1,0,0,0,1,1,1,0,0,0,0
1307861,2012,7,30,16,23,0,43.79054538,-79.21259029,Scarborough East (43),43,Morningside (135),135,D43,Scarborough,NEILSON RD,OAKMEADOW BLVD, ,Minor Arterial,Mid-Block, ,No Control,Clear,Daylight,Dry,Fatal,SMV Other,Driver,55 to 59,Fatal,23,South,"Automobile, Station Wagon",Going Ahead,Lost control,Unknown, , , , , , ,0,0,1,0,0,0,0,0,0,0,0,0,0,1
1307861,2012,7,30,16,23,0,43.79054538,-79.21259029,Scarborough East (43),43,Morningside (135),135,D43,Scarborough,NEILSON RD,OAKMEADOW BLVD, ,Minor Arterial,Mid-Block, ,No Control,Clear,Daylight,Dry,Fatal,SMV Other,Other Property Owner,unknown, ,0, ,Other, , , , , , , , , ,0,0,1,0,0,0,0,0,0,0,0,0,0,1
1307861,2012,7,30,16,23,0,43.79054538,-79.21259029,Scarborough East (43),43,Morningside (135),135,D43,Scarborough,NEILSON RD,OAKMEADOW BLVD, ,Minor Arterial,Mid-Block, ,No Control,Clear,Daylight,Dry,Fatal,SMV Other,Other Property Owner,unknown, ,0, ,Other, , , , , , , , , ,0,0,1,0,0,0,0,0,0,0,0,0,0,1
7001794171,2017,10,3,16,23,1,43.76819571,-79.50165949,York West (8),8,York University Heights (27),27,D31,North York,SENTINEL RD,ASSINIBOINE RD,15 m South of,Minor Arterial,Intersection,At Intersection,No Control,Clear, ,Dry,Fatal,Pedestrian Collisions,Pedestrian,20 to 24,Fatal,47,East, , , , ,Pedestrian hit at mid-block,"Crossing, no Traffic Control",Unknown, , , ,1,0,1,0,0,0,0,0,0,0,0,0,0,1
7001794171,2017,10,3,16,23,1,43.76819571,-79.50165949,York West (8),8,York University Heights (27),27,D31,North York,SENTINEL RD,ASSINIBOINE RD,15 m South of,Minor Arterial,Intersection,At Intersection,No Control,Clear, ,Dry,Fatal,Pedestrian Collisions,Driver,20 to 24,None,0,South,"Automobile, Station Wagon",Going Ahead,Driving Properly,Unknown, , , , , , ,1,0,1,0,0,0,0,0,0,0,0,0,0,1