ACCNUM,YEAR,MONTH,DAY,HOUR,MINUTES,WEEKDAY,LATITUDE,LONGITUDE,Ward_Name,Ward_ID,Hood_Name,Hood_ID,Division,District,STREET1,STREET2,OFFSET,ROAD_CLASS,LOCCOORD,ACCLOC,TRAFFCTL,VISIBILITY,LIGHT,RDSFCOND,ACCLASS,IMPACTYPE,INVTYPE,INVAGE,INJURY,FATAL_NO,INITDIR,VEHTYPE,MANOEUVER,DRIVACT,DRIVCOND,PEDTYPE,PEDACT,PEDCOND,CYCLISTYPE,CYCACT,CYCCOND,PEDESTRIAN,CYCLIST,AUTOMOBILE,MOTORCYCLE,TRUCK,TRSN_CITY_VEH,EMERG_VEH,PASSENGER,SPEEDING,AG_DRIV,REDLIGHT,ALCOHOL,DISABILITY,FATAL
1337045,2012,12,2,16,3,6,43.72314538,-79.33009029,Don Valley West (26),26,Flemingdon Park (44),44,D54,North York,EGLINTON AVE E,DON VALLEY PARKWAY  N, ,Major Arterial,Intersection, ,No Control,Rain,"Dark, artificial",Wet,Non-Fatal Injury,SMV Other,Driver,50 to 54,Major,0,South,"Automobile, Station Wagon",Turning Right,Speed too Fast For Condition,Inattentive, , , , , , ,0,0,1,0,0,0,0,1,1,1,0,0,0,0
1337045,2012,12,2,16,3,6,43.72314538,-79.33009029,Don Valley West (26),26,Flemingdon Park (44),44,D54,North York,EGLINTON AVE E,DON VALLEY PARKWAY  N, ,Major Arterial,Intersection, ,No Control,Rain,"Dark, artificial",Wet,Non-Fatal Injury,SMV Other,Other Property Owner,unknown, ,0, ,Other, , , , , , , , , ,0,0,1,0,0,0,0,1,1,1,0,0,0,0
6001410250,2016,8,10,16,3,2,43.75905569,-79.21384058,Scarborough East (43),43,Woburn (137),137,D43,Scarborough,MARCELLA ST,ANGORA ST, ,Local,Intersection,At Intersection,Stop Sign,Clear,Daylight,Dry,Non-Fatal Injury,Angle,Driver,60 to 64,None,0,North,"Automobile, Station Wagon",Going Ahead,Failed to Yield Right of Way,Inattentive, , , , , , ,0,0,1,0,0,0,0,1,0,1,0,0,0,0
6001410250,2016,8,10,16,3,2,43.75905569,-79.21384058,Scarborough East (43),43,Woburn (137),137,D43,Scarborough,MARCELLA ST,ANGORA ST, ,Local,Intersection,At Intersection,Stop Sign,Clear,Daylight,Dry,Non-Fatal Injury,Angle,Driver,15 to 19,Major,0,West,"Automobile, Station Wagon",Going Ahead,Driving Properly,Normal, , , , , , ,0,0,1,0,0,0,0,1,0,1,0,0,0,0
6001410250,2016,8,10,16,3,2,43.75905569,-79.21384058,Scarborough East (43),43,Woburn (137),137,D43,Scarborough,MARCELLA ST,ANGORA ST, ,Local,Intersection,At Intersection,Stop Sign,Clear,Daylight,Dry,Non-Fatal Injury,Angle,Passenger,15 to 19,Minor,0, , , , , , , , , , , ,0,0,1,0,0,0,0,1,0,1,0,0,0,0
6001410250,2016,8,10,16,3,2,43.75905569,-79.21384058,Scarborough East (43),43,Woburn (137),137,D43,Scarborough,MARCELLA ST,ANGORA ST, ,Local,Intersection,At Intersection,Stop Sign,Clear,Daylight,Dry,Non-Fatal Injury,Angle,Passenger,15 to 19,Minor,0, , , , , , , , , , , ,0,0,1,0,0,0,0,1,0,1,0,0,0,0
6001410250,2016,8,10,16,3,2,43.75905569,-79.21384058,Scarborough East (43),43,Woburn (137),137,D43,Scarborough,MARCELLA ST,ANGORA ST, ,Local,Intersection,At Intersection,Stop Sign,Clear,Daylight,Dry,Non-Fatal Injury,Angle,Passenger,60 to 64,Minimal,0, , , , , , , , , , , ,0,0,1,0,0,0,0,1,0,1,0,0,0,0
6001410250,2016,8,10,16,3,2,43.75905569,-79.21384058,Scarborough East (43),43,Woburn (137),137,D43,Scarborough,MARCELLA ST,ANGORA ST, ,Local,Intersection,At Intersection,Stop Sign,Clear,Daylight,Dry,Non-Fatal Injury,Angle,Passenger,25 to 29,None,0, , , , , , , , , , , ,0,0,1,0,0,0,0,1,0,1,0,0,0,0
6001416564,2016,8,11,16,3,3,43.72806891,-79.57461176,Etobicoke North (2),2,Rexdale-Kipling (4),4,D23,Etobicoke York,WESTHUMBER BLVD,KIPLING AVE, ,Major Arterial,Intersection,At Intersection,Traffic Signal,Clear,Daylight,Dry,Non-Fatal Injury,Pedestrian Collisions,Driver,45 to 49,None,0,North,"Automobile, Station Wagon",Turning Left,Failed to Yield Right of Way,Normal, , , , , , ,1,0,1,0,0,0,0,1,1,1,0,0,0,0
6001416564,2016,8,11,16,3,3,43.72806891,-79.57461176,Etobicoke North (2),2,Rexdale-Kipling (4),4,D23,Etobicoke York,WESTHUMBER BLVD,KIPLING AVE, ,Major Arterial,Intersection,At Intersection,Traffic Signal,Clear,Daylight,Dry,Non-Fatal Injury,Pedestrian Collisions,Driver,20 to 24,None,0,South,"Automobile, Station Wagon",Going Ahead,Speed too Fast For Condition,Normal, , , , , , ,1,0,1,0,0,0,0,1,1,1,0,0,0,0
6001416564,2016,8,11,16,3,3,43.72806891,-79.57461176,Etobicoke North (2),2,Rexdale-Kipling (4),4,D23,Etobicoke York,WESTHUMBER BLVD,KIPLING AVE, ,Major Arterial,Intersection,At Intersection,Traffic Signal,Clear,Daylight,Dry,Non-Fatal Injury,Pedestrian Collisions,Passenger,5 to 9,None,0, , , , , , , , , , , ,1,0,1,0,0,0,0,1,1,1,0,0,0,0
6001416564,2016,8,11,16,3,3,43.72806891,-79.57461176,Etobicoke North (2),2,Rexdale-Kipling (4),4,D23,Etobicoke York,WESTHUMBER BLVD,KIPLING AVE, ,Major Arterial,Intersection,At Intersection,Traffic Signal,Clear,Daylight,Dry,Non-Fatal Injury,Pedestrian Collisions,Pedestrian,25 to 29,Major,0,Unknown, , , , ,Pedestrian hit on sidewalk or shoulder,On Sidewalk or Shoulder,Normal, , , ,1,0,1,0,0,0,0,1,1,1,0,0,0,0
6001416564,2016,8,11,16,3,3,43.72806891,-79.57461176,Etobicoke North (2),2,Rexdale-Kipling (4),4,D23,Etobicoke York,WESTHUMBER BLVD,KIPLING AVE, ,Major Arterial,Intersection,At Intersection,Traffic Signal,Clear,Daylight,Dry,Non-Fatal Injury,Pedestrian Collisions,Pedestrian,25 to 29,Minor,0,Unknown, , , , ,Pedestrian hit on sidewalk or shoulder,On Sidewalk or Shoulder,Normal, , , ,1,0,1,0,0,0,0,1,1,1,0,0,0,0
1256431,2011,8,3,16,4,2,43.68624538,-79.28949029,Beaches-East York (32),32,East End-Danforth (62),62,D55,Toronto East York,GERRARD Stre E,SCARBOROUGH Road, ,Minor Arterial,Intersection,At Intersection,Stop Sign,Clear,Daylight,Dry,Non-Fatal Injury,Turning Movement,Passenger,55 to 59,Minimal,0, ,Other, , , , , , , , , ,0,0,1,0,0,0,0,1,1,1,0,1,0,0
1256431,2011,8,3,16,4,2,43.68624538,-79.28949029,Beaches-East York (32),32,East End-Danforth (62),62,D55,Toronto East York,GERRARD Stre E,SCARBOROUGH Road, ,Minor Arterial,Intersection,At Intersection,Stop Sign,Clear,Daylight,Dry,Non-Fatal Injury,Turning Movement,Passenger,55 to 59,Minimal,0, ,Other, , , , , , , , , ,0,0,1,0,0,0,0,1,1,1,0,1,0,0
1256431,2011,8,3,16,4,2,43.68624538,-79.28949029,Beaches-East York (32),32,East End-Danforth (62),62,D55,Toronto East York,GERRARD Stre E,SCARBOROUGH Road, ,Minor Arterial,Intersection,At Intersection,Stop Sign,Clear,Daylight,Dry,Non-Fatal Injury,Turning Movement,Vehicle Owner,unknown, ,0, ,Other, , , , , , , , , ,0,0,1,0,0,0,0,1,1,1,0,1,0,0
1256431,2011,8,3,16,4,2,43.68624538,-79.28949029,Beaches-East York (32),32,East End-Danforth (62),62,D55,Toronto East York,GERRARD Stre E,SCARBOROUGH Road, ,Minor Arterial,Intersection,At Intersection,Stop Sign,Clear,Daylight,Dry,Non-Fatal Injury,Turning Movement,Driver,35 to 39,None,0,North,"Automobile, Station Wagon",Turning Left,Other,Normal, , , , , , ,0,0,1,0,0,0,0,1,1,1,0,1,0,0
1256431,2011,8,3,16,4,2,43.68624538,-79.28949029,Beaches-East York (32),32,East End-Danforth (62),62,D55,Toronto East York,GERRARD Stre E,SCARBOROUGH Road, ,Minor Arterial,Intersection,At Intersection,Stop Sign,Clear,Daylight,Dry,Non-Fatal Injury,Turning Movement,Vehicle Owner,unknown, ,0, ,Other, , , , , , , , , ,0,0,1,0,0,0,0,1,1,1,0,1,0,0
1256431,2011,8,3,16,4,2,43.68624538,-79.28949029,Beaches-East York (32),32,East End-Danforth (62),62,D55,Toronto East York,GERRARD Stre E,SCARBOROUGH Road, ,Minor Arterial,Intersection,At Intersection,Stop Sign,Clear,Daylight,Dry,Non-Fatal Injury,Turning Movement,Driver,25 to 29,Major,0,East,"Automobile, Station Wagon",Changing Lanes,Speed too Fast For Condition,"Ability Impaired, Alcohol", , , , , , ,0,0,1,0,0,0,0,1,1,1,0,1,0,0
1275965,2011,11,25,16,4,4,43.75464538,-79.35199029,Don Valley East (34),34,Banbury-Don Mills (42),42,D33,North York,YORK MILLS Road,LESMILL Road, ,Major Arterial,Intersection, ,Traffic Signal,Clear,Daylight,Dry,Non-Fatal Injury,Cyclist Collisions,Driver,20 to 24,None,0,West,"Automobile, Station Wagon",Turning Left,Improper Turn,Inattentive, , , , , , ,0,1,1,0,0,0,0,0,0,0,0,0,0,0
1275965,2011,11,25,16,4,4,43.75464538,-79.35199029,Don Valley East (34),34,Banbury-Don Mills (42),42,D33,North York,YORK MILLS Road,LESMILL Road, ,Major Arterial,Intersection, ,Traffic Signal,Clear,Daylight,Dry,Non-Fatal Injury,Cyclist Collisions,Cyclist,60 to 64,Major,0,East,Bicycle,Going Ahead, , , , , ,Motorist turned left across cyclists path.,Driving Properly,Normal,0,1,1,0,0,0,0,0,0,0,0,0,0,0
1284881,2012,3,18,16,4,6,43.65654538,-79.55759029,Etobicoke Centre (3),3,Eringate-Centennial-West Deane (11),11,D22,Etobicoke York,RATHBURN Road,WEST DEANE PARK Driv, ,Minor Arterial,Intersection,At Intersection,No Control,Clear,Daylight,Dry,Non-Fatal Injury,Turning Movement,Motorcycle Driver,25 to 29,Major,0,West,Motorcycle,Going Ahead,Exceeding Speed Limit,Normal, , , , , , ,0,0,1,1,0,0,0,0,1,1,0,0,0,0
1284881,2012,3,18,16,4,6,43.65654538,-79.55759029,Etobicoke Centre (3),3,Eringate-Centennial-West Deane (11),11,D22,Etobicoke York,RATHBURN Road,WEST DEANE PARK Driv, ,Minor Arterial,Intersection,At Intersection,No Control,Clear,Daylight,Dry,Non-Fatal Injury,Turning Movement,Driver,75 to 79,None,0,West,"Automobile, Station Wagon",Turning Right,Driving Properly,Normal, , , , , , ,0,0,1,1,0,0,0,0,1,1,0,0,0,0
1368450,2013,7,29,16,4,0,43.68064459,-79.48479090000001,York South-Weston (11),11,Rockcliffe-Smythe (111),111,D12,Etobicoke York,LANGDEN AVE,CLIFF ST, ,Local,Intersection, ,No Control,Clear,Daylight,Dry,Fatal,Pedestrian Collisions,Driver,70 to 74,None,0,West,"Automobile, Station Wagon",Reversing,Other,Inattentive, , , , , , ,1,0,1,0,0,0,0,0,0,0,0,0,0,1
1368450,2013,7,29,16,4,0,43.68064459,-79.48479090000001,York South-Weston (11),11,Rockcliffe-Smythe (111),111,D12,Etobicoke York,LANGDEN AVE,CLIFF ST, ,Local,Intersection, ,No Control,Clear,Daylight,Dry,Fatal,Pedestrian Collisions,Pedestrian,65 to 69,Fatal,29,Unknown, , , , ,Vehicle is reversing and hits pedestrian,Other,Normal, , , ,1,0,1,0,0,0,0,0,0,0,0,0,0,1
4001858374,2014,4,9,16,4,2,43.7145954,-79.35981379,Don Valley West (26),26,Thorncliffe Park (55),55,D53,North York,EGLINTON AVE E,BRENTCLIFFE RD, ,Major Arterial,Intersection,At Intersection,Traffic Signal,Clear,Daylight,Dry,Non-Fatal Injury,Turning Movement,Driver,45 to 49,None,0,West,"Automobile, Station Wagon",Turning Left,Failed to Yield Right of Way,Normal, , , , , , ,0,0,1,1,0,0,0,0,1,1,1,0,0,0
4001858374,2014,4,9,16,4,2,43.7145954,-79.35981379,Don Valley West (26),26,Thorncliffe Park (55),55,D53,North York,EGLINTON AVE E,BRENTCLIFFE RD, ,Major Arterial,Intersection,At Intersection,Traffic Signal,Clear,Daylight,Dry,Non-Fatal Injury,Turning Movement,Motorcycle Driver,35 to 39,Major,0,East,Motorcycle,Going Ahead,Disobeyed Traffic Control,Unknown, , , , , , ,0,0,1,1,0,0,0,0,1,1,1,0,0,0
6001792200,2016,10,8,16,4,5,43.76099356,-79.22578821,Scarborough Centre (38),38,Woburn (137),137,D43,Scarborough,678 MARKHAM RD, , ,Major Arterial,Mid-Block,Non Intersection,No Control,Clear,Daylight,Dry,Non-Fatal Injury,SMV Unattended Vehicle,Driver,65 to 69,Major,0,East,"Automobile, Station Wagon",Reversing,Other,Unknown, , , , , , ,0,0,1,0,0,0,0,0,1,1,0,0,0,0
6001792200,2016,10,8,16,4,5,43.76099356,-79.22578821,Scarborough Centre (38),38,Woburn (137),137,D43,Scarborough,678 MARKHAM RD, , ,Major Arterial,Mid-Block,Non Intersection,No Control,Clear,Daylight,Dry,Non-Fatal Injury,SMV Unattended Vehicle,Other,unknown,None,0,East,Passenger Van,Parked, , , , , , , , ,0,0,1,0,0,0,0,0,1,1,0,0,0,0
6001792200,2016,10,8,16,4,5,43.76099356,-79.22578821,Scarborough Centre (38),38,Woburn (137),137,D43,Scarborough,678 MARKHAM RD, , ,Major Arterial,Mid-Block,Non Intersection,No Control,Clear,Daylight,Dry,Non-Fatal Injury,SMV Unattended Vehicle,Other,unknown,None,0,East,"Automobile, Station Wagon",Parked, , , , , , , , ,0,0,1,0,0,0,0,0,1,1,0,0,0,0
7002024168,2017,11,8,16,4,2,43.70777838,-79.53358129,York South-Weston (11),11,Weston (113),113,D12,Etobicoke York,OAK ST,WESTON RD, ,Major Arterial,Intersection,At Intersection,Traffic Signal,Clear,Daylight,Dry,Non-Fatal Injury,Pedestrian Collisions,Driver,25 to 29,None,0,West,"Automobile, Station Wagon",Turning Right,Failed to Yield Right of Way,Inattentive, , , , , , ,1,0,1,0,0,0,0,0,0,1,0,0,0,0
7002024168,2017,11,8,16,4,2,43.70777838,-79.53358129,York South-Weston (11),11,Weston (113),113,D12,Etobicoke York,OAK ST,WESTON RD, ,Major Arterial,Intersection,At Intersection,Traffic Signal,Clear,Daylight,Dry,Non-Fatal Injury,Pedestrian Collisions,Pedestrian,15 to 19,Major,0, , , , , , , ,Normal, , , ,1,0,1,0,0,0,0,0,0,1,0,0,0,0
987506,2007,9,1,16,5,5,43.83654538,-79.25119029,Scarborough-Rouge River (41),41,Milliken (130),130,D42,Scarborough,STEELES Aven E,MARKHAM Road, ,Major Arterial,Intersection,At Intersection,Traffic Signal,Clear,Daylight,Dry,Non-Fatal Injury,Angle,Vehicle Owner,unknown,None,0, ,Other, , , , , , , , , ,0,0,1,0,0,0,0,1,1,1,1,0,0,0
6001911469,2016,10,27,15,49,3,43.64140661,-79.34917841,Toronto-Danforth (30),30,South Riverdale (70),70,D51,Toronto East York,CHERRY ST,POLSON ST, ,Collector,Mid-Block,Overpass or Bridge,No Control,Rain,Daylight,Wet,Fatal,SMV Other,Driver,50 to 54,Fatal,66,North,"Automobile, Station Wagon",Going Ahead,Lost control,Unknown, , , , , , ,0,0,1,0,0,0,0,0,0,0,0,0,0,1
5002156360,2015,12,16,16,45,2,43.80563696,-79.27736292,Scarborough-Rouge River (41),41,Agincourt North (129),129,D42,Scarborough,FINCH AVE E,BRIMLEY RD,9 m East of,Major Arterial,Intersection,At Intersection,Traffic Signal,Clear,Dusk,Wet,Non-Fatal Injury,Turning Movement,Driver,55 to 59,None,0,East,"Automobile, Station Wagon",Turning Left,Improper Turn,Unknown, , , , , , ,0,0,1,0,0,0,0,1,0,0,0,0,0,0
958821,2007,3,14,15,50,2,43.74974538,-79.61049029,Etobicoke North (1),1,West Humber-Clairville (1),1,D23,Etobicoke York,HIGHWAY 27  N,ROYALCREST RD, ,Major Arterial,Intersection,At Intersection,Traffic Signal,Clear,Daylight,Dry,Non-Fatal Injury,Turning Movement,Vehicle Owner,unknown, ,0, ,Other, , , , , , , , , ,0,0,1,0,0,1,0,1,0,0,0,0,0,0
5002156360,2015,12,16,16,45,2,43.80563696,-79.27736292,Scarborough-Rouge River (41),41,Agincourt North (129),129,D42,Scarborough,FINCH AVE E,BRIMLEY RD,9 m East of,Major Arterial,Intersection,At Intersection,Traffic Signal,Clear,Dusk,Wet,Non-Fatal Injury,Turning Movement,Driver,50 to 54,Major,0,West,Passenger Van,Going Ahead,Driving Properly,Unknown, , , , , , ,0,0,1,0,0,0,0,1,0,0,0,0,0,0
958821,2007,3,14,15,50,2,43.74974538,-79.61049029,Etobicoke North (1),1,West Humber-Clairville (1),1,D23,Etobicoke York,HIGHWAY 27  N,ROYALCREST RD, ,Major Arterial,Intersection,At Intersection,Traffic Signal,Clear,Daylight,Dry,Non-Fatal Injury,Turning Movement,Driver,35 to 39,None,0,North,"Automobile, Station Wagon",Going Ahead,Lost control,Normal, , , , , , ,0,0,1,0,0,1,0,1,0,0,0,0,0,0
958821,2007,3,14,15,50,2,43.74974538,-79.61049029,Etobicoke North (1),1,West Humber-Clairville (1),1,D23,Etobicoke York,HIGHWAY 27  N,ROYALCREST RD, ,Major Arterial,Intersection,At Intersection,Traffic Signal,Clear,Daylight,Dry,Non-Fatal Injury,Turning Movement,Passenger,35 to 39,Minimal,0, ,Other, , , , , , , , , ,0,0,1,0,0,1,0,1,0,0,0,0,0,0
958821,2007,3,14,15,50,2,43.74974538,-79.61049029,Etobicoke North (1),1,West Humber-Clairville (1),1,D23,Etobicoke York,HIGHWAY 27  N,ROYALCREST RD, ,Major Arterial,Intersection,At Intersection,Traffic Signal,Clear,Daylight,Dry,Non-Fatal Injury,Turning Movement,Driver,50 to 54,Major,0,West,"Automobile, Station Wagon",Turning Right,Driving Properly,Normal, , , , , , ,0,0,1,0,0,1,0,1,0,0,0,0,0,0
958821,2007,3,14,15,50,2,43.74974538,-79.61049029,Etobicoke North (1),1,West Humber-Clairville (1),1,D23,Etobicoke York,HIGHWAY 27  N,ROYALCREST RD, ,Major Arterial,Intersection,At Intersection,Traffic Signal,Clear,Daylight,Dry,Non-Fatal Injury,Turning Movement,Driver,70 to 74,None,0,West,"Automobile, Station Wagon",Turning Right,Driving Properly,Normal, , , , , , ,0,0,1,0,0,1,0,1,0,0,0,0,0,0
958821,2007,3,14,15,50,2,43.74974538,-79.61049029,Etobicoke North (1),1,West Humber-Clairville (1),1,D23,Etobicoke York,HIGHWAY 27  N,ROYALCREST RD, ,Major Arterial,Intersection,At Intersection,Traffic Signal,Clear,Daylight,Dry,Non-Fatal Injury,Turning Movement,Vehicle Owner,unknown, ,0, ,Other, , , , , , , , , ,0,0,1,0,0,1,0,1,0,0,0,0,0,0
958821,2007,3,14,15,50,2,43.74974538,-79.61049029,Etobicoke North (1),1,West Humber-Clairville (1),1,D23,Etobicoke York,HIGHWAY 27  N,ROYALCREST RD, ,Major Arterial,Intersection,At Intersection,Traffic Signal,Clear,Daylight,Dry,Non-Fatal Injury,Turning Movement,Driver,55 to 59,None,0,South,Municipal Transit Bus (TTC),Turning Left,Driving Properly,Normal, , , , , , ,0,0,1,0,0,1,0,1,0,0,0,0,0,0
967550,2007,3,27,15,50,1,43.67154538,-79.39029029,Toronto Centre-Rosedale (27),27,Annex (95),95,D53,Toronto East York,BAY ST,YORKVILLE AVE, ,Major Arterial,Mid-Block, ,No Control,Clear,Daylight,Dry,Non-Fatal Injury,Turning Movement,Vehicle Owner,unknown,None,0, ,Other, , , , , , , , , ,0,0,1,0,1,0,0,0,0,0,0,0,0,0
967550,2007,3,27,15,50,1,43.67154538,-79.39029029,Toronto Centre-Rosedale (27),27,Annex (95),95,D53,Toronto East York,BAY ST,YORKVILLE AVE, ,Major Arterial,Mid-Block, ,No Control,Clear,Daylight,Dry,Non-Fatal Injury,Turning Movement,Truck Driver,30 to 34,None,0,North,Truck - Open,Going Ahead,Driving Properly,Normal, , , , , , ,0,0,1,0,1,0,0,0,0,0,0,0,0,0
967550,2007,3,27,15,50,1,43.67154538,-79.39029029,Toronto Centre-Rosedale (27),27,Annex (95),95,D53,Toronto East York,BAY ST,YORKVILLE AVE, ,Major Arterial,Mid-Block, ,No Control,Clear,Daylight,Dry,Non-Fatal Injury,Turning Movement,Vehicle Owner,unknown,None,0, ,Other, , , , , , , , , ,0,0,1,0,1,0,0,0,0,0,0,0,0,0
967550,2007,3,27,15,50,1,43.67154538,-79.39029029,Toronto Centre-Rosedale (27),27,Annex (95),95,D53,Toronto East York,BAY ST,YORKVILLE AVE, ,Major Arterial,Mid-Block, ,No Control,Clear,Daylight,Dry,Non-Fatal Injury,Turning Movement,Driver,35 to 39,Major,0,North,"Automobile, Station Wagon",Making U Turn,Improper Lane Change,Other, , , , , , ,0,0,1,0,1,0,0,0,0,0,0,0,0,0
1038469,2008,5,2,15,50,4,43.78464538,-79.25619029,Scarborough-Rouge River (41),41,Agincourt South-Malvern West (128),128,D42,Scarborough,MCCOWAN RD,CORPORATE DR, ,Major Arterial,Mid-Block, ,No Control,Rain,Daylight,Wet,Non-Fatal Injury,Pedestrian Collisions,Driver,60 to 64,None,0,South,"Automobile, Station Wagon",Going Ahead,Driving Properly,Normal, , , , , , ,1,0,1,0,0,0,0,0,0,0,0,0,0,0
1038469,2008,5,2,15,50,4,43.78464538,-79.25619029,Scarborough-Rouge River (41),41,Agincourt South-Malvern West (128),128,D42,Scarborough,MCCOWAN RD,CORPORATE DR, ,Major Arterial,Mid-Block, ,No Control,Rain,Daylight,Wet,Non-Fatal Injury,Pedestrian Collisions,Pedestrian,55 to 59,Major,0, ,Other,Unknown, , ,Pedestrian hit at mid-block,"Crossing, no Traffic Control",Medical or Physical Disability, , , ,1,0,1,0,0,0,0,0,0,0,0,0,0,0
1197199,2010,9,19,15,50,6,43.72474631,-79.30259333,Scarborough Centre (37),37,Wexford/Maryvale (119),119,D41,Scarborough,EGLINTON AVE E,VICTORIA PARK AVE, ,Major Arterial,Intersection,At Intersection,Traffic Signal,Clear,Daylight,Dry,Non-Fatal Injury,Turning Movement,Motorcycle Driver,40 to 44,Major,0,East,Motorcycle,Going Ahead,Driving Properly,Normal, , , , , , ,0,0,1,1,0,0,0,0,0,0,0,0,0,0
1197199,2010,9,19,15,50,6,43.72474631,-79.30259333,Scarborough Centre (37),37,Wexford/Maryvale (119),119,D41,Scarborough,EGLINTON AVE E,VICTORIA PARK AVE, ,Major Arterial,Intersection,At Intersection,Traffic Signal,Clear,Daylight,Dry,Non-Fatal Injury,Turning Movement,Driver,60 to 64,None,0,West,"Automobile, Station Wagon",Turning Left,Improper Turn,Inattentive, , , , , , ,0,0,1,1,0,0,0,0,0,0,0,0,0,0
1191508,2010,9,26,15,50,6,43.67104538,-79.36419029,Toronto Centre-Rosedale (28),28,Cabbagetown-South St.James Town (71),71,D51,Toronto East York,ROSEDALE VALLEY RD,BLOOR ST E, ,Minor Arterial,Mid-Block, ,No Control,Clear,Daylight,Dry,Non-Fatal Injury,SMV Other,Motorcycle Passenger,20 to 24,Major,0, ,Other, , , , , , , , , ,0,0,0,1,0,0,0,1,0,1,0,0,0,0
1191508,2010,9,26,15,50,6,43.67104538,-79.36419029,Toronto Centre-Rosedale (28),28,Cabbagetown-South St.James Town (71),71,D51,Toronto East York,ROSEDALE VALLEY RD,BLOOR ST E, ,Minor Arterial,Mid-Block, ,No Control,Clear,Daylight,Dry,Non-Fatal Injury,SMV Other,Motorcycle Driver,35 to 39,Major,0,West,Motorcycle,Overtaking,Improper Passing,Unknown, , , , , , ,0,0,0,1,0,0,0,1,0,1,0,0,0,0
1247048,2011,8,2,15,50,1,43.66954538,-79.41299029,Trinity-Spadina (20),20,Annex (95),95,D14,Toronto East York,BATHURST Stre,FOLLIS Aven, ,Major Arterial,Intersection, ,No Control,Clear,Daylight,Dry,Non-Fatal Injury,Pedestrian Collisions,Driver,45 to 49,None,0,South,"Automobile, Station Wagon",Going Ahead,Driving Properly,Normal, , , , , , ,1,0,1,0,0,0,0,0,0,0,0,0,0,0
1247048,2011,8,2,15,50,1,43.66954538,-79.41299029,Trinity-Spadina (20),20,Annex (95),95,D14,Toronto East York,BATHURST Stre,FOLLIS Aven, ,Major Arterial,Intersection, ,No Control,Clear,Daylight,Dry,Non-Fatal Injury,Pedestrian Collisions,Pedestrian,90 to 94,Major,0,West,Other, , , ,Vehicle is going straight thru inter.while ped cross without ROW,"Crossing, no Traffic Control",Unknown, , , ,1,0,1,0,0,0,0,0,0,0,0,0,0,0
1292914,2012,3,14,15,50,2,43.65640982,-79.40768061,Trinity-Spadina (20),20,Kensington-Chinatown (78),78,D14,Toronto East York,COLLEGE ST,BATHURST ST, ,Major Arterial,Intersection,At Intersection,Traffic Signal,Clear,Daylight,Dry,Non-Fatal Injury,Cyclist Collisions,Vehicle Owner,unknown, ,0, , , , , , , , , , , ,0,1,1,0,0,0,0,0,0,0,0,0,0,0
1292914,2012,3,14,15,50,2,43.65640982,-79.40768061,Trinity-Spadina (20),20,Kensington-Chinatown (78),78,D14,Toronto East York,COLLEGE ST,BATHURST ST, ,Major Arterial,Intersection,At Intersection,Traffic Signal,Clear,Daylight,Dry,Non-Fatal Injury,Cyclist Collisions,Cyclist,50 to 54,Major,0,East,Bicycle,Going Ahead, , , , , ,"Cyclist without ROW rides into path of motorist at inter, lnwy, dwy-Cyclist not turn.",Improper Passing,Normal,0,1,1,0,0,0,0,0,0,0,0,0,0,0
1292914,2012,3,14,15,50,2,43.65640982,-79.40768061,Trinity-Spadina (20),20,Kensington-Chinatown (78),78,D14,Toronto East York,COLLEGE ST,BATHURST ST, ,Major Arterial,Intersection,At Intersection,Traffic Signal,Clear,Daylight,Dry,Non-Fatal Injury,Cyclist Collisions,Driver,25 to 29,None,0,East,"Automobile, Station Wagon",Turning Right,Driving Properly,Normal, , , , , , ,0,1,1,0,0,0,0,0,0,0,0,0,0,0
4001851906,2014,4,8,15,50,1,43.72085531,-79.25707636,Scarborough Southwest (35),35,Kennedy Park (124),124,D41,Scarborough,DANFORTH RD,LINDEN AVE, ,Major Arterial,Intersection,At Intersection,No Control,Clear,Daylight,Dry,Non-Fatal Injury,Pedestrian Collisions,Driver,30 to 34,None,0,South,"Automobile, Station Wagon",Going Ahead,Driving Properly,Normal, , , , , , ,1,0,1,0,0,0,0,0,0,0,0,0,0,0
4001851906,2014,4,8,15,50,1,43.72085531,-79.25707636,Scarborough Southwest (35),35,Kennedy Park (124),124,D41,Scarborough,DANFORTH RD,LINDEN AVE, ,Major Arterial,Intersection,At Intersection,No Control,Clear,Daylight,Dry,Non-Fatal Injury,Pedestrian Collisions,Pedestrian,10 to 14,Major,0,East, , , , ,Vehicle is going straight thru inter.while ped cross without ROW,"Crossing, no Traffic Control",Normal, , , ,1,0,1,0,0,0,0,0,0,0,0,0,0,0
7000831003,2017,5,11,15,50,3,43.67819937,-79.34827051,Toronto-Danforth (30),30,North Riverdale (68),68,D55,Toronto East York,DANFORTH AVE,FERRIER AVE,2 m West of,Major Arterial,Intersection,Intersection Related,No Control,Clear,Daylight,Dry,Non-Fatal Injury,Cyclist Collisions,Driver,unknown,None,0,West,"Automobile, Station Wagon",Overtaking,Improper Passing,Inattentive, , , , , , ,0,1,1,0,0,0,0,0,0,1,0,0,0,0