ACCNUM,YEAR,MONTH,DAY,HOUR,MINUTES,WEEKDAY,LATITUDE,LONGITUDE,Ward_Name,Ward_ID,Hood_Name,Hood_ID,Division,District,STREET1,STREET2,OFFSET,ROAD_CLASS,LOCCOORD,ACCLOC,TRAFFCTL,VISIBILITY,LIGHT,RDSFCOND,ACCLASS,IMPACTYPE,INVTYPE,INVAGE,INJURY,FATAL_NO,INITDIR,VEHTYPE,MANOEUVER,DRIVACT,DRIVCOND,PEDTYPE,PEDACT,PEDCOND,CYCLISTYPE,CYCACT,CYCCOND,PEDESTRIAN,CYCLIST,AUTOMOBILE,MOTORCYCLE,TRUCK,TRSN_CITY_VEH,EMERG_VEH,PASSENGER,SPEEDING,AG_DRIV,REDLIGHT,ALCOHOL,DISABILITY,FATAL
5001077682,2015,6,26,16,52,4,43.77371939,-79.35331354,Don Valley East (33),33,Henry Farm (53),53,D33,North York,SHEPPARD AVE E,SHAUGHNESSY BLVD,5 m West of,Major Arterial,Intersection,Intersection Related,Traffic Signal,Clear,Daylight,Dry,Non-Fatal Injury,Turning Movement,Driver,25 to 29,None,0,East,"Automobile, Station Wagon",Going Ahead,Driving Properly,Normal, , , , , , ,0,0,1,1,0,0,0,1,0,0,0,0,0,0
5001077682,2015,6,26,16,52,4,43.77371939,-79.35331354,Don Valley East (33),33,Henry Farm (53),53,D33,North York,SHEPPARD AVE E,SHAUGHNESSY BLVD,5 m West of,Major Arterial,Intersection,Intersection Related,Traffic Signal,Clear,Daylight,Dry,Non-Fatal Injury,Turning Movement,Passenger,25 to 29,None,0, , , , , , , , , , , ,0,0,1,1,0,0,0,1,0,0,0,0,0,0
5001534311,2015,9,5,16,52,5,43.76113089,-79.44869623,York Centre (10),10,Bathurst Manor (34),34,D32,North York,MAXWELL ST,HOVE ST,40 m South of,Local,Intersection,Non Intersection,No Control,Clear,Daylight,Dry,Fatal,SMV Other,Driver,85 to 89,Major,0,South,"Automobile, Station Wagon",Going Ahead,Lost control,Unknown, , , , , , ,0,0,1,0,0,0,0,1,0,0,0,0,0,1
5001534311,2015,9,5,16,52,5,43.76113089,-79.44869623,York Centre (10),10,Bathurst Manor (34),34,D32,North York,MAXWELL ST,HOVE ST,40 m South of,Local,Intersection,Non Intersection,No Control,Clear,Daylight,Dry,Fatal,SMV Other,Passenger,90 to 94,Fatal,45, , , , , , , , , , , ,0,0,1,0,0,0,0,1,0,0,0,0,0,1
7001742051,2017,9,25,16,52,0,43.70050738,-79.42784529,St. Paul's (21),21,Humewood-Cedarvale (106),106,D13,Toronto East York,EGLINTON AVE W,CHILTERN HILL RD   (131),10 m West of,Major Arterial,Intersection,Intersection Related,Stop Sign,Clear,Daylight,Dry,Non-Fatal Injury,Pedestrian Collisions,Driver,25 to 29,None,0,North,"Automobile, Station Wagon",Turning Left,Driving Properly,Normal, , , , , , ,1,0,1,0,0,0,0,0,0,0,0,0,0,0
7001742051,2017,9,25,16,52,0,43.70050738,-79.42784529,St. Paul's (21),21,Humewood-Cedarvale (106),106,D13,Toronto East York,EGLINTON AVE W,CHILTERN HILL RD   (131),10 m West of,Major Arterial,Intersection,Intersection Related,Stop Sign,Clear,Daylight,Dry,Non-Fatal Injury,Pedestrian Collisions,Pedestrian,50 to 54,Major,0, , , , , , , ,Normal, , , ,1,0,1,0,0,0,0,0,0,0,0,0,0,0
1121596,2009,7,18,16,53,5,43.67134538,-79.29349029,Beaches-East York (32),32,The Beaches (63),63,D55,Toronto East York,QUEEN ST E,SCARBORO BEACH BLVD, ,Minor Arterial,Intersection,At Intersection,Stop Sign,Clear,Daylight,Dry,Non-Fatal Injury,Turning Movement,Vehicle Owner,unknown, ,0, ,Other, , , , , , , , , ,0,0,1,1,0,0,0,0,0,1,0,0,0,0
1121596,2009,7,18,16,53,5,43.67134538,-79.29349029,Beaches-East York (32),32,The Beaches (63),63,D55,Toronto East York,QUEEN ST E,SCARBORO BEACH BLVD, ,Minor Arterial,Intersection,At Intersection,Stop Sign,Clear,Daylight,Dry,Non-Fatal Injury,Turning Movement,Driver,65 to 69,None,0,North,"Automobile, Station Wagon",Turning Left,Failed to Yield Right of Way,Inattentive, , , , , , ,0,0,1,1,0,0,0,0,0,1,0,0,0,0
5001806026,2015,10,20,12,50,1,43.64300497,-79.42480859999999,Davenport (18),18,Little Portugal (84),84,D14,Toronto East York,QUEEN ST W,BEACONSFIELD AVE,60 m West of,Major Arterial,Intersection,Non Intersection,No Control,Clear,Daylight,Dry,Non-Fatal Injury,Cyclist Collisions,Driver,30 to 34,None,0,East,"Automobile, Station Wagon",Stopped,Other,Inattentive, , , , , , ,0,1,1,0,0,0,0,1,0,0,0,0,0,0
5001806026,2015,10,20,12,50,1,43.64300497,-79.42480859999999,Davenport (18),18,Little Portugal (84),84,D14,Toronto East York,QUEEN ST W,BEACONSFIELD AVE,60 m West of,Major Arterial,Intersection,Non Intersection,No Control,Clear,Daylight,Dry,Non-Fatal Injury,Cyclist Collisions,Cyclist,25 to 29,Major,0,East,Bicycle,Overtaking, , , , , ,Cyclist struck opened vehicle door,Driving Properly,Normal,0,1,1,0,0,0,0,1,0,0,0,0,0,0
5001806026,2015,10,20,12,50,1,43.64300497,-79.42480859999999,Davenport (18),18,Little Portugal (84),84,D14,Toronto East York,QUEEN ST W,BEACONSFIELD AVE,60 m West of,Major Arterial,Intersection,Non Intersection,No Control,Clear,Daylight,Dry,Non-Fatal Injury,Cyclist Collisions,Passenger,0 to 4,None,0, , , , , , , , , , , ,0,1,1,0,0,0,0,1,0,0,0,0,0,0
6000934627,2016,5,30,12,50,0,43.65424689,-79.38316736,Toronto Centre-Rosedale (27),27,Bay Street Corridor (76),76,D52,Toronto East York,BAY ST,HAGERMAN ST, ,Major Arterial,Intersection,At Intersection,Traffic Signal,Clear,Daylight,Dry,Non-Fatal Injury,Turning Movement,Driver,35 to 39,None,0,East,"Automobile, Station Wagon",Turning Left,Failed to Yield Right of Way,Inattentive, , , , , , ,0,0,1,1,0,0,0,1,0,1,0,0,0,0
6000934627,2016,5,30,12,50,0,43.65424689,-79.38316736,Toronto Centre-Rosedale (27),27,Bay Street Corridor (76),76,D52,Toronto East York,BAY ST,HAGERMAN ST, ,Major Arterial,Intersection,At Intersection,Traffic Signal,Clear,Daylight,Dry,Non-Fatal Injury,Turning Movement,Motorcycle Driver,35 to 39,Major,0,South,Motorcycle,Going Ahead,Driving Properly,Normal, , , , , , ,0,0,1,1,0,0,0,1,0,1,0,0,0,0
6000934627,2016,5,30,12,50,0,43.65424689,-79.38316736,Toronto Centre-Rosedale (27),27,Bay Street Corridor (76),76,D52,Toronto East York,BAY ST,HAGERMAN ST, ,Major Arterial,Intersection,At Intersection,Traffic Signal,Clear,Daylight,Dry,Non-Fatal Injury,Turning Movement,Passenger,50 to 54,None,0, , , , , , , , , , , ,0,0,1,1,0,0,0,1,0,1,0,0,0,0
7001234920,2017,7,10,12,50,0,43.79960638,-79.35409929,Willowdale (24),24,Hillcrest Village (48),48,D33,North York,DON MILLS RD,MCNICOLL AVE, ,Major Arterial,Intersection,At Intersection,Traffic Signal,Clear,Daylight,Dry,Non-Fatal Injury,Turning Movement,Driver,35 to 39,None,0,North,Pick Up Truck,Turning Left,Improper Turn,Normal, , , , , , ,0,0,1,0,0,0,0,1,0,0,0,0,0,0
7001234920,2017,7,10,12,50,0,43.79960638,-79.35409929,Willowdale (24),24,Hillcrest Village (48),48,D33,North York,DON MILLS RD,MCNICOLL AVE, ,Major Arterial,Intersection,At Intersection,Traffic Signal,Clear,Daylight,Dry,Non-Fatal Injury,Turning Movement,Driver,55 to 59,Minor,0,South,"Automobile, Station Wagon",Going Ahead,Driving Properly,Normal, , , , , , ,0,0,1,0,0,0,0,1,0,0,0,0,0,0
7001234920,2017,7,10,12,50,0,43.79960638,-79.35409929,Willowdale (24),24,Hillcrest Village (48),48,D33,North York,DON MILLS RD,MCNICOLL AVE, ,Major Arterial,Intersection,At Intersection,Traffic Signal,Clear,Daylight,Dry,Non-Fatal Injury,Turning Movement,Passenger,15 to 19,None,0, , , , , , , , , , , ,0,0,1,0,0,0,0,1,0,0,0,0,0,0
7001234920,2017,7,10,12,50,0,43.79960638,-79.35409929,Willowdale (24),24,Hillcrest Village (48),48,D33,North York,DON MILLS RD,MCNICOLL AVE, ,Major Arterial,Intersection,At Intersection,Traffic Signal,Clear,Daylight,Dry,Non-Fatal Injury,Turning Movement,Passenger,60 to 64,None,0, , , , , , , , , , , ,0,0,1,0,0,0,0,1,0,0,0,0,0,0
7001234920,2017,7,10,12,50,0,43.79960638,-79.35409929,Willowdale (24),24,Hillcrest Village (48),48,D33,North York,DON MILLS RD,MCNICOLL AVE, ,Major Arterial,Intersection,At Intersection,Traffic Signal,Clear,Daylight,Dry,Non-Fatal Injury,Turning Movement,Passenger,10 to 14,Major,0, , , , , , , , , , , ,0,0,1,0,0,0,0,1,0,0,0,0,0,0
1350140,2013,4,4,12,51,3,43.63694538,-79.55669029,Etobicoke-Lakeshore (5),5,Islington-City Centre West (14),14,D22,Etobicoke York,THE EAST MALL,BLOOR St W, ,Major Arterial,Intersection,At Intersection,Traffic Signal,Clear,Daylight,Dry,Non-Fatal Injury,SMV Other,Driver,85 to 89,Major,0,North,"Automobile, Station Wagon",Going Ahead,Lost control,Unknown, , , , , , ,0,0,1,0,0,0,0,0,0,0,0,0,0,0
1350140,2013,4,4,12,51,3,43.63694538,-79.55669029,Etobicoke-Lakeshore (5),5,Islington-City Centre West (14),14,D22,Etobicoke York,THE EAST MALL,BLOOR St W, ,Major Arterial,Intersection,At Intersection,Traffic Signal,Clear,Daylight,Dry,Non-Fatal Injury,SMV Other,Other Property Owner,unknown, ,0, ,Other, , , , , , , , , ,0,0,1,0,0,0,0,0,0,0,0,0,0,0
1106697,2009,5,28,12,52,3,43.73284538,-79.58319029,Etobicoke North (1),1,Mount Olive-Silverstone-Jamestown (2),2,D23,North York,JOHN GARLAND Blvd,COLLINGDALE Rd, ,Collector,Mid-Block, ,No Control,Rain,Daylight,Wet,Non-Fatal Injury,SMV Other,Passenger,10 to 14,Major,0, ,Other, , , , , , , , , ,0,0,1,0,0,0,0,1,0,0,0,0,0,0
1106697,2009,5,28,12,52,3,43.73284538,-79.58319029,Etobicoke North (1),1,Mount Olive-Silverstone-Jamestown (2),2,D23,North York,JOHN GARLAND Blvd,COLLINGDALE Rd, ,Collector,Mid-Block, ,No Control,Rain,Daylight,Wet,Non-Fatal Injury,SMV Other,Passenger,5 to 9,Major,0, ,Other, , , , , , , , , ,0,0,1,0,0,0,0,1,0,0,0,0,0,0
1106697,2009,5,28,12,52,3,43.73284538,-79.58319029,Etobicoke North (1),1,Mount Olive-Silverstone-Jamestown (2),2,D23,North York,JOHN GARLAND Blvd,COLLINGDALE Rd, ,Collector,Mid-Block, ,No Control,Rain,Daylight,Wet,Non-Fatal Injury,SMV Other,Vehicle Owner,unknown, ,0, ,Other, , , , , , , , , ,0,0,1,0,0,0,0,1,0,0,0,0,0,0
1106697,2009,5,28,12,52,3,43.73284538,-79.58319029,Etobicoke North (1),1,Mount Olive-Silverstone-Jamestown (2),2,D23,North York,JOHN GARLAND Blvd,COLLINGDALE Rd, ,Collector,Mid-Block, ,No Control,Rain,Daylight,Wet,Non-Fatal Injury,SMV Other,Driver,40 to 44,Major,0,East,"Automobile, Station Wagon",Going Ahead,Lost control,Unknown, , , , , , ,0,0,1,0,0,0,0,1,0,0,0,0,0,0
1346813,2013,3,16,12,52,5,43.81964538,-79.32439029,Scarborough-Agincourt (39),39,Steeles (116),116,D42,Scarborough,WARDEN AVE,STEELES AVE E, ,Major Arterial,Intersection, ,Traffic Signal,Clear,Daylight,Dry,Non-Fatal Injury,Cyclist Collisions,Driver,30 to 34,None,0,South,"Automobile, Station Wagon",Turning Right,Improper Turn,Normal, , , , , , ,0,1,1,0,0,0,0,0,0,0,0,0,0,0
1346813,2013,3,16,12,52,5,43.81964538,-79.32439029,Scarborough-Agincourt (39),39,Steeles (116),116,D42,Scarborough,WARDEN AVE,STEELES AVE E, ,Major Arterial,Intersection, ,Traffic Signal,Clear,Daylight,Dry,Non-Fatal Injury,Cyclist Collisions,Cyclist,65 to 69,Major,0,East,Bicycle,Going Ahead, , , , , ,Motorist turning right on green or amber at signalized intersection strikes cyclist.,Other,Normal,0,1,1,0,0,0,0,0,0,0,0,0,0,0
4002253625,2014,6,9,12,52,0,43.59204825,-79.53471766,Etobicoke-Lakeshore (6),6,Long Branch (19),19,D22,Etobicoke York,THIRTY FIFTH ST,DOMINION RD, ,Local,Intersection,Intersection Related,Stop Sign,Clear,Daylight,Dry,Non-Fatal Injury,Angle,Driver,35 to 39,None,0,West,"Automobile, Station Wagon",Going Ahead,Failed to Yield Right of Way,Inattentive, , , , , , ,0,0,1,0,0,0,0,1,0,1,0,0,0,0
4002253625,2014,6,9,12,52,0,43.59204825,-79.53471766,Etobicoke-Lakeshore (6),6,Long Branch (19),19,D22,Etobicoke York,THIRTY FIFTH ST,DOMINION RD, ,Local,Intersection,Intersection Related,Stop Sign,Clear,Daylight,Dry,Non-Fatal Injury,Angle,Driver,35 to 39,Major,0,North,Pick Up Truck,Going Ahead,Driving Properly,Normal, , , , , , ,0,0,1,0,0,0,0,1,0,1,0,0,0,0
4002253625,2014,6,9,12,52,0,43.59204825,-79.53471766,Etobicoke-Lakeshore (6),6,Long Branch (19),19,D22,Etobicoke York,THIRTY FIFTH ST,DOMINION RD, ,Local,Intersection,Intersection Related,Stop Sign,Clear,Daylight,Dry,Non-Fatal Injury,Angle,Passenger,5 to 9,None,0, , , , , , , , , , , ,0,0,1,0,0,0,0,1,0,1,0,0,0,0
4002253625,2014,6,9,12,52,0,43.59204825,-79.53471766,Etobicoke-Lakeshore (6),6,Long Branch (19),19,D22,Etobicoke York,THIRTY FIFTH ST,DOMINION RD, ,Local,Intersection,Intersection Related,Stop Sign,Clear,Daylight,Dry,Non-Fatal Injury,Angle,Passenger,0 to 4,None,0, , , , , , , , , , , ,0,0,1,0,0,0,0,1,0,1,0,0,0,0
1124219,2009,9,11,12,53,4,43.75954538,-79.41979029,Willowdale (23),23,Lansing-Westgate (38),38,D32,North York,SHEPPARD Ave W,WELBECK Rd, ,Major Arterial,Mid-Block, ,No Control,Clear,Daylight,Dry,Non-Fatal Injury,Pedestrian Collisions,Driver,45 to 49,Major,0,East,"Automobile, Station Wagon",Going Ahead,Lost control,Medical or Physical Disability, , , , , , ,1,0,1,0,0,0,0,0,0,0,0,0,1,0
1124219,2009,9,11,12,53,4,43.75954538,-79.41979029,Willowdale (23),23,Lansing-Westgate (38),38,D32,North York,SHEPPARD Ave W,WELBECK Rd, ,Major Arterial,Mid-Block, ,No Control,Clear,Daylight,Dry,Non-Fatal Injury,Pedestrian Collisions,Vehicle Owner,unknown, ,0, ,Other, , , , , , , , , ,1,0,1,0,0,0,0,0,0,0,0,0,1,0
1124219,2009,9,11,12,53,4,43.75954538,-79.41979029,Willowdale (23),23,Lansing-Westgate (38),38,D32,North York,SHEPPARD Ave W,WELBECK Rd, ,Major Arterial,Mid-Block, ,No Control,Clear,Daylight,Dry,Non-Fatal Injury,Pedestrian Collisions,Driver,50 to 54,None,0,West,"Automobile, Station Wagon",Going Ahead,Driving Properly,Normal, , , , , , ,1,0,1,0,0,0,0,0,0,0,0,0,1,0
1124219,2009,9,11,12,53,4,43.75954538,-79.41979029,Willowdale (23),23,Lansing-Westgate (38),38,D32,North York,SHEPPARD Ave W,WELBECK Rd, ,Major Arterial,Mid-Block, ,No Control,Clear,Daylight,Dry,Non-Fatal Injury,Pedestrian Collisions,Pedestrian,55 to 59,Major,0,West,Other, , , ,Pedestrian hit on sidewalk or shoulder,On Sidewalk or Shoulder,Normal, , , ,1,0,1,0,0,0,0,0,0,0,0,0,1,0
5001207270,2015,7,16,12,53,3,43.69476279,-79.3007699,Beaches-East York (31),31,Taylor-Massey (61),61,D54,Toronto East York,EASTDALE AVE,GOODWOOD PARK CRES,35 m North of,Collector,Mid-Block,Non Intersection,No Control,Clear,Daylight,Dry,Non-Fatal Injury,Pedestrian Collisions,Driver,25 to 29,None,0,North,"Automobile, Station Wagon",Going Ahead,Driving Properly,Normal, , , , , , ,1,0,1,0,0,0,0,1,0,0,0,0,0,0
5001207270,2015,7,16,12,53,3,43.69476279,-79.3007699,Beaches-East York (31),31,Taylor-Massey (61),61,D54,Toronto East York,EASTDALE AVE,GOODWOOD PARK CRES,35 m North of,Collector,Mid-Block,Non Intersection,No Control,Clear,Daylight,Dry,Non-Fatal Injury,Pedestrian Collisions,Pedestrian,15 to 19,Major,0,West, , , , ,Vehicle hits the pedestrian walking or running out from between parked vehicles at mid-block,Coming From Behind Parked Vehicle,Inattentive, , , ,1,0,1,0,0,0,0,1,0,0,0,0,0,0
5001207270,2015,7,16,12,53,3,43.69476279,-79.3007699,Beaches-East York (31),31,Taylor-Massey (61),61,D54,Toronto East York,EASTDALE AVE,GOODWOOD PARK CRES,35 m North of,Collector,Mid-Block,Non Intersection,No Control,Clear,Daylight,Dry,Non-Fatal Injury,Pedestrian Collisions,Passenger,5 to 9,None,0, , , , , , , , , , , ,1,0,1,0,0,0,0,1,0,0,0,0,0,0
5001207270,2015,7,16,12,53,3,43.69476279,-79.3007699,Beaches-East York (31),31,Taylor-Massey (61),61,D54,Toronto East York,EASTDALE AVE,GOODWOOD PARK CRES,35 m North of,Collector,Mid-Block,Non Intersection,No Control,Clear,Daylight,Dry,Non-Fatal Injury,Pedestrian Collisions,Passenger,0 to 4,None,0, , , , , , , , , , , ,1,0,1,0,0,0,0,1,0,0,0,0,0,0
5001207270,2015,7,16,12,53,3,43.69476279,-79.3007699,Beaches-East York (31),31,Taylor-Massey (61),61,D54,Toronto East York,EASTDALE AVE,GOODWOOD PARK CRES,35 m North of,Collector,Mid-Block,Non Intersection,No Control,Clear,Daylight,Dry,Non-Fatal Injury,Pedestrian Collisions,Passenger,5 to 9,None,0, , , , , , , , , , , ,1,0,1,0,0,0,0,1,0,0,0,0,0,0
5001207270,2015,7,16,12,53,3,43.69476279,-79.3007699,Beaches-East York (31),31,Taylor-Massey (61),61,D54,Toronto East York,EASTDALE AVE,GOODWOOD PARK CRES,35 m North of,Collector,Mid-Block,Non Intersection,No Control,Clear,Daylight,Dry,Non-Fatal Injury,Pedestrian Collisions,Passenger,0 to 4,None,0, , , , , , , , , , , ,1,0,1,0,0,0,0,1,0,0,0,0,0,0
5002220976,2015,12,28,12,53,0,43.72692831,-79.29140864,Scarborough Southwest (35),35,Clairlea-Birchmount (120),120,D41,Scarborough,HAKIMI  AVE,EGLINTON AVE E,20 m North of,Local,Intersection,At/Near Private Drive,No Control,Clear,Daylight,Dry,Non-Fatal Injury,Angle,Driver,40 to 44,None,0,West,"Automobile, Station Wagon",Going Ahead,Failed to Yield Right of Way,Inattentive, , , , , , ,0,0,1,0,0,0,0,0,0,1,0,0,0,0
5002220976,2015,12,28,12,53,0,43.72692831,-79.29140864,Scarborough Southwest (35),35,Clairlea-Birchmount (120),120,D41,Scarborough,HAKIMI  AVE,EGLINTON AVE E,20 m North of,Local,Intersection,At/Near Private Drive,No Control,Clear,Daylight,Dry,Non-Fatal Injury,Angle,Driver,20 to 24,Major,0,South,"Automobile, Station Wagon",Going Ahead,Driving Properly,Normal, , , , , , ,0,0,1,0,0,0,0,0,0,1,0,0,0,0
1182676,2010,6,26,12,54,5,43.65904538,-79.42189029,Trinity-Spadina (19),19,Palmerston-Little Italy (80),80,D14,Toronto East York,SHAW St,HARBORD St, ,Minor Arterial,Intersection,At Intersection,Traffic Signal,Rain,Daylight,Wet,Non-Fatal Injury,Pedestrian Collisions,Pedestrian,80 to 84,Major,0,South,Other, , , ,Vehicle turns left while ped crosses with ROW at inter.,Crossing with right of way,Normal, , , ,1,0,1,0,0,0,0,0,0,1,0,0,0,0
1182676,2010,6,26,12,54,5,43.65904538,-79.42189029,Trinity-Spadina (19),19,Palmerston-Little Italy (80),80,D14,Toronto East York,SHAW St,HARBORD St, ,Minor Arterial,Intersection,At Intersection,Traffic Signal,Rain,Daylight,Wet,Non-Fatal Injury,Pedestrian Collisions,Driver,70 to 74,None,0,South,"Automobile, Station Wagon",Turning Left,Failed to Yield Right of Way,Normal, , , , , , ,1,0,1,0,0,0,0,0,0,1,0,0,0,0
143250160,2014,11,6,12,54,3,43.73603399,-79.25877009,Scarborough Centre (37),37,Eglinton East (138),138,D41,Scarborough,MIDLAND AVE,GILDER DR, ,Major Arterial,Intersection, ,Traffic Signal,Clear,Daylight,Dry,Fatal,Pedestrian Collisions,Pedestrian,40 to 44,Fatal,38,Unknown, , , , ,Pedestrian hit on sidewalk or shoulder,On Sidewalk or Shoulder,Normal, , , ,1,0,1,0,0,0,0,0,0,0,0,0,0,1
143250160,2014,11,6,12,54,3,43.73603399,-79.25877009,Scarborough Centre (37),37,Eglinton East (138),138,D41,Scarborough,MIDLAND AVE,GILDER DR, ,Major Arterial,Intersection, ,Traffic Signal,Clear,Daylight,Dry,Fatal,Pedestrian Collisions,Driver,30 to 34,Minor,0,North,Passenger Van,Going Ahead,Lost control,Normal, , , , , , ,1,0,1,0,0,0,0,0,0,0,0,0,0,1
955463,2007,2,25,12,55,6,43.67124538,-79.44029029,Davenport (17),17,Dovercourt-Wallace Emerson-Junction (93),93,D13,Etobicoke York,DUFFERIN ST,CHANDOS AVE, ,Major Arterial,Intersection,At Intersection,No Control,Clear,Daylight,Dry,Non-Fatal Injury,Pedestrian Collisions,Vehicle Owner,unknown, ,0, ,Other, , , , , , , , , ,1,0,1,0,0,0,0,0,0,1,0,0,0,0
955463,2007,2,25,12,55,6,43.67124538,-79.44029029,Davenport (17),17,Dovercourt-Wallace Emerson-Junction (93),93,D13,Etobicoke York,DUFFERIN ST,CHANDOS AVE, ,Major Arterial,Intersection,At Intersection,No Control,Clear,Daylight,Dry,Non-Fatal Injury,Pedestrian Collisions,Driver,35 to 39,None,0,North,"Automobile, Station Wagon",Turning Left,Failed to Yield Right of Way,Inattentive, , , , , , ,1,0,1,0,0,0,0,0,0,1,0,0,0,0
955463,2007,2,25,12,55,6,43.67124538,-79.44029029,Davenport (17),17,Dovercourt-Wallace Emerson-Junction (93),93,D13,Etobicoke York,DUFFERIN ST,CHANDOS AVE, ,Major Arterial,Intersection,At Intersection,No Control,Clear,Daylight,Dry,Non-Fatal Injury,Pedestrian Collisions,Pedestrian,60 to 64,Major,0,South,Other, , , ,Vehicle turns left while ped crosses with ROW at inter.,Crossing with right of way,Normal, , , ,1,0,1,0,0,0,0,0,0,1,0,0,0,0
981510,2007,7,25,12,55,2,43.69414538,-79.32799029,Beaches-East York (31),31,Old East York (58),58,D54,Toronto East York,COXWELL AVE,COSBURN AVE, ,Minor Arterial,Intersection,At Intersection,Traffic Signal,Clear,Daylight,Dry,Non-Fatal Injury,Angle,Vehicle Owner,unknown,None,0, ,Other, , , , , , , , , ,0,0,1,0,0,0,0,1,1,1,1,0,0,0
981510,2007,7,25,12,55,2,43.69414538,-79.32799029,Beaches-East York (31),31,Old East York (58),58,D54,Toronto East York,COXWELL AVE,COSBURN AVE, ,Minor Arterial,Intersection,At Intersection,Traffic Signal,Clear,Daylight,Dry,Non-Fatal Injury,Angle,Driver,35 to 39,Minimal,0,North,"Automobile, Station Wagon",Going Ahead,Disobeyed Traffic Control,Inattentive, , , , , , ,0,0,1,0,0,0,0,1,1,1,1,0,0,0
981510,2007,7,25,12,55,2,43.69414538,-79.32799029,Beaches-East York (31),31,Old East York (58),58,D54,Toronto East York,COXWELL AVE,COSBURN AVE, ,Minor Arterial,Intersection,At Intersection,Traffic Signal,Clear,Daylight,Dry,Non-Fatal Injury,Angle,Driver,70 to 74,Major,0,East,"Automobile, Station Wagon",Going Ahead,Driving Properly,Normal, , , , , , ,0,0,1,0,0,0,0,1,1,1,1,0,0,0
981510,2007,7,25,12,55,2,43.69414538,-79.32799029,Beaches-East York (31),31,Old East York (58),58,D54,Toronto East York,COXWELL AVE,COSBURN AVE, ,Minor Arterial,Intersection,At Intersection,Traffic Signal,Clear,Daylight,Dry,Non-Fatal Injury,Angle,Vehicle Owner,unknown,None,0, ,Other, , , , , , , , , ,0,0,1,0,0,0,0,1,1,1,1,0,0,0
981510,2007,7,25,12,55,2,43.69414538,-79.32799029,Beaches-East York (31),31,Old East York (58),58,D54,Toronto East York,COXWELL AVE,COSBURN AVE, ,Minor Arterial,Intersection,At Intersection,Traffic Signal,Clear,Daylight,Dry,Non-Fatal Injury,Angle,Driver,45 to 49,None,0,South,"Automobile, Station Wagon",Stopped,Driving Properly,Normal, , , , , , ,0,0,1,0,0,0,0,1,1,1,1,0,0,0
981510,2007,7,25,12,55,2,43.69414538,-79.32799029,Beaches-East York (31),31,Old East York (58),58,D54,Toronto East York,COXWELL AVE,COSBURN AVE, ,Minor Arterial,Intersection,At Intersection,Traffic Signal,Clear,Daylight,Dry,Non-Fatal Injury,Angle,Passenger,25 to 29,Minimal,0, ,Other, , , , , , , , , ,0,0,1,0,0,0,0,1,1,1,1,0,0,0
1003358,2007,11,17,12,55,5,43.68864538,-79.44739029,Davenport (17),17,Caledonia-Fairbank (109),109,D13,North York,DUFFERIN ST,HOLMESDALE RD, ,Major Arterial,Intersection,At Intersection,Traffic Signal,Clear,Daylight,Dry,Non-Fatal Injury,Pedestrian Collisions,Driver,75 to 79,None,0,South,"Automobile, Station Wagon",Going Ahead,Disobeyed Traffic Control,Inattentive, , , , , , ,1,0,1,0,0,0,0,0,0,1,1,0,0,0
1003358,2007,11,17,12,55,5,43.68864538,-79.44739029,Davenport (17),17,Caledonia-Fairbank (109),109,D13,North York,DUFFERIN ST,HOLMESDALE RD, ,Major Arterial,Intersection,At Intersection,Traffic Signal,Clear,Daylight,Dry,Non-Fatal Injury,Pedestrian Collisions,Pedestrian,40 to 44,Major,0,East,Other, , , ,Vehicle is going straight thru inter.while ped cross with ROW,Crossing with right of way,Normal, , , ,1,0,1,0,0,0,0,0,0,1,1,0,0,0
1132127,2009,10,21,12,55,2,43.75634538,-79.54349029,York West (7),7,Humber Summit (21),21,D31,Etobicoke York,WESTON RD,FENMAR DR, ,Major Arterial,Mid-Block,At Intersection,No Control,Rain,Daylight,Wet,Fatal,Pedestrian Collisions,Other,unknown,None,0,South,Other,Parked, , , , , , , , ,1,0,0,0,1,0,0,0,0,0,0,0,0,1
1132127,2009,10,21,12,55,2,43.75634538,-79.54349029,York West (7),7,Humber Summit (21),21,D31,Etobicoke York,WESTON RD,FENMAR DR, ,Major Arterial,Mid-Block,At Intersection,No Control,Rain,Daylight,Wet,Fatal,Pedestrian Collisions,Vehicle Owner,unknown, ,0, ,Other, , , , , , , , , ,1,0,0,0,1,0,0,0,0,0,0,0,0,1
1132127,2009,10,21,12,55,2,43.75634538,-79.54349029,York West (7),7,Humber Summit (21),21,D31,Etobicoke York,WESTON RD,FENMAR DR, ,Major Arterial,Mid-Block,At Intersection,No Control,Rain,Daylight,Wet,Fatal,Pedestrian Collisions,Truck Driver,20 to 24,None,0,South,Truck - Open,Slowing or Stopping,Other,Normal, , , , , , ,1,0,0,0,1,0,0,0,0,0,0,0,0,1
1132127,2009,10,21,12,55,2,43.75634538,-79.54349029,York West (7),7,Humber Summit (21),21,D31,Etobicoke York,WESTON RD,FENMAR DR, ,Major Arterial,Mid-Block,At Intersection,No Control,Rain,Daylight,Wet,Fatal,Pedestrian Collisions,Pedestrian,50 to 54,Fatal,35,Unknown,Other, , , ,Other / Undefined,Pushing/Working on Vehicle,Unknown, , , ,1,0,0,0,1,0,0,0,0,0,0,0,0,1