ACCNUM,YEAR,MONTH,DAY,HOUR,MINUTES,WEEKDAY,LATITUDE,LONGITUDE,Ward_Name,Ward_ID,Hood_Name,Hood_ID,Division,District,STREET1,STREET2,OFFSET,ROAD_CLASS,LOCCOORD,ACCLOC,TRAFFCTL,VISIBILITY,LIGHT,RDSFCOND,ACCLASS,IMPACTYPE,INVTYPE,INVAGE,INJURY,FATAL_NO,INITDIR,VEHTYPE,MANOEUVER,DRIVACT,DRIVCOND,PEDTYPE,PEDACT,PEDCOND,CYCLISTYPE,CYCACT,CYCCOND,PEDESTRIAN,CYCLIST,AUTOMOBILE,MOTORCYCLE,TRUCK,TRSN_CITY_VEH,EMERG_VEH,PASSENGER,SPEEDING,AG_DRIV,REDLIGHT,ALCOHOL,DISABILITY,FATAL
1382904,2013,8,20,13,35,1,43.63731726,-79.39713679,Trinity-Spadina (20),20,Waterfront Communities-The Island (77),77,D14,Toronto East York,DAN LECKIE WAY,LAKE SHORE BLVD W, ,Major Arterial,Intersection,At Intersection,Traffic Signal,Clear,Daylight,Dry,Non-Fatal Injury,Pedestrian Collisions,Pedestrian,0 to 4,Major,0,East,Other, , , ,Vehicle turns right while ped crosses with ROW at inter.,Crossing with right of way,Normal, , , ,1,0,1,0,0,0,0,0,0,1,0,0,0,0
1382904,2013,8,20,13,35,1,43.63731726,-79.39713679,Trinity-Spadina (20),20,Waterfront Communities-The Island (77),77,D14,Toronto East York,DAN LECKIE WAY,LAKE SHORE BLVD W, ,Major Arterial,Intersection,At Intersection,Traffic Signal,Clear,Daylight,Dry,Non-Fatal Injury,Pedestrian Collisions,Pedestrian,35 to 39,Major,0,East,Other, , , ,Vehicle turns right while ped crosses with ROW at inter.,Crossing with right of way,Normal, , , ,1,0,1,0,0,0,0,0,0,1,0,0,0,0
4003410596,2014,12,2,13,35,1,43.72843512,-79.28030787,Scarborough Southwest (35),35,Clairlea-Birchmount (120),120,D41,Scarborough,CIVIC RD,SINNOTT RD, ,Collector,Intersection,At Intersection,Stop Sign,Clear,Daylight,Dry,Non-Fatal Injury,Pedestrian Collisions,Driver,55 to 59,None,0,East,School Bus,Turning Left,Lost control,Normal, , , , , , ,1,0,0,0,0,0,0,1,0,0,0,0,0,0
4003410596,2014,12,2,13,35,1,43.72843512,-79.28030787,Scarborough Southwest (35),35,Clairlea-Birchmount (120),120,D41,Scarborough,CIVIC RD,SINNOTT RD, ,Collector,Intersection,At Intersection,Stop Sign,Clear,Daylight,Dry,Non-Fatal Injury,Pedestrian Collisions,Passenger,20 to 24,None,0, , , , , , , , , , , ,1,0,0,0,0,0,0,1,0,0,0,0,0,0
4003410596,2014,12,2,13,35,1,43.72843512,-79.28030787,Scarborough Southwest (35),35,Clairlea-Birchmount (120),120,D41,Scarborough,CIVIC RD,SINNOTT RD, ,Collector,Intersection,At Intersection,Stop Sign,Clear,Daylight,Dry,Non-Fatal Injury,Pedestrian Collisions,Pedestrian,45 to 49,Major,0,East, , , , ,Vehicle turns left while ped crosses with ROW at inter.,Crossing with right of way,Normal, , , ,1,0,0,0,0,0,0,1,0,0,0,0,0,0
6002131954,2016,12,1,13,35,3,43.69675406,-79.31561671,Beaches-East York (31),31,Woodbine-Lumsden (60),60,D54,Toronto East York,COSBURN AVE,CEDARVALE AVE, ,Collector,Intersection,At Intersection,Pedestrian Crossover,Clear,Daylight,Dry,Fatal,Pedestrian Collisions,Driver,60 to 64,None,0,South,Pick Up Truck,Turning Left,Failed to Yield Right of Way,Inattentive, , , , , , ,1,0,1,0,0,0,0,0,0,1,0,0,0,1
6002131954,2016,12,1,13,35,3,43.69675406,-79.31561671,Beaches-East York (31),31,Woodbine-Lumsden (60),60,D54,Toronto East York,COSBURN AVE,CEDARVALE AVE, ,Collector,Intersection,At Intersection,Pedestrian Crossover,Clear,Daylight,Dry,Fatal,Pedestrian Collisions,Pedestrian,65 to 69,Fatal,75,North, , , , ,Pedestrian hit a PXO/ped. Mid-block signal,"Crossing, Pedestrian Crossover",Normal, , , ,1,0,1,0,0,0,0,0,0,1,0,0,0,1
7001269132,2017,7,15,13,35,5,43.81043585,-79.21662531,Scarborough-Rouge River (42),42,Malvern (132),132,D42,Scarborough,538 MCLEVIN AVE, ,107 m East of,Minor Arterial,Mid-Block,At/Near Private Drive,No Control,Clear,Daylight,Dry,Non-Fatal Injury,Pedestrian Collisions,Driver,35 to 39,None,0,East,"Automobile, Station Wagon",Turning Left,Failed to Yield Right of Way,Inattentive, , , , , , ,1,0,1,0,0,0,0,1,0,1,0,0,0,0
7001269132,2017,7,15,13,35,5,43.81043585,-79.21662531,Scarborough-Rouge River (42),42,Malvern (132),132,D42,Scarborough,538 MCLEVIN AVE, ,107 m East of,Minor Arterial,Mid-Block,At/Near Private Drive,No Control,Clear,Daylight,Dry,Non-Fatal Injury,Pedestrian Collisions,Driver,30 to 34,Minimal,0,West,"Automobile, Station Wagon",Going Ahead,Driving Properly,Normal, , , , , , ,1,0,1,0,0,0,0,1,0,1,0,0,0,0
7001269132,2017,7,15,13,35,5,43.81043585,-79.21662531,Scarborough-Rouge River (42),42,Malvern (132),132,D42,Scarborough,538 MCLEVIN AVE, ,107 m East of,Minor Arterial,Mid-Block,At/Near Private Drive,No Control,Clear,Daylight,Dry,Non-Fatal Injury,Pedestrian Collisions,Pedestrian,unknown,Major,0,Unknown, , , , ,Pedestrian hit at private driveway,On Sidewalk or Shoulder,Normal, , , ,1,0,1,0,0,0,0,1,0,1,0,0,0,0
7001269132,2017,7,15,13,35,5,43.81043585,-79.21662531,Scarborough-Rouge River (42),42,Malvern (132),132,D42,Scarborough,538 MCLEVIN AVE, ,107 m East of,Minor Arterial,Mid-Block,At/Near Private Drive,No Control,Clear,Daylight,Dry,Non-Fatal Injury,Pedestrian Collisions,Passenger,30 to 34,None,0, , , , , , , , , , , ,1,0,1,0,0,0,0,1,0,1,0,0,0,0
946202,2007,1,7,13,36,6,43.81134375,-79.25049219,Scarborough-Rouge River (41),41,Agincourt North (129),129,D42,Scarborough,FINCH AVE E,MARKHAM RD, ,Major Arterial,Mid-Block,Non Intersection,No Control,Clear,Daylight,Dry,Non-Fatal Injury,SMV Other,Motorcycle Driver,20 to 24,Major,0,East,Motorcycle,Changing Lanes,Lost control,Normal, , , , , , ,0,0,0,1,0,0,0,0,0,0,0,0,0,0
1361068,2013,6,15,13,36,5,43.65023764,-79.40652094,Trinity-Spadina (19),19,Trinity-Bellwoods (81),81,D14,Toronto East York,83 MARKHAM ST, , ,Local,Mid-Block, ,No Control,Clear,Daylight,Dry,Non-Fatal Injury,Pedestrian Collisions,Driver,45 to 49,None,0,South,"Automobile, Station Wagon",Going Ahead,Driving Properly,Normal, , , , , , ,1,0,1,0,0,0,0,0,0,0,0,0,0,0
1361068,2013,6,15,13,36,5,43.65023764,-79.40652094,Trinity-Spadina (19),19,Trinity-Bellwoods (81),81,D14,Toronto East York,83 MARKHAM ST, , ,Local,Mid-Block, ,No Control,Clear,Daylight,Dry,Non-Fatal Injury,Pedestrian Collisions,Pedestrian,0 to 4,Major,0,West,Other, , , ,Vehicle hits the pedestrian walking or running out from between parked vehicles at mid-block,Coming From Behind Parked Vehicle,Normal, , , ,1,0,1,0,0,0,0,0,0,0,0,0,0,0
6000081215,2016,1,14,13,36,3,43.6466709,-79.40656672,Trinity-Spadina (19),19,Niagara (82),82,D14,Toronto East York,TECUMSETH ST,QUEEN ST W, ,Major Arterial,Intersection,At Intersection,Traffic Signal,Clear,Daylight,Dry,Non-Fatal Injury,Pedestrian Collisions,Driver,60 to 64,None,0,West,"Automobile, Station Wagon",Turning Left,Failed to Yield Right of Way,Inattentive, , , , , , ,1,0,1,0,0,0,0,0,0,1,0,0,0,0
6000081215,2016,1,14,13,36,3,43.6466709,-79.40656672,Trinity-Spadina (19),19,Niagara (82),82,D14,Toronto East York,TECUMSETH ST,QUEEN ST W, ,Major Arterial,Intersection,At Intersection,Traffic Signal,Clear,Daylight,Dry,Non-Fatal Injury,Pedestrian Collisions,Pedestrian,30 to 34,Major,0,East, , , , ,Vehicle turns left while ped crosses with ROW at inter.,Crossing with right of way,Normal, , , ,1,0,1,0,0,0,0,0,0,1,0,0,0,0
1047910,2008,7,14,13,37,0,43.68334538,-79.32359029,Beaches-East York (32),32,Woodbine Corridor (64),64,D55,Toronto East York,DANFORTH AVE,COXWELL AVE, ,Major Arterial,Intersection,At Intersection,Traffic Signal,Clear,Daylight,Dry,Fatal,Pedestrian Collisions,Vehicle Owner,unknown, ,0, ,Other, , , , , , , , , ,1,0,1,0,0,0,0,1,1,1,0,0,1,1
1047910,2008,7,14,13,37,0,43.68334538,-79.32359029,Beaches-East York (32),32,Woodbine Corridor (64),64,D55,Toronto East York,DANFORTH AVE,COXWELL AVE, ,Major Arterial,Intersection,At Intersection,Traffic Signal,Clear,Daylight,Dry,Fatal,Pedestrian Collisions,Driver,30 to 34,None,0,North,"Automobile, Station Wagon",Going Ahead,Driving Properly,Normal, , , , , , ,1,0,1,0,0,0,0,1,1,1,0,0,1,1
1047910,2008,7,14,13,37,0,43.68334538,-79.32359029,Beaches-East York (32),32,Woodbine Corridor (64),64,D55,Toronto East York,DANFORTH AVE,COXWELL AVE, ,Major Arterial,Intersection,At Intersection,Traffic Signal,Clear,Daylight,Dry,Fatal,Pedestrian Collisions,Driver,60 to 64,Major,0,West,"Automobile, Station Wagon",Going Ahead,Exceeding Speed Limit,Medical or Physical Disability, , , , , , ,1,0,1,0,0,0,0,1,1,1,0,0,1,1
1047910,2008,7,14,13,37,0,43.68334538,-79.32359029,Beaches-East York (32),32,Woodbine Corridor (64),64,D55,Toronto East York,DANFORTH AVE,COXWELL AVE, ,Major Arterial,Intersection,At Intersection,Traffic Signal,Clear,Daylight,Dry,Fatal,Pedestrian Collisions,Passenger,0 to 4,None,0, ,Other, , , , , , , , , ,1,0,1,0,0,0,0,1,1,1,0,0,1,1
1047910,2008,7,14,13,37,0,43.68334538,-79.32359029,Beaches-East York (32),32,Woodbine Corridor (64),64,D55,Toronto East York,DANFORTH AVE,COXWELL AVE, ,Major Arterial,Intersection,At Intersection,Traffic Signal,Clear,Daylight,Dry,Fatal,Pedestrian Collisions,Passenger,10 to 14,None,0, ,Other, , , , , , , , , ,1,0,1,0,0,0,0,1,1,1,0,0,1,1
1047910,2008,7,14,13,37,0,43.68334538,-79.32359029,Beaches-East York (32),32,Woodbine Corridor (64),64,D55,Toronto East York,DANFORTH AVE,COXWELL AVE, ,Major Arterial,Intersection,At Intersection,Traffic Signal,Clear,Daylight,Dry,Fatal,Pedestrian Collisions,Passenger,0 to 4,None,0, ,Other, , , , , , , , , ,1,0,1,0,0,0,0,1,1,1,0,0,1,1
1047910,2008,7,14,13,37,0,43.68334538,-79.32359029,Beaches-East York (32),32,Woodbine Corridor (64),64,D55,Toronto East York,DANFORTH AVE,COXWELL AVE, ,Major Arterial,Intersection,At Intersection,Traffic Signal,Clear,Daylight,Dry,Fatal,Pedestrian Collisions,Passenger,15 to 19,None,0, ,Other, , , , , , , , , ,1,0,1,0,0,0,0,1,1,1,0,0,1,1
1047910,2008,7,14,13,37,0,43.68334538,-79.32359029,Beaches-East York (32),32,Woodbine Corridor (64),64,D55,Toronto East York,DANFORTH AVE,COXWELL AVE, ,Major Arterial,Intersection,At Intersection,Traffic Signal,Clear,Daylight,Dry,Fatal,Pedestrian Collisions,Vehicle Owner,unknown, ,0, ,Other, , , , , , , , , ,1,0,1,0,0,0,0,1,1,1,0,0,1,1
1047910,2008,7,14,13,37,0,43.68334538,-79.32359029,Beaches-East York (32),32,Woodbine Corridor (64),64,D55,Toronto East York,DANFORTH AVE,COXWELL AVE, ,Major Arterial,Intersection,At Intersection,Traffic Signal,Clear,Daylight,Dry,Fatal,Pedestrian Collisions,Driver,50 to 54,None,0,West,"Automobile, Station Wagon",Stopped,Driving Properly,Normal, , , , , , ,1,0,1,0,0,0,0,1,1,1,0,0,1,1
1047910,2008,7,14,13,37,0,43.68334538,-79.32359029,Beaches-East York (32),32,Woodbine Corridor (64),64,D55,Toronto East York,DANFORTH AVE,COXWELL AVE, ,Major Arterial,Intersection,At Intersection,Traffic Signal,Clear,Daylight,Dry,Fatal,Pedestrian Collisions,Pedestrian,50 to 54,Fatal,33,North,Other, , , ,Vehicle is going straight thru inter.while ped cross with ROW,Crossing with right of way,Normal, , , ,1,0,1,0,0,0,0,1,1,1,0,0,1,1
1290286,2012,4,22,13,37,6,43.73184538,-79.30559029,Scarborough Centre (37),37,Wexford/Maryvale (119),119,D41,Scarborough,VICTORIA PARK AVE,ARNCLIFFE CRES, ,Major Arterial,Intersection, ,Traffic Signal,Clear,Daylight,Dry,Non-Fatal Injury,Cyclist Collisions,Driver,65 to 69,None,0,North,"Automobile, Station Wagon",Stopped,Driving Properly,Normal, , , , , , ,0,1,1,0,0,0,0,0,0,0,0,0,0,0
1290286,2012,4,22,13,37,6,43.73184538,-79.30559029,Scarborough Centre (37),37,Wexford/Maryvale (119),119,D41,Scarborough,VICTORIA PARK AVE,ARNCLIFFE CRES, ,Major Arterial,Intersection, ,Traffic Signal,Clear,Daylight,Dry,Non-Fatal Injury,Cyclist Collisions,Vehicle Owner,unknown, ,0, ,Other, , , , , , , , , ,0,1,1,0,0,0,0,0,0,0,0,0,0,0
1290286,2012,4,22,13,37,6,43.73184538,-79.30559029,Scarborough Centre (37),37,Wexford/Maryvale (119),119,D41,Scarborough,VICTORIA PARK AVE,ARNCLIFFE CRES, ,Major Arterial,Intersection, ,Traffic Signal,Clear,Daylight,Dry,Non-Fatal Injury,Cyclist Collisions,Driver,35 to 39,None,0,North,"Automobile, Station Wagon",Going Ahead,Lost control,Inattentive, , , , , , ,0,1,1,0,0,0,0,0,0,0,0,0,0,0
1290286,2012,4,22,13,37,6,43.73184538,-79.30559029,Scarborough Centre (37),37,Wexford/Maryvale (119),119,D41,Scarborough,VICTORIA PARK AVE,ARNCLIFFE CRES, ,Major Arterial,Intersection, ,Traffic Signal,Clear,Daylight,Dry,Non-Fatal Injury,Cyclist Collisions,Cyclist,50 to 54,Major,0,West,Bicycle,Going Ahead, , , , , ,"Motorist without ROW drives into path of cyclist at inter, lnwy, dwy-Driver not turn.",Driving Properly,Normal,0,1,1,0,0,0,0,0,0,0,0,0,0,0
1185601,2010,8,21,13,38,5,43.66294538,-79.36229029,Toronto Centre-Rosedale (28),28,Regent Park (72),72,D51,Toronto East York,GERRARD ST E,NASMITH AVE, ,Minor Arterial,Intersection, ,No Control,Rain,Daylight,Wet,Non-Fatal Injury,Rear End,Motorcycle Driver,55 to 59,Major,0,East,Motorcycle,Going Ahead,Driving Properly,Normal, , , , , , ,0,0,1,1,0,0,0,0,0,1,0,0,0,0
1185601,2010,8,21,13,38,5,43.66294538,-79.36229029,Toronto Centre-Rosedale (28),28,Regent Park (72),72,D51,Toronto East York,GERRARD ST E,NASMITH AVE, ,Minor Arterial,Intersection, ,No Control,Rain,Daylight,Wet,Non-Fatal Injury,Rear End,Other,unknown,None,0,East,Other,Parked, , , , , , , , ,0,0,1,1,0,0,0,0,0,1,0,0,0,0
1185601,2010,8,21,13,38,5,43.66294538,-79.36229029,Toronto Centre-Rosedale (28),28,Regent Park (72),72,D51,Toronto East York,GERRARD ST E,NASMITH AVE, ,Minor Arterial,Intersection, ,No Control,Rain,Daylight,Wet,Non-Fatal Injury,Rear End,Driver,unknown,None,0,East,"Automobile, Station Wagon",Going Ahead,Following too Close,Unknown, , , , , , ,0,0,1,1,0,0,0,0,0,1,0,0,0,0
1148377,2010,1,18,13,39,0,43.80474538,-79.28149029,Scarborough-Rouge River (41),41,Agincourt North (129),129,D42,Scarborough,FINCH Aven E,ALEXMUIR Boul, ,Major Arterial,Mid-Block,At Intersection,No Control,Clear,Daylight,Dry,Non-Fatal Injury,SMV Other,Vehicle Owner,unknown, ,0, ,Other, , , , , , , , , ,0,0,1,0,0,0,0,0,0,0,0,0,1,0
1148377,2010,1,18,13,39,0,43.80474538,-79.28149029,Scarborough-Rouge River (41),41,Agincourt North (129),129,D42,Scarborough,FINCH Aven E,ALEXMUIR Boul, ,Major Arterial,Mid-Block,At Intersection,No Control,Clear,Daylight,Dry,Non-Fatal Injury,SMV Other,Driver,45 to 49,Major,0,West,"Automobile, Station Wagon",Going Ahead,Lost control,Medical or Physical Disability, , , , , , ,0,0,1,0,0,0,0,0,0,0,0,0,1,0
1148377,2010,1,18,13,39,0,43.80474538,-79.28149029,Scarborough-Rouge River (41),41,Agincourt North (129),129,D42,Scarborough,FINCH Aven E,ALEXMUIR Boul, ,Major Arterial,Mid-Block,At Intersection,No Control,Clear,Daylight,Dry,Non-Fatal Injury,SMV Other,Other Property Owner,unknown, ,0, ,Other, , , , , , , , , ,0,0,1,0,0,0,0,0,0,0,0,0,1,0
1229092,2011,2,20,13,39,6,43.71764538,-79.33409029,Don Valley West (26),26,Flemingdon Park (44),44,D54,North York,25 ST DENNIS DR, , ,Collector,Mid-Block, ,No Control,Clear,Daylight,Dry,Non-Fatal Injury,Turning Movement,Passenger,70 to 74,Major,0, ,Other, , , , , , , , , ,0,0,1,0,0,0,0,1,0,1,0,0,0,0
1229092,2011,2,20,13,39,6,43.71764538,-79.33409029,Don Valley West (26),26,Flemingdon Park (44),44,D54,North York,25 ST DENNIS DR, , ,Collector,Mid-Block, ,No Control,Clear,Daylight,Dry,Non-Fatal Injury,Turning Movement,Driver,75 to 79,Minor,0,East,"Automobile, Station Wagon",Going Ahead,Driving Properly,Normal, , , , , , ,0,0,1,0,0,0,0,1,0,1,0,0,0,0
1229092,2011,2,20,13,39,6,43.71764538,-79.33409029,Don Valley West (26),26,Flemingdon Park (44),44,D54,North York,25 ST DENNIS DR, , ,Collector,Mid-Block, ,No Control,Clear,Daylight,Dry,Non-Fatal Injury,Turning Movement,Driver,40 to 44,None,0,East,"Automobile, Station Wagon",Making U Turn,Failed to Yield Right of Way,Inattentive, , , , , , ,0,0,1,0,0,0,0,1,0,1,0,0,0,0
1282108,2011,12,28,13,39,2,43.72694538,-79.45759029,Eglinton-Lawrence (15),15,Yorkdale-Glen Park (31),31,D32,North York,DUFFERIN ST,YORKDALE RD, ,Major Arterial,Intersection, ,Traffic Signal,Clear,Daylight,Dry,Non-Fatal Injury,Pedestrian Collisions,Driver,15 to 19,None,0,West,"Automobile, Station Wagon",Turning Left,Failed to Yield Right of Way,Normal, , , , , , ,1,0,1,0,0,0,0,0,0,1,0,0,0,0
1282108,2011,12,28,13,39,2,43.72694538,-79.45759029,Eglinton-Lawrence (15),15,Yorkdale-Glen Park (31),31,D32,North York,DUFFERIN ST,YORKDALE RD, ,Major Arterial,Intersection, ,Traffic Signal,Clear,Daylight,Dry,Non-Fatal Injury,Pedestrian Collisions,Pedestrian,55 to 59,Major,0,East,Other, , , ,Vehicle turns left while ped crosses with ROW at inter.,Crossing with right of way,Normal, , , ,1,0,1,0,0,0,0,0,0,1,0,0,0,0
1047021,2008,6,14,13,40,5,43.65504538,-79.43349029,Davenport (18),18,Dufferin Grove (83),83,D14,Toronto East York,DUFFERIN Stre,SYLVAN Aven, ,Major Arterial,Mid-Block, ,No Control,Clear,Daylight,Dry,Non-Fatal Injury,Cyclist Collisions,Driver,40 to 44,None,0,South,"Automobile, Station Wagon",Overtaking,Improper Passing,Inattentive, , , , , , ,0,1,1,0,0,0,0,0,0,1,0,0,0,0
1047021,2008,6,14,13,40,5,43.65504538,-79.43349029,Davenport (18),18,Dufferin Grove (83),83,D14,Toronto East York,DUFFERIN Stre,SYLVAN Aven, ,Major Arterial,Mid-Block, ,No Control,Clear,Daylight,Dry,Non-Fatal Injury,Cyclist Collisions,Cyclist,15 to 19,Major,0,South,Bicycle,Going Ahead, , , , , ,Cyclist and Driver travelling in same direction. One vehicle sideswipes the other.,Driving Properly,Normal,0,1,1,0,0,0,0,0,0,1,0,0,0,0
1107143,2009,5,9,13,40,5,43.65184538,-79.38169029,Toronto Centre-Rosedale (28),28,Bay Street Corridor (76),76,D52,Toronto East York,QUEEN ST W,BAY ST, ,Major Arterial,Intersection,At Intersection,Traffic Signal,Rain,Daylight,Wet,Non-Fatal Injury,Pedestrian Collisions,Driver,60 to 64,None,0,East,"Automobile, Station Wagon",Going Ahead,Driving Properly,Normal, , , , , , ,1,0,1,0,0,0,0,0,0,0,0,0,0,0
1107143,2009,5,9,13,40,5,43.65184538,-79.38169029,Toronto Centre-Rosedale (28),28,Bay Street Corridor (76),76,D52,Toronto East York,QUEEN ST W,BAY ST, ,Major Arterial,Intersection,At Intersection,Traffic Signal,Rain,Daylight,Wet,Non-Fatal Injury,Pedestrian Collisions,Pedestrian,60 to 64,Major,0,South,Other, , , ,Vehicle is going straight thru inter.while ped cross without ROW,Crossing without right of way,Inattentive, , , ,1,0,1,0,0,0,0,0,0,0,0,0,0,0
1126950,2009,9,25,13,40,4,43.80234488,-79.19199,Scarborough-Rouge River (42),42,Rouge (131),131,D42,Scarborough,80 AUTO MALL DR, , ,Local,Mid-Block, ,No Control,Clear,Daylight,Dry,Non-Fatal Injury,Sideswipe,Driver,50 to 54,None,0,North,Passenger Van,Turning Left,Driving Properly,Normal, , , , , , ,0,0,1,1,0,0,0,0,0,1,0,0,0,0
1126950,2009,9,25,13,40,4,43.80234488,-79.19199,Scarborough-Rouge River (42),42,Rouge (131),131,D42,Scarborough,80 AUTO MALL DR, , ,Local,Mid-Block, ,No Control,Clear,Daylight,Dry,Non-Fatal Injury,Sideswipe,Motorcycle Driver,30 to 34,Major,0,North,Motorcycle,Overtaking,Improper Passing,Inattentive, , , , , , ,0,0,1,1,0,0,0,0,0,1,0,0,0,0
1186269,2010,7,25,13,40,6,43.69744538,-79.54519029,Etobicoke North (2),2,Kingsview Village-The Westway (6),6,D23,Etobicoke York,MAPLEBRANCH PATH,DIXON RD, ,Major Arterial,Intersection,At Intersection,Stop Sign,Clear,Daylight,Dry,Non-Fatal Injury,Cyclist Collisions,Driver,55 to 59,None,0,South,"Automobile, Station Wagon",Turning Right,Failed to Yield Right of Way,Inattentive, , , , , , ,0,1,1,0,0,0,0,0,0,1,0,0,0,0
1186269,2010,7,25,13,40,6,43.69744538,-79.54519029,Etobicoke North (2),2,Kingsview Village-The Westway (6),6,D23,Etobicoke York,MAPLEBRANCH PATH,DIXON RD, ,Major Arterial,Intersection,At Intersection,Stop Sign,Clear,Daylight,Dry,Non-Fatal Injury,Cyclist Collisions,Cyclist,15 to 19,Major,0,East,Bicycle,Going Ahead, , , , , ,"Motorist turns right at non-signal Inter.(stop, yield, no cont.,and dwy) and strikes cyclist.",Failed to Yield Right of Way,Inattentive,0,1,1,0,0,0,0,0,0,1,0,0,0,0
1300648,2012,4,29,13,40,6,43.64904538,-79.44459029,Parkdale-High Park (14),14,Roncesvalles (86),86,D11,Toronto East York,GEOFFREY ST,SORAUREN AVE, ,Collector,Intersection, ,No Control,Clear,Daylight,Dry,Non-Fatal Injury,Pedestrian Collisions,Vehicle Owner,unknown, ,0, ,Other, , , , , , , , , ,1,0,1,0,0,0,0,0,0,0,0,0,0,0
1300648,2012,4,29,13,40,6,43.64904538,-79.44459029,Parkdale-High Park (14),14,Roncesvalles (86),86,D11,Toronto East York,GEOFFREY ST,SORAUREN AVE, ,Collector,Intersection, ,No Control,Clear,Daylight,Dry,Non-Fatal Injury,Pedestrian Collisions,Driver,35 to 39,None,0,South,"Automobile, Station Wagon",Reversing,Other,Normal, , , , , , ,1,0,1,0,0,0,0,0,0,0,0,0,0,0
1300648,2012,4,29,13,40,6,43.64904538,-79.44459029,Parkdale-High Park (14),14,Roncesvalles (86),86,D11,Toronto East York,GEOFFREY ST,SORAUREN AVE, ,Collector,Intersection, ,No Control,Clear,Daylight,Dry,Non-Fatal Injury,Pedestrian Collisions,Pedestrian,35 to 39,Major,0,North,Other, , , ,Vehicle is reversing and hits pedestrian,Other,Normal, , , ,1,0,1,0,0,0,0,0,0,0,0,0,0,0
1367772,2013,7,24,13,40,2,43.64734538,-79.51139029,Etobicoke-Lakeshore (5),5,Stonegate-Queensway (16),16,D22,Etobicoke York,ROYAL YORK Rd,BLOOR St W, ,Major Arterial,Intersection, ,Traffic Signal,Clear,Daylight,Dry,Non-Fatal Injury,Pedestrian Collisions,Driver,20 to 24,None,0,South,"Automobile, Station Wagon",Going Ahead,Driving Properly,Normal, , , , , , ,1,0,1,0,0,0,0,0,0,0,0,0,0,0
1367772,2013,7,24,13,40,2,43.64734538,-79.51139029,Etobicoke-Lakeshore (5),5,Stonegate-Queensway (16),16,D22,Etobicoke York,ROYAL YORK Rd,BLOOR St W, ,Major Arterial,Intersection, ,Traffic Signal,Clear,Daylight,Dry,Non-Fatal Injury,Pedestrian Collisions,Pedestrian,55 to 59,Major,0,West,Other, , , ,Vehicle is going straight thru inter.while ped cross without ROW,Crossing marked crosswalk without ROW,Unknown, , , ,1,0,1,0,0,0,0,0,0,0,0,0,0,0
1382675,2013,8,16,13,40,4,43.64104422,-79.43419276,Parkdale-High Park (14),14,South Parkdale (85),85,D14,Toronto East York,QUEEN ST W,OHARA AVE, ,Major Arterial,Intersection, ,No Control,Clear,Daylight,Dry,Non-Fatal Injury,Pedestrian Collisions,Driver,45 to 49,Minimal,0,East,"Automobile, Station Wagon",Going Ahead,Driving Properly,Normal, , , , , , ,1,0,1,0,0,0,0,0,0,0,0,0,0,0
1382675,2013,8,16,13,40,4,43.64104422,-79.43419276,Parkdale-High Park (14),14,South Parkdale (85),85,D14,Toronto East York,QUEEN ST W,OHARA AVE, ,Major Arterial,Intersection, ,No Control,Clear,Daylight,Dry,Non-Fatal Injury,Pedestrian Collisions,Pedestrian,15 to 19,Major,0,South,Other, , , ,Vehicle is going straight thru inter.while ped cross without ROW,"Crossing, no Traffic Control",Inattentive, , , ,1,0,1,0,0,0,0,0,0,0,0,0,0,0
1384088,2013,8,30,13,40,4,43.64142569,-79.41500483,Trinity-Spadina (19),19,Niagara (82),82,D14,Toronto East York,KING St W,SHAW St, ,Major Arterial,Intersection, ,Traffic Signal,Clear,Daylight,Dry,Non-Fatal Injury,Approaching,Passenger,30 to 34,Major,0, ,Other, , , , , , , , , ,0,0,1,0,0,0,0,1,0,0,0,0,0,0
1384088,2013,8,30,13,40,4,43.64142569,-79.41500483,Trinity-Spadina (19),19,Niagara (82),82,D14,Toronto East York,KING St W,SHAW St, ,Major Arterial,Intersection, ,Traffic Signal,Clear,Daylight,Dry,Non-Fatal Injury,Approaching,Vehicle Owner,unknown, ,0, ,Other, , , , , , , , , ,0,0,1,0,0,0,0,1,0,0,0,0,0,0
1384088,2013,8,30,13,40,4,43.64142569,-79.41500483,Trinity-Spadina (19),19,Niagara (82),82,D14,Toronto East York,KING St W,SHAW St, ,Major Arterial,Intersection, ,Traffic Signal,Clear,Daylight,Dry,Non-Fatal Injury,Approaching,Driver,30 to 34,Minimal,0,West,"Automobile, Station Wagon",Going Ahead,Driving Properly,Normal, , , , , , ,0,0,1,0,0,0,0,1,0,0,0,0,0,0
1384088,2013,8,30,13,40,4,43.64142569,-79.41500483,Trinity-Spadina (19),19,Niagara (82),82,D14,Toronto East York,KING St W,SHAW St, ,Major Arterial,Intersection, ,Traffic Signal,Clear,Daylight,Dry,Non-Fatal Injury,Approaching,Driver,unknown,None,0,East,"Automobile, Station Wagon",Going Ahead,Other,Unknown, , , , , , ,0,0,1,0,0,0,0,1,0,0,0,0,0,0