ACCNUM,YEAR,MONTH,DAY,HOUR,MINUTES,WEEKDAY,LATITUDE,LONGITUDE,Ward_Name,Ward_ID,Hood_Name,Hood_ID,Division,District,STREET1,STREET2,OFFSET,ROAD_CLASS,LOCCOORD,ACCLOC,TRAFFCTL,VISIBILITY,LIGHT,RDSFCOND,ACCLASS,IMPACTYPE,INVTYPE,INVAGE,INJURY,FATAL_NO,INITDIR,VEHTYPE,MANOEUVER,DRIVACT,DRIVCOND,PEDTYPE,PEDACT,PEDCOND,CYCLISTYPE,CYCACT,CYCCOND,PEDESTRIAN,CYCLIST,AUTOMOBILE,MOTORCYCLE,TRUCK,TRSN_CITY_VEH,EMERG_VEH,PASSENGER,SPEEDING,AG_DRIV,REDLIGHT,ALCOHOL,DISABILITY,FATAL
1228586,2011,4,18,13,15,0,43.65594538,-79.38279029,Toronto Centre-Rosedale (27),27,Bay Street Corridor (76),76,D52,Toronto East York,DUNDAS ST W,BAY ST, ,Major Arterial,Mid-Block, ,No Control,Clear,Daylight,Dry,Non-Fatal Injury,Cyclist Collisions,Vehicle Owner,unknown, ,0, ,Other, , , , , , , , , ,0,1,1,0,0,0,0,0,0,1,0,0,0,0
1228586,2011,4,18,13,15,0,43.65594538,-79.38279029,Toronto Centre-Rosedale (27),27,Bay Street Corridor (76),76,D52,Toronto East York,DUNDAS ST W,BAY ST, ,Major Arterial,Mid-Block, ,No Control,Clear,Daylight,Dry,Non-Fatal Injury,Cyclist Collisions,Driver,25 to 29,None,0,East,"Automobile, Station Wagon",Pulling Away from Shoulder or Curb,Failed to Yield Right of Way,Normal, , , , , , ,0,1,1,0,0,0,0,0,0,1,0,0,0,0
1228586,2011,4,18,13,15,0,43.65594538,-79.38279029,Toronto Centre-Rosedale (27),27,Bay Street Corridor (76),76,D52,Toronto East York,DUNDAS ST W,BAY ST, ,Major Arterial,Mid-Block, ,No Control,Clear,Daylight,Dry,Non-Fatal Injury,Cyclist Collisions,Cyclist,25 to 29,Major,0,East,Bicycle,Going Ahead, , , , , ,Cyclist and Driver travelling in same direction. One vehicle sideswipes the other.,Driving Properly,Normal,0,1,1,0,0,0,0,0,0,1,0,0,0,0
6001474436,2016,8,20,13,23,5,43.73931845,-79.51317988,York Centre (9),9,Glenfield-Jane Heights (25),25,D31,Etobicoke York,SHEPPARD AVE W,JANE ST, ,Major Arterial,Intersection,At Intersection,Traffic Signal,Clear,Daylight,Dry,Non-Fatal Injury,Approaching,Truck Driver,20 to 24,None,0,West,Truck (other),Going Ahead,Driving Properly,Normal, , , , , , ,0,0,1,0,1,0,0,0,1,1,0,0,0,0
7001912808,2017,10,22,13,50,6,43.72515438,-79.41678229,Eglinton-Lawrence (16),16,Bedford Park-Nortown (39),39,D32,North York,AVENUE RD,WOBURN AV,30 m South of,Major Arterial,Mid-Block,Non Intersection,No Control,Clear,Daylight,Dry,Non-Fatal Injury,Sideswipe,Motorcycle Driver,55 to 59,Major,0,South,Motorcycle,Going Ahead,Driving Properly,Unknown, , , , , , ,0,0,1,1,0,0,0,0,0,0,0,0,0,0
5001998431,2015,11,21,13,44,5,43.74408682,-79.30055628,Scarborough Centre (37),37,Wexford/Maryvale (119),119,D41,Scarborough,LAWRENCE AVE E,ELINOR AVE, ,Major Arterial,Intersection,At Intersection,Traffic Signal,Rain,Daylight,Wet,Non-Fatal Injury,Pedestrian Collisions,Driver,30 to 34,Major,0,West,"Automobile, Station Wagon",Going Ahead,Driving Properly,Normal, , , , , , ,0,0,1,0,0,0,0,0,0,0,0,0,0,0
5000415270,2015,3,11,12,40,2,43.78280218,-79.39164362,Willowdale (24),24,Bayview Village (52),52,D33,North York,3157 BAYVIEW AVE, ,10 m South of,Major Arterial,Intersection,Intersection Related,No Control,Clear,Daylight,Dry,Non-Fatal Injury,Rear End,Driver,65 to 69,None,0,North,"Automobile, Station Wagon",Going Ahead,Following too Close,Normal, , , , , , ,0,0,1,0,0,0,0,0,0,1,0,0,0,0
6001474436,2016,8,20,13,23,5,43.73931845,-79.51317988,York Centre (9),9,Glenfield-Jane Heights (25),25,D31,Etobicoke York,SHEPPARD AVE W,JANE ST, ,Major Arterial,Intersection,At Intersection,Traffic Signal,Clear,Daylight,Dry,Non-Fatal Injury,Approaching,Truck Driver,45 to 49,None,0,East,Truck (other),Going Ahead,Driving Properly,Normal, , , , , , ,0,0,1,0,1,0,0,0,1,1,0,0,0,0
1174308,2010,5,17,13,25,0,43.73354538,-79.48369029,York Centre (9),9,Downsview-Roding-CFB (26),26,D31,North York,KEELE ST,CALVINGTON DR, ,Major Arterial,Intersection, ,Traffic Signal,Clear,Daylight,Dry,Non-Fatal Injury,Rear End,Driver,60 to 64,Minimal,0,South,"Automobile, Station Wagon",Slowing or Stopping,Driving Properly,Normal, , , , , , ,0,0,1,0,0,0,0,0,1,1,0,0,0,0
1174308,2010,5,17,13,25,0,43.73354538,-79.48369029,York Centre (9),9,Downsview-Roding-CFB (26),26,D31,North York,KEELE ST,CALVINGTON DR, ,Major Arterial,Intersection, ,Traffic Signal,Clear,Daylight,Dry,Non-Fatal Injury,Rear End,Driver,45 to 49,Minimal,0,South,"Automobile, Station Wagon",Stopped,Driving Properly,Normal, , , , , , ,0,0,1,0,0,0,0,0,1,1,0,0,0,0
1174308,2010,5,17,13,25,0,43.73354538,-79.48369029,York Centre (9),9,Downsview-Roding-CFB (26),26,D31,North York,KEELE ST,CALVINGTON DR, ,Major Arterial,Intersection, ,Traffic Signal,Clear,Daylight,Dry,Non-Fatal Injury,Rear End,Driver,35 to 39,Major,0,South,"Automobile, Station Wagon",Going Ahead,Speed too Fast For Condition,Inattentive, , , , , , ,0,0,1,0,0,0,0,0,1,1,0,0,0,0
1174308,2010,5,17,13,25,0,43.73354538,-79.48369029,York Centre (9),9,Downsview-Roding-CFB (26),26,D31,North York,KEELE ST,CALVINGTON DR, ,Major Arterial,Intersection, ,Traffic Signal,Clear,Daylight,Dry,Non-Fatal Injury,Rear End,Driver,30 to 34,Minimal,0,South,"Automobile, Station Wagon",Stopped,Driving Properly,Normal, , , , , , ,0,0,1,0,0,0,0,0,1,1,0,0,0,0
1369726,2013,8,9,13,25,4,43.6096607,-79.49026118,Etobicoke-Lakeshore (6),6,Mimico (includes Humber Bay Shores) (17),17,D22,Etobicoke York,LAKE SHORE BLVD W,QUEENS AVE, ,Major Arterial, , ,No Control,Clear,Daylight,Dry,Non-Fatal Injury,Turning Movement,Passenger,unknown,Minor,0, ,Other,Other, , , , , , , , ,0,0,1,0,0,0,0,1,0,0,0,0,0,0
1369726,2013,8,9,13,25,4,43.6096607,-79.49026118,Etobicoke-Lakeshore (6),6,Mimico (includes Humber Bay Shores) (17),17,D22,Etobicoke York,LAKE SHORE BLVD W,QUEENS AVE, ,Major Arterial, , ,No Control,Clear,Daylight,Dry,Non-Fatal Injury,Turning Movement,Driver,50 to 54,Major,0, ,"Automobile, Station Wagon",Going Ahead, , , , , , , , ,0,0,1,0,0,0,0,1,0,0,0,0,0,0
1369726,2013,8,9,13,25,4,43.6096607,-79.49026118,Etobicoke-Lakeshore (6),6,Mimico (includes Humber Bay Shores) (17),17,D22,Etobicoke York,LAKE SHORE BLVD W,QUEENS AVE, ,Major Arterial, , ,No Control,Clear,Daylight,Dry,Non-Fatal Injury,Turning Movement,Vehicle Owner,unknown, ,0, ,Other, , , , , , , , , ,0,0,1,0,0,0,0,1,0,0,0,0,0,0
1369726,2013,8,9,13,25,4,43.6096607,-79.49026118,Etobicoke-Lakeshore (6),6,Mimico (includes Humber Bay Shores) (17),17,D22,Etobicoke York,LAKE SHORE BLVD W,QUEENS AVE, ,Major Arterial, , ,No Control,Clear,Daylight,Dry,Non-Fatal Injury,Turning Movement,Driver,20 to 24,Minor,0, ,"Automobile, Station Wagon",Making U Turn, , , , , , , , ,0,0,1,0,0,0,0,1,0,0,0,0,0,0
4003007939,2014,9,29,13,25,0,43.6548992,-79.42026148,Trinity-Spadina (19),19,Trinity-Bellwoods (81),81,D14,Toronto East York,COLLEGE ST,SHAW ST, ,Major Arterial,Intersection,Non Intersection,Pedestrian Crossover,Clear,Daylight,Dry,Non-Fatal Injury,Cyclist Collisions,Driver,35 to 39,None,0,South,"Automobile, Station Wagon",Going Ahead,Failed to Yield Right of Way,Normal, , , , , , ,0,1,1,0,0,0,0,1,0,1,0,0,0,0
1232009,2011,5,6,14,0,4,43.74414538,-79.40669029,Don Valley West (25),25,St.Andrew-Windfields (40),40,D32,North York,YONGE ST,WILSON AVE, ,Major Arterial,Intersection, ,Traffic Signal,Clear,Daylight,Dry,Non-Fatal Injury,Rear End,Driver,70 to 74,Major,0,South,"Automobile, Station Wagon",Going Ahead,Following too Close,Other, , , , , , ,0,0,1,0,0,0,0,1,0,1,0,0,0,0
4003007939,2014,9,29,13,25,0,43.6548992,-79.42026148,Trinity-Spadina (19),19,Trinity-Bellwoods (81),81,D14,Toronto East York,COLLEGE ST,SHAW ST, ,Major Arterial,Intersection,Non Intersection,Pedestrian Crossover,Clear,Daylight,Dry,Non-Fatal Injury,Cyclist Collisions,Cyclist,25 to 29,Major,0,East,Bicycle,Going Ahead, , , , , ,"Motorist without ROW drives into path of cyclist at inter, lnwy, dwy-Driver not turn.",Failed to Yield Right of Way,Fatigue,0,1,1,0,0,0,0,1,0,1,0,0,0,0
4003007939,2014,9,29,13,25,0,43.6548992,-79.42026148,Trinity-Spadina (19),19,Trinity-Bellwoods (81),81,D14,Toronto East York,COLLEGE ST,SHAW ST, ,Major Arterial,Intersection,Non Intersection,Pedestrian Crossover,Clear,Daylight,Dry,Non-Fatal Injury,Cyclist Collisions,Passenger,20 to 24,Minimal,0, , , , , , , , , , , ,0,1,1,0,0,0,0,1,0,1,0,0,0,0
5001063670,2015,6,24,13,25,2,43.66989477,-79.31804285,Beaches-East York (32),32,Woodbine Corridor (64),64,D55,Toronto East York,COXWELL AVE,ROBBINS AVE,5 m South of,Minor Arterial,Intersection,Non Intersection,No Control,Clear,Daylight,Dry,Non-Fatal Injury,Cyclist Collisions,Cyclist,25 to 29,Major,0,South,Bicycle,Going Ahead, , , , , ,Cyclist falls off bike - no contact with motorist.,Driving Properly,Normal,0,1,0,0,0,0,0,0,0,0,0,0,0,0
5001457314,2015,8,24,13,25,0,43.7908016,-79.45302209999998,York Centre (10),10,Westminster-Branson (35),35,D32,North York,STEELES AVE W,TORRESDALE AVE,1 m East of,Major Arterial,Intersection,At Intersection,Traffic Signal,Clear,Daylight,Dry,Fatal,Pedestrian Collisions,Driver,15 to 19,None,0,West,Pick Up Truck,Going Ahead,Driving Properly,Normal, , , , , , ,1,0,1,0,0,0,0,0,0,0,0,0,0,1
5001457314,2015,8,24,13,25,0,43.7908016,-79.45302209999998,York Centre (10),10,Westminster-Branson (35),35,D32,North York,STEELES AVE W,TORRESDALE AVE,1 m East of,Major Arterial,Intersection,At Intersection,Traffic Signal,Clear,Daylight,Dry,Fatal,Pedestrian Collisions,Pedestrian,85 to 89,Fatal,39,Unknown, , , , ,Vehicle is going straight thru inter.while ped cross without ROW,Crossing without right of way,Medical or Physical Disability, , , ,1,0,1,0,0,0,0,0,0,0,0,0,0,1
5001682517,2015,9,29,13,25,1,43.65736349,-79.35654078,Toronto Centre-Rosedale (28),28,Moss Park (73),73,D51,Toronto East York,RIVER ST,QUEEN ST E,33 m East of,Major Arterial,Intersection,At Intersection,Traffic Signal,Other,Daylight,Other,Non-Fatal Injury,Turning Movement,Driver,25 to 29,None,0,North,"Automobile, Station Wagon",Turning Right,Failed to Yield Right of Way,Unknown, , , , , , ,0,0,1,0,0,0,0,1,0,1,0,0,0,0
5001682517,2015,9,29,13,25,1,43.65736349,-79.35654078,Toronto Centre-Rosedale (28),28,Moss Park (73),73,D51,Toronto East York,RIVER ST,QUEEN ST E,33 m East of,Major Arterial,Intersection,At Intersection,Traffic Signal,Other,Daylight,Other,Non-Fatal Injury,Turning Movement,Driver,65 to 69,Major,0,Unknown,"Automobile, Station Wagon",Going Ahead,Driving Properly,Unknown, , , , , , ,0,0,1,0,0,0,0,1,0,1,0,0,0,0
5001682517,2015,9,29,13,25,1,43.65736349,-79.35654078,Toronto Centre-Rosedale (28),28,Moss Park (73),73,D51,Toronto East York,RIVER ST,QUEEN ST E,33 m East of,Major Arterial,Intersection,At Intersection,Traffic Signal,Other,Daylight,Other,Non-Fatal Injury,Turning Movement,Passenger,55 to 59,Major,0, , , , , , , , , , , ,0,0,1,0,0,0,0,1,0,1,0,0,0,0
6000731601,2016,4,29,13,25,4,43.65833624,-79.43476496,Davenport (18),18,Dufferin Grove (83),83,D14,Toronto East York,DUFFERIN ST,CROATIA ST, ,Major Arterial,Intersection,At Intersection,Stop Sign,Clear,Daylight,Dry,Non-Fatal Injury,Cyclist Collisions,Truck Driver,20 to 24,None,0,East,"Truck - Closed (Blazer, etc)",Turning Right,Other,Inattentive, , , , , , ,0,1,0,0,1,0,0,0,0,0,0,0,0,0
6000731601,2016,4,29,13,25,4,43.65833624,-79.43476496,Davenport (18),18,Dufferin Grove (83),83,D14,Toronto East York,DUFFERIN ST,CROATIA ST, ,Major Arterial,Intersection,At Intersection,Stop Sign,Clear,Daylight,Dry,Non-Fatal Injury,Cyclist Collisions,Cyclist,45 to 49,Major,0,North,Bicycle,Going Ahead, , , , , ,"Motorist turns right at non-signal Inter.(stop, yield, no cont.,and dwy) and strikes cyclist.",Other,Inattentive,0,1,0,0,1,0,0,0,0,0,0,0,0,0
1367728,2013,7,24,13,26,2,43.65584143,-79.39921961,Trinity-Spadina (20),20,Kensington-Chinatown (78),78,D52,Toronto East York,SPADINA AVE,NASSAU ST, ,Major Arterial,Intersection, ,Traffic Signal,Clear,Daylight,Dry,Non-Fatal Injury,Pedestrian Collisions,Driver,35 to 39,None,0,South,Municipal Transit Bus (TTC),Going Ahead,Driving Properly,Normal, , , , , , ,1,0,0,0,0,1,0,0,0,0,0,0,0,0
1367728,2013,7,24,13,26,2,43.65584143,-79.39921961,Trinity-Spadina (20),20,Kensington-Chinatown (78),78,D52,Toronto East York,SPADINA AVE,NASSAU ST, ,Major Arterial,Intersection, ,Traffic Signal,Clear,Daylight,Dry,Non-Fatal Injury,Pedestrian Collisions,Pedestrian,65 to 69,Major,0,East,Other, , , ,Vehicle is going straight thru inter.while ped cross without ROW,Running onto Roadway,Normal, , , ,1,0,0,0,0,1,0,0,0,0,0,0,0,0
1288672,2012,2,7,13,27,1,43.69004538,-79.40639029,St. Paul's (22),22,Casa Loma (96),96,D53,Toronto East York,LONSDALE RD,DUNVEGAN RD, ,Collector,Intersection,At Intersection,Stop Sign,Clear,Daylight,Dry,Non-Fatal Injury,Cyclist Collisions,Driver,65 to 69,Major,0,West,"Automobile, Station Wagon",Going Ahead,Failed to Yield Right of Way,Normal, , , , , , ,0,1,1,0,0,0,0,0,0,1,0,0,0,0
1288672,2012,2,7,13,27,1,43.69004538,-79.40639029,St. Paul's (22),22,Casa Loma (96),96,D53,Toronto East York,LONSDALE RD,DUNVEGAN RD, ,Collector,Intersection,At Intersection,Stop Sign,Clear,Daylight,Dry,Non-Fatal Injury,Cyclist Collisions,Cyclist,35 to 39,Minimal,0,North,Bicycle,Going Ahead, , , , , ,"Motorist without ROW drives into path of cyclist at inter, lnwy, dwy-Driver not turn.",Driving Properly,Normal,0,1,1,0,0,0,0,0,0,1,0,0,0,0
3001000463,2013,11,19,13,27,1,43.66996344,-79.37989435,Toronto Centre-Rosedale (27),27,North St.James Town (74),74,D51,Toronto East York,MOUNT PLEASANT RD,TED ROGERS WAY, ,Major Arterial,Intersection,Intersection Related,Traffic Signal,Clear,Daylight,Dry,Non-Fatal Injury,Rear End,Driver,45 to 49,None,0,West,"Automobile, Station Wagon",Going Ahead,Following too Close,Inattentive, , , , , , ,0,0,1,0,0,0,0,1,0,1,0,0,0,0
3001000463,2013,11,19,13,27,1,43.66996344,-79.37989435,Toronto Centre-Rosedale (27),27,North St.James Town (74),74,D51,Toronto East York,MOUNT PLEASANT RD,TED ROGERS WAY, ,Major Arterial,Intersection,Intersection Related,Traffic Signal,Clear,Daylight,Dry,Non-Fatal Injury,Rear End,Driver,65 to 69,None,0,West,"Automobile, Station Wagon",Going Ahead,Driving Properly,Normal, , , , , , ,0,0,1,0,0,0,0,1,0,1,0,0,0,0
3001000463,2013,11,19,13,27,1,43.66996344,-79.37989435,Toronto Centre-Rosedale (27),27,North St.James Town (74),74,D51,Toronto East York,MOUNT PLEASANT RD,TED ROGERS WAY, ,Major Arterial,Intersection,Intersection Related,Traffic Signal,Clear,Daylight,Dry,Non-Fatal Injury,Rear End,Driver,35 to 39,None,0,West,"Automobile, Station Wagon",Going Ahead,Driving Properly,Normal, , , , , , ,0,0,1,0,0,0,0,1,0,1,0,0,0,0
3001000463,2013,11,19,13,27,1,43.66996344,-79.37989435,Toronto Centre-Rosedale (27),27,North St.James Town (74),74,D51,Toronto East York,MOUNT PLEASANT RD,TED ROGERS WAY, ,Major Arterial,Intersection,Intersection Related,Traffic Signal,Clear,Daylight,Dry,Non-Fatal Injury,Rear End,Passenger,40 to 44,Major,0, , , , , , , , , , , ,0,0,1,0,0,0,0,1,0,1,0,0,0,0
3001000463,2013,11,19,13,27,1,43.66996344,-79.37989435,Toronto Centre-Rosedale (27),27,North St.James Town (74),74,D51,Toronto East York,MOUNT PLEASANT RD,TED ROGERS WAY, ,Major Arterial,Intersection,Intersection Related,Traffic Signal,Clear,Daylight,Dry,Non-Fatal Injury,Rear End,Passenger,60 to 64,Minor,0, , , , , , , , , , , ,0,0,1,0,0,0,0,1,0,1,0,0,0,0
4001595656,2014,2,25,13,27,1,43.66936835,-79.30296717,Beaches-East York (32),32,The Beaches (63),63,D55,Toronto East York,QUEEN ST E,ELMER AVE,6 m West of,Minor Arterial,Mid-Block,Non Intersection,No Control,Clear,Daylight,Dry,Non-Fatal Injury,Pedestrian Collisions,Driver,25 to 29,Minimal,0,East,"Automobile, Station Wagon",Going Ahead,Speed too Fast For Condition,Inattentive, , , , , , ,1,0,1,0,0,0,0,0,1,1,0,0,0,0
4001595656,2014,2,25,13,27,1,43.66936835,-79.30296717,Beaches-East York (32),32,The Beaches (63),63,D55,Toronto East York,QUEEN ST E,ELMER AVE,6 m West of,Minor Arterial,Mid-Block,Non Intersection,No Control,Clear,Daylight,Dry,Non-Fatal Injury,Pedestrian Collisions,Pedestrian,30 to 34,Major,0,Unknown,"Automobile, Station Wagon", , , ,Pedestrian hit at mid-block,Coming From Behind Parked Vehicle,Unknown, , , ,1,0,1,0,0,0,0,0,1,1,0,0,0,0
5000324381,2015,2,24,13,27,1,43.66728552,-79.37376795,Toronto Centre-Rosedale (28),28,Cabbagetown-South St.James Town (71),71,D51,Toronto East York,BLEECKER ST,WELLESLEY ST E, ,Local,Intersection,Intersection Related,Stop Sign,Clear,Daylight,Wet,Non-Fatal Injury,Pedestrian Collisions,Driver,30 to 34,None,0,North,"Automobile, Station Wagon",Reversing,Other,Normal, , , , , , ,1,0,1,0,0,0,0,0,0,0,0,0,0,0
5000324381,2015,2,24,13,27,1,43.66728552,-79.37376795,Toronto Centre-Rosedale (28),28,Cabbagetown-South St.James Town (71),71,D51,Toronto East York,BLEECKER ST,WELLESLEY ST E, ,Local,Intersection,Intersection Related,Stop Sign,Clear,Daylight,Wet,Non-Fatal Injury,Pedestrian Collisions,Pedestrian,70 to 74,Major,0,East, , , , ,Vehicle is reversing and hits pedestrian,Other,Normal, , , ,1,0,1,0,0,0,0,0,0,0,0,0,0,0
5001812233,2015,10,21,13,27,2,43.73033484,-79.48296747,York Centre (9),9,Downsview-Roding-CFB (26),26,D31,North York,KEELE ST,TILBURY DR, ,Major Arterial,Intersection,Intersection Related,Traffic Signal,Clear,Daylight,Dry,Non-Fatal Injury,SMV Other,Driver,75 to 79,Major,0,South,"Automobile, Station Wagon",Going Ahead,Lost control,Unknown, , , , , , ,0,0,1,0,0,0,0,0,1,1,0,0,0,0
7001786322,2017,10,2,13,27,0,43.84619838,-79.20925529,Scarborough-Rouge River (42),42,Rouge (131),131,D42,Scarborough,SEWELL'S RD,STEELES AVE E, ,Minor Arterial,Intersection,At Intersection,Stop Sign,Clear,Daylight,Dry,Non-Fatal Injury,Turning Movement,Driver,25 to 29,Minimal,0,North,"Automobile, Station Wagon",Turning Left,Failed to Yield Right of Way,Inattentive, , , , , , ,0,0,1,0,0,0,0,0,1,1,0,0,0,0
7001786322,2017,10,2,13,27,0,43.84619838,-79.20925529,Scarborough-Rouge River (42),42,Rouge (131),131,D42,Scarborough,SEWELL'S RD,STEELES AVE E, ,Minor Arterial,Intersection,At Intersection,Stop Sign,Clear,Daylight,Dry,Non-Fatal Injury,Turning Movement,Driver,35 to 39,Major,0,East,"Automobile, Station Wagon",Going Ahead,Driving Properly,Normal, , , , , , ,0,0,1,0,0,0,0,0,1,1,0,0,0,0
5001276114,2015,7,26,13,28,6,43.79266699,-79.15599451,Scarborough East (44),44,Centennial Scarborough (133),133,D43,Scarborough,6486 KINGSTON RD, ,15 m West of,Minor Arterial,Mid-Block,Non Intersection,No Control,Clear,Daylight,Dry,Fatal,Turning Movement,Motorcycle Driver,30 to 34,Fatal,35,East,Motorcycle,Going Ahead,Exceeding Speed Limit,Normal, , , , , , ,0,0,1,1,0,0,0,1,1,1,0,0,0,1
5001276114,2015,7,26,13,28,6,43.79266699,-79.15599451,Scarborough East (44),44,Centennial Scarborough (133),133,D43,Scarborough,6486 KINGSTON RD, ,15 m West of,Minor Arterial,Mid-Block,Non Intersection,No Control,Clear,Daylight,Dry,Fatal,Turning Movement,Driver,65 to 69,None,0,West,Passenger Van,Turning Left,Driving Properly,Normal, , , , , , ,0,0,1,1,0,0,0,1,1,1,0,0,0,1
5001276114,2015,7,26,13,28,6,43.79266699,-79.15599451,Scarborough East (44),44,Centennial Scarborough (133),133,D43,Scarborough,6486 KINGSTON RD, ,15 m West of,Minor Arterial,Mid-Block,Non Intersection,No Control,Clear,Daylight,Dry,Fatal,Turning Movement,Driver,70 to 74,None,0,West,"Automobile, Station Wagon",Stopped,Driving Properly,Normal, , , , , , ,0,0,1,1,0,0,0,1,1,1,0,0,0,1
5001276114,2015,7,26,13,28,6,43.79266699,-79.15599451,Scarborough East (44),44,Centennial Scarborough (133),133,D43,Scarborough,6486 KINGSTON RD, ,15 m West of,Minor Arterial,Mid-Block,Non Intersection,No Control,Clear,Daylight,Dry,Fatal,Turning Movement,Passenger,70 to 74,None,0, , , , , , , , , , , ,0,0,1,1,0,0,0,1,1,1,0,0,0,1
1178905,2010,7,24,13,29,5,43.69124538,-79.50089029,York South-Weston (11),11,Mount Dennis (115),115,D12,Etobicoke York,WESTON RD,JANE ST, ,Major Arterial,Intersection, ,Traffic Signal,Rain,Daylight,Wet,Non-Fatal Injury,Pedestrian Collisions,Driver,25 to 29,None,0,West,"Automobile, Station Wagon",Going Ahead,Driving Properly,Normal, , , , , , ,1,0,1,0,0,0,0,0,0,0,0,0,0,0
1178905,2010,7,24,13,29,5,43.69124538,-79.50089029,York South-Weston (11),11,Mount Dennis (115),115,D12,Etobicoke York,WESTON RD,JANE ST, ,Major Arterial,Intersection, ,Traffic Signal,Rain,Daylight,Wet,Non-Fatal Injury,Pedestrian Collisions,Pedestrian,10 to 14,Major,0,North,Other, , , ,Pedestrian hit at mid-block,Running onto Roadway,Normal, , , ,1,0,1,0,0,0,0,0,0,0,0,0,0,0
996561,2007,7,18,13,30,2,43.73674538,-79.59169029,Etobicoke North (1),1,West Humber-Clairville (1),1,D23,Etobicoke York,MARTIN GROVE RD,FINCH AVE W, ,Minor Arterial,Intersection,At Intersection,Traffic Signal,Clear,Daylight,Dry,Non-Fatal Injury,Turning Movement,Vehicle Owner,unknown,None,0, ,Other, , , , , , , , , ,0,0,1,0,1,0,0,1,0,1,1,0,0,0
996561,2007,7,18,13,30,2,43.73674538,-79.59169029,Etobicoke North (1),1,West Humber-Clairville (1),1,D23,Etobicoke York,MARTIN GROVE RD,FINCH AVE W, ,Minor Arterial,Intersection,At Intersection,Traffic Signal,Clear,Daylight,Dry,Non-Fatal Injury,Turning Movement,Truck Driver,15 to 19,None,0,West,Truck - Open,Going Ahead,Disobeyed Traffic Control,Normal, , , , , , ,0,0,1,0,1,0,0,1,0,1,1,0,0,0
996561,2007,7,18,13,30,2,43.73674538,-79.59169029,Etobicoke North (1),1,West Humber-Clairville (1),1,D23,Etobicoke York,MARTIN GROVE RD,FINCH AVE W, ,Minor Arterial,Intersection,At Intersection,Traffic Signal,Clear,Daylight,Dry,Non-Fatal Injury,Turning Movement,Passenger,35 to 39,Major,0, ,Other, , , , , , , , , ,0,0,1,0,1,0,0,1,0,1,1,0,0,0
996561,2007,7,18,13,30,2,43.73674538,-79.59169029,Etobicoke North (1),1,West Humber-Clairville (1),1,D23,Etobicoke York,MARTIN GROVE RD,FINCH AVE W, ,Minor Arterial,Intersection,At Intersection,Traffic Signal,Clear,Daylight,Dry,Non-Fatal Injury,Turning Movement,Driver,35 to 39,Minor,0,South,"Automobile, Station Wagon",Turning Left,Driving Properly,Normal, , , , , , ,0,0,1,0,1,0,0,1,0,1,1,0,0,0
996561,2007,7,18,13,30,2,43.73674538,-79.59169029,Etobicoke North (1),1,West Humber-Clairville (1),1,D23,Etobicoke York,MARTIN GROVE RD,FINCH AVE W, ,Minor Arterial,Intersection,At Intersection,Traffic Signal,Clear,Daylight,Dry,Non-Fatal Injury,Turning Movement,Driver,20 to 24,None,0,South,"Automobile, Station Wagon",Stopped,Other,Normal, , , , , , ,0,0,1,0,1,0,0,1,0,1,1,0,0,0
992822,2007,9,7,13,30,4,43.80774538,-79.26789029,Scarborough-Rouge River (41),41,Agincourt North (129),129,D42,Scarborough,5001 FINCH AVE E, , ,Major Arterial,Mid-Block, ,No Control,Clear,Daylight,Dry,Non-Fatal Injury,Pedestrian Collisions,Vehicle Owner,unknown, ,0, ,Other, , , , , , , , , ,1,0,1,0,0,0,0,0,0,0,0,0,0,0
992822,2007,9,7,13,30,4,43.80774538,-79.26789029,Scarborough-Rouge River (41),41,Agincourt North (129),129,D42,Scarborough,5001 FINCH AVE E, , ,Major Arterial,Mid-Block, ,No Control,Clear,Daylight,Dry,Non-Fatal Injury,Pedestrian Collisions,Driver,60 to 64,None,0,West,"Automobile, Station Wagon",Slowing or Stopping,Driving Properly,Inattentive, , , , , , ,1,0,1,0,0,0,0,0,0,0,0,0,0,0
992822,2007,9,7,13,30,4,43.80774538,-79.26789029,Scarborough-Rouge River (41),41,Agincourt North (129),129,D42,Scarborough,5001 FINCH AVE E, , ,Major Arterial,Mid-Block, ,No Control,Clear,Daylight,Dry,Non-Fatal Injury,Pedestrian Collisions,Pedestrian,45 to 49,Major,0, ,Other, , , ,Vehicle is reversing and hits pedestrian,Playing or Working on Highway,Inattentive, , , ,1,0,1,0,0,0,0,0,0,0,0,0,0,0
992822,2007,9,7,13,30,4,43.80774538,-79.26789029,Scarborough-Rouge River (41),41,Agincourt North (129),129,D42,Scarborough,5001 FINCH AVE E, , ,Major Arterial,Mid-Block, ,No Control,Clear,Daylight,Dry,Non-Fatal Injury,Pedestrian Collisions,Vehicle Owner,unknown, ,0, ,Other, , , , , , , , , ,1,0,1,0,0,0,0,0,0,0,0,0,0,0