ACCNUM,YEAR,MONTH,DAY,HOUR,MINUTES,WEEKDAY,LATITUDE,LONGITUDE,Ward_Name,Ward_ID,Hood_Name,Hood_ID,Division,District,STREET1,STREET2,OFFSET,ROAD_CLASS,LOCCOORD,ACCLOC,TRAFFCTL,VISIBILITY,LIGHT,RDSFCOND,ACCLASS,IMPACTYPE,INVTYPE,INVAGE,INJURY,FATAL_NO,INITDIR,VEHTYPE,MANOEUVER,DRIVACT,DRIVCOND,PEDTYPE,PEDACT,PEDCOND,CYCLISTYPE,CYCACT,CYCCOND,PEDESTRIAN,CYCLIST,AUTOMOBILE,MOTORCYCLE,TRUCK,TRSN_CITY_VEH,EMERG_VEH,PASSENGER,SPEEDING,AG_DRIV,REDLIGHT,ALCOHOL,DISABILITY,FATAL
1058507,2008,8,28,14,2,3,43.59334538,-79.53819029,Etobicoke-Lakeshore (6),6,Long Branch (19),19,D22,Etobicoke York,LAKE SHORE BLVD W,THIRTY SEVENTH ST, ,Major Arterial,Intersection,At Intersection,Traffic Signal,Clear,Daylight,Dry,Non-Fatal Injury,Turning Movement,Vehicle Owner,unknown, ,0, ,Other, , , , , , , , , ,0,0,1,0,1,0,0,0,0,0,0,0,0,0
1058507,2008,8,28,14,2,3,43.59334538,-79.53819029,Etobicoke-Lakeshore (6),6,Long Branch (19),19,D22,Etobicoke York,LAKE SHORE BLVD W,THIRTY SEVENTH ST, ,Major Arterial,Intersection,At Intersection,Traffic Signal,Clear,Daylight,Dry,Non-Fatal Injury,Turning Movement,Truck Driver,50 to 54,Minor,0,East,Truck - Open,Going Ahead,Driving Properly,Normal, , , , , , ,0,0,1,0,1,0,0,0,0,0,0,0,0,0
1058507,2008,8,28,14,2,3,43.59334538,-79.53819029,Etobicoke-Lakeshore (6),6,Long Branch (19),19,D22,Etobicoke York,LAKE SHORE BLVD W,THIRTY SEVENTH ST, ,Major Arterial,Intersection,At Intersection,Traffic Signal,Clear,Daylight,Dry,Non-Fatal Injury,Turning Movement,Driver,25 to 29,Major,0,East,"Automobile, Station Wagon",Making U Turn,Improper Turn,Normal, , , , , , ,0,0,1,0,1,0,0,0,0,0,0,0,0,0
5000666173,2015,4,22,14,2,2,43.79424246,-79.30301295,Scarborough-Agincourt (39),39,L'Amoreaux (117),117,D42,Scarborough,3 RAINIER SQ, ,4 m South of,Local,Intersection,Private Driveway,Stop Sign,Clear,Daylight,Dry,Non-Fatal Injury,SMV Other,Driver,20 to 24,Minimal,0,South,"Automobile, Station Wagon",Turning Left,Lost control,Normal, , , , , , ,0,0,1,0,0,0,0,1,1,1,0,0,0,0
5000666173,2015,4,22,14,2,2,43.79424246,-79.30301295,Scarborough-Agincourt (39),39,L'Amoreaux (117),117,D42,Scarborough,3 RAINIER SQ, ,4 m South of,Local,Intersection,Private Driveway,Stop Sign,Clear,Daylight,Dry,Non-Fatal Injury,SMV Other,Passenger,15 to 19,Major,0, , , , , , , , , , , ,0,0,1,0,0,0,0,1,1,1,0,0,0,0
5000666173,2015,4,22,14,2,2,43.79424246,-79.30301295,Scarborough-Agincourt (39),39,L'Amoreaux (117),117,D42,Scarborough,3 RAINIER SQ, ,4 m South of,Local,Intersection,Private Driveway,Stop Sign,Clear,Daylight,Dry,Non-Fatal Injury,SMV Other,Passenger,15 to 19,None,0, , , , , , , , , , , ,0,0,1,0,0,0,0,1,1,1,0,0,0,0
5000666173,2015,4,22,14,2,2,43.79424246,-79.30301295,Scarborough-Agincourt (39),39,L'Amoreaux (117),117,D42,Scarborough,3 RAINIER SQ, ,4 m South of,Local,Intersection,Private Driveway,Stop Sign,Clear,Daylight,Dry,Non-Fatal Injury,SMV Other,Passenger,15 to 19,None,0, , , , , , , , , , , ,0,0,1,0,0,0,0,1,1,1,0,0,0,0
1038517,2008,5,15,14,3,3,43.67034538,-79.39479029,Toronto Centre-Rosedale (27),27,Annex (95),95,D53,Toronto East York,AVENUE RD,YORKVILLE AVE, ,Major Arterial,Intersection,At Intersection,Traffic Signal,Clear,Daylight,Dry,Non-Fatal Injury,Pedestrian Collisions,Pedestrian,70 to 74,Major,0, ,Other, , , ,Vehicle turns left while ped crosses with ROW at inter.,Crossing with right of way,Normal, , , ,1,0,1,0,0,0,0,0,0,1,0,0,0,0
1038517,2008,5,15,14,3,3,43.67034538,-79.39479029,Toronto Centre-Rosedale (27),27,Annex (95),95,D53,Toronto East York,AVENUE RD,YORKVILLE AVE, ,Major Arterial,Intersection,At Intersection,Traffic Signal,Clear,Daylight,Dry,Non-Fatal Injury,Pedestrian Collisions,Vehicle Owner,unknown, ,0, ,Other, , , , , , , , , ,1,0,1,0,0,0,0,0,0,1,0,0,0,0
1038517,2008,5,15,14,3,3,43.67034538,-79.39479029,Toronto Centre-Rosedale (27),27,Annex (95),95,D53,Toronto East York,AVENUE RD,YORKVILLE AVE, ,Major Arterial,Intersection,At Intersection,Traffic Signal,Clear,Daylight,Dry,Non-Fatal Injury,Pedestrian Collisions,Driver,35 to 39,None,0,West,"Automobile, Station Wagon",Turning Left,Failed to Yield Right of Way,Inattentive, , , , , , ,1,0,1,0,0,0,0,0,0,1,0,0,0,0
6002093548,2016,11,25,14,3,4,43.64905508,-79.52839289,Etobicoke-Lakeshore (5),5,Islington-City Centre West (14),14,D22,Etobicoke York,DUNDAS ST W,CORDOVA AVE,34 m East of,Major Arterial,Mid-Block,Intersection Related,No Control,Clear,Daylight,Dry,Non-Fatal Injury,Approaching,Driver,40 to 44,Minor,0,West,"Automobile, Station Wagon",Going Ahead,Lost control,Unknown, , , , , , ,0,0,1,0,0,0,0,1,1,1,0,0,0,0
6002093548,2016,11,25,14,3,4,43.64905508,-79.52839289,Etobicoke-Lakeshore (5),5,Islington-City Centre West (14),14,D22,Etobicoke York,DUNDAS ST W,CORDOVA AVE,34 m East of,Major Arterial,Mid-Block,Intersection Related,No Control,Clear,Daylight,Dry,Non-Fatal Injury,Approaching,Driver,85 to 89,Major,0,East,"Automobile, Station Wagon",Going Ahead,Driving Properly,Normal, , , , , , ,0,0,1,0,0,0,0,1,1,1,0,0,0,0
6002093548,2016,11,25,14,3,4,43.64905508,-79.52839289,Etobicoke-Lakeshore (5),5,Islington-City Centre West (14),14,D22,Etobicoke York,DUNDAS ST W,CORDOVA AVE,34 m East of,Major Arterial,Mid-Block,Intersection Related,No Control,Clear,Daylight,Dry,Non-Fatal Injury,Approaching,Driver,55 to 59,Minor,0,East,"Automobile, Station Wagon",Going Ahead,Driving Properly,Normal, , , , , , ,0,0,1,0,0,0,0,1,1,1,0,0,0,0
6002093548,2016,11,25,14,3,4,43.64905508,-79.52839289,Etobicoke-Lakeshore (5),5,Islington-City Centre West (14),14,D22,Etobicoke York,DUNDAS ST W,CORDOVA AVE,34 m East of,Major Arterial,Mid-Block,Intersection Related,No Control,Clear,Daylight,Dry,Non-Fatal Injury,Approaching,Driver,20 to 24,None,0,East,"Automobile, Station Wagon",Going Ahead,Driving Properly,Normal, , , , , , ,0,0,1,0,0,0,0,1,1,1,0,0,0,0
6002093548,2016,11,25,14,3,4,43.64905508,-79.52839289,Etobicoke-Lakeshore (5),5,Islington-City Centre West (14),14,D22,Etobicoke York,DUNDAS ST W,CORDOVA AVE,34 m East of,Major Arterial,Mid-Block,Intersection Related,No Control,Clear,Daylight,Dry,Non-Fatal Injury,Approaching,Passenger,65 to 69,Minor,0, , , , , , , , , , , ,0,0,1,0,0,0,0,1,1,1,0,0,0,0
6002093548,2016,11,25,14,3,4,43.64905508,-79.52839289,Etobicoke-Lakeshore (5),5,Islington-City Centre West (14),14,D22,Etobicoke York,DUNDAS ST W,CORDOVA AVE,34 m East of,Major Arterial,Mid-Block,Intersection Related,No Control,Clear,Daylight,Dry,Non-Fatal Injury,Approaching,Passenger,75 to 79,Minor,0, , , , , , , , , , , ,0,0,1,0,0,0,0,1,1,1,0,0,0,0
7000606743,2017,4,6,14,3,3,43.70121344,-79.25123987,Scarborough Southwest (36),36,Birchcliffe-Cliffside (122),122,D41,Scarborough,CLIFFSIDE DR,FOLCROFT AVE,10 m North of,Major Arterial,Intersection,Intersection Related,No Control,Rain,Daylight,Wet,Fatal,Other,Passenger,55 to 59,Fatal,15, , , , , , , , , , , ,0,0,0,0,1,0,0,1,0,0,0,0,0,1
7000606743,2017,4,6,14,3,3,43.70121344,-79.25123987,Scarborough Southwest (36),36,Birchcliffe-Cliffside (122),122,D41,Scarborough,CLIFFSIDE DR,FOLCROFT AVE,10 m North of,Major Arterial,Intersection,Intersection Related,No Control,Rain,Daylight,Wet,Fatal,Other,Truck Driver,50 to 54,None,0,North,"Truck - Closed (Blazer, etc)",Going Ahead,Driving Properly,Normal, , , , , , ,0,0,0,0,1,0,0,1,0,0,0,0,0,1
1028235,2008,3,15,14,4,5,43.67234538,-79.37959029,Toronto Centre-Rosedale (27),27,Rosedale-Moore Park (98),98,D53,Toronto East York,MOUNT PLEASANT RD,MOUNT PLEASANT BLOOR RAMP, ,Major Arterial,Mid-Block,At Intersection,No Control,Clear,Daylight,Dry,Fatal,Pedestrian Collisions,Vehicle Owner,unknown, ,0, ,Other, , , , , , , , , ,1,0,1,0,0,0,0,0,0,0,0,0,0,1
1028235,2008,3,15,14,4,5,43.67234538,-79.37959029,Toronto Centre-Rosedale (27),27,Rosedale-Moore Park (98),98,D53,Toronto East York,MOUNT PLEASANT RD,MOUNT PLEASANT BLOOR RAMP, ,Major Arterial,Mid-Block,At Intersection,No Control,Clear,Daylight,Dry,Fatal,Pedestrian Collisions,Driver,20 to 24,None,0,South,"Automobile, Station Wagon",Going Ahead,Driving Properly,Normal, , , , , , ,1,0,1,0,0,0,0,0,0,0,0,0,0,1
1028235,2008,3,15,14,4,5,43.67234538,-79.37959029,Toronto Centre-Rosedale (27),27,Rosedale-Moore Park (98),98,D53,Toronto East York,MOUNT PLEASANT RD,MOUNT PLEASANT BLOOR RAMP, ,Major Arterial,Mid-Block,At Intersection,No Control,Clear,Daylight,Dry,Fatal,Pedestrian Collisions,Pedestrian,25 to 29,Fatal,13, ,Other, , , ,Pedestrian hit at mid-block,"Crossing, no Traffic Control",Medical or Physical Disability, , , ,1,0,1,0,0,0,0,0,0,0,0,0,0,1
1282186,2011,12,27,14,4,1,43.67704538,-79.44739029,Davenport (17),17,Corso Italia-Davenport (92),92,D13,Etobicoke York,ST CLAIR Ave W,EARLSCOURT Ave, ,Major Arterial,Intersection, ,Traffic Signal,Rain,Daylight,Wet,Non-Fatal Injury,Cyclist Collisions,Driver,25 to 29,Major,0,West,"Automobile, Station Wagon",Changing Lanes,Improper Lane Change,Inattentive, , , , , , ,0,1,1,0,0,0,0,0,0,0,0,0,0,0
1282186,2011,12,27,14,4,1,43.67704538,-79.44739029,Davenport (17),17,Corso Italia-Davenport (92),92,D13,Etobicoke York,ST CLAIR Ave W,EARLSCOURT Ave, ,Major Arterial,Intersection, ,Traffic Signal,Rain,Daylight,Wet,Non-Fatal Injury,Cyclist Collisions,Cyclist,unknown,Minimal,0,West,Bicycle,Going Ahead, , , , , ,Cyclist and Driver travelling in same direction. One vehicle sideswipes the other.,Speed too Fast For Condition,Normal,0,1,1,0,0,0,0,0,0,0,0,0,0,0
1319075,2012,8,28,14,4,1,43.72284538,-79.30189029,Don Valley East (34),34,Victoria Village (43),43,D54,Scarborough,VICTORIA PARK AVE,SOUTHMEAD RD, ,Major Arterial,Mid-Block, ,No Control,Clear,Daylight,Dry,Non-Fatal Injury,Other,Passenger,85 to 89,Major,0, ,Other, , , , , , , , , ,0,0,0,0,0,1,0,1,0,0,0,0,0,0
1319075,2012,8,28,14,4,1,43.72284538,-79.30189029,Don Valley East (34),34,Victoria Village (43),43,D54,Scarborough,VICTORIA PARK AVE,SOUTHMEAD RD, ,Major Arterial,Mid-Block, ,No Control,Clear,Daylight,Dry,Non-Fatal Injury,Other,Vehicle Owner,unknown, ,0, ,Other, , , , , , , , , ,0,0,0,0,0,1,0,1,0,0,0,0,0,0
1319075,2012,8,28,14,4,1,43.72284538,-79.30189029,Don Valley East (34),34,Victoria Village (43),43,D54,Scarborough,VICTORIA PARK AVE,SOUTHMEAD RD, ,Major Arterial,Mid-Block, ,No Control,Clear,Daylight,Dry,Non-Fatal Injury,Other,Driver,35 to 39,None,0,South,Municipal Transit Bus (TTC),Slowing or Stopping,Driving Properly,Unknown, , , , , , ,0,0,0,0,0,1,0,1,0,0,0,0,0,0
954852,2007,2,21,14,5,2,43.76234538,-79.22209029,Scarborough Centre (38),38,Woburn (137),137,D43,Scarborough,16 HISCOCK BLVD, , ,Collector,Mid-Block, ,No Control,Clear,Daylight,Dry,Non-Fatal Injury,Approaching,Vehicle Owner,unknown,None,0, ,Other, , , , , , , , , ,0,0,1,0,0,0,0,0,1,1,0,1,0,0
954852,2007,2,21,14,5,2,43.76234538,-79.22209029,Scarborough Centre (38),38,Woburn (137),137,D43,Scarborough,16 HISCOCK BLVD, , ,Collector,Mid-Block, ,No Control,Clear,Daylight,Dry,Non-Fatal Injury,Approaching,Vehicle Owner,unknown,None,0, ,Other, , , , , , , , , ,0,0,1,0,0,0,0,0,1,1,0,1,0,0
954852,2007,2,21,14,5,2,43.76234538,-79.22209029,Scarborough Centre (38),38,Woburn (137),137,D43,Scarborough,16 HISCOCK BLVD, , ,Collector,Mid-Block, ,No Control,Clear,Daylight,Dry,Non-Fatal Injury,Approaching,Vehicle Owner,unknown,None,0, ,Other, , , , , , , , , ,0,0,1,0,0,0,0,0,1,1,0,1,0,0
954852,2007,2,21,14,5,2,43.76234538,-79.22209029,Scarborough Centre (38),38,Woburn (137),137,D43,Scarborough,16 HISCOCK BLVD, , ,Collector,Mid-Block, ,No Control,Clear,Daylight,Dry,Non-Fatal Injury,Approaching,Driver,65 to 69,Major,0,West,"Automobile, Station Wagon",Going Ahead,Speed too Fast For Condition,"Ability Impaired, Alcohol", , , , , , ,0,0,1,0,0,0,0,0,1,1,0,1,0,0
954852,2007,2,21,14,5,2,43.76234538,-79.22209029,Scarborough Centre (38),38,Woburn (137),137,D43,Scarborough,16 HISCOCK BLVD, , ,Collector,Mid-Block, ,No Control,Clear,Daylight,Dry,Non-Fatal Injury,Approaching,Vehicle Owner,unknown,None,0, ,Other, , , , , , , , , ,0,0,1,0,0,0,0,0,1,1,0,1,0,0
954852,2007,2,21,14,5,2,43.76234538,-79.22209029,Scarborough Centre (38),38,Woburn (137),137,D43,Scarborough,16 HISCOCK BLVD, , ,Collector,Mid-Block, ,No Control,Clear,Daylight,Dry,Non-Fatal Injury,Approaching,Vehicle Owner,unknown,None,0, ,Other, , , , , , , , , ,0,0,1,0,0,0,0,0,1,1,0,1,0,0
1036361,2008,4,18,14,5,4,43.66134538,-79.38309029,Toronto Centre-Rosedale (27),27,Church-Yonge Corridor (75),75,D51,Toronto East York,YONGE ST,CARLTON ST, ,Major Arterial,Intersection,At Intersection,Traffic Signal,Clear,Daylight,Dry,Non-Fatal Injury,Pedestrian Collisions,Vehicle Owner,unknown, ,0, ,Other, , , , , , , , , ,1,0,1,0,0,0,0,0,0,1,0,0,0,0
1036361,2008,4,18,14,5,4,43.66134538,-79.38309029,Toronto Centre-Rosedale (27),27,Church-Yonge Corridor (75),75,D51,Toronto East York,YONGE ST,CARLTON ST, ,Major Arterial,Intersection,At Intersection,Traffic Signal,Clear,Daylight,Dry,Non-Fatal Injury,Pedestrian Collisions,Driver,45 to 49,None,0,North,"Automobile, Station Wagon",Slowing or Stopping,Failed to Yield Right of Way,Normal, , , , , , ,1,0,1,0,0,0,0,0,0,1,0,0,0,0
1036361,2008,4,18,14,5,4,43.66134538,-79.38309029,Toronto Centre-Rosedale (27),27,Church-Yonge Corridor (75),75,D51,Toronto East York,YONGE ST,CARLTON ST, ,Major Arterial,Intersection,At Intersection,Traffic Signal,Clear,Daylight,Dry,Non-Fatal Injury,Pedestrian Collisions,Pedestrian,20 to 24,Major,0,West,Other, , , ,Vehicle is going straight thru inter.while ped cross with ROW,Crossing with right of way,Normal, , , ,1,0,1,0,0,0,0,0,0,1,0,0,0,0
1145801,2009,12,8,14,5,1,43.73944538,-79.61289029,Etobicoke North (1),1,West Humber-Clairville (1),1,D23,Etobicoke York,110 CARRIER Dr, , ,Collector,Mid-Block, ,No Control,Clear,Daylight,Dry,Non-Fatal Injury,Pedestrian Collisions,Pedestrian,25 to 29,Major,0,West,Other, , , ,Pedestrian hit at mid-block,Running onto Roadway,Inattentive, , , ,1,0,1,0,0,0,0,0,0,0,0,0,0,0
1145801,2009,12,8,14,5,1,43.73944538,-79.61289029,Etobicoke North (1),1,West Humber-Clairville (1),1,D23,Etobicoke York,110 CARRIER Dr, , ,Collector,Mid-Block, ,No Control,Clear,Daylight,Dry,Non-Fatal Injury,Pedestrian Collisions,Vehicle Owner,unknown, ,0, ,Other, , , , , , , , , ,1,0,1,0,0,0,0,0,0,0,0,0,0,0
1145801,2009,12,8,14,5,1,43.73944538,-79.61289029,Etobicoke North (1),1,West Humber-Clairville (1),1,D23,Etobicoke York,110 CARRIER Dr, , ,Collector,Mid-Block, ,No Control,Clear,Daylight,Dry,Non-Fatal Injury,Pedestrian Collisions,Driver,25 to 29,None,0,North,"Automobile, Station Wagon",Going Ahead,Driving Properly,Normal, , , , , , ,1,0,1,0,0,0,0,0,0,0,0,0,0,0
1246857,2011,6,15,14,5,2,43.66594656,-79.45009241,Davenport (18),18,Dovercourt-Wallace Emerson-Junction (93),93,D11,Toronto East York,DUPONT Stre,CAMPBELL Aven, ,Major Arterial,Intersection,At Intersection,No Control,Clear,Daylight,Dry,Non-Fatal Injury,Sideswipe,Vehicle Owner,unknown, ,0, , , , , , , , , , , ,0,1,1,0,0,0,0,0,0,0,0,0,0,0
1246857,2011,6,15,14,5,2,43.66594656,-79.45009241,Davenport (18),18,Dovercourt-Wallace Emerson-Junction (93),93,D11,Toronto East York,DUPONT Stre,CAMPBELL Aven, ,Major Arterial,Intersection,At Intersection,No Control,Clear,Daylight,Dry,Non-Fatal Injury,Sideswipe,Driver,75 to 79,None,0,West,"Automobile, Station Wagon",Turning Right,Improper Turn,Normal, , , , , , ,0,1,1,0,0,0,0,0,0,0,0,0,0,0
1246857,2011,6,15,14,5,2,43.66594656,-79.45009241,Davenport (18),18,Dovercourt-Wallace Emerson-Junction (93),93,D11,Toronto East York,DUPONT Stre,CAMPBELL Aven, ,Major Arterial,Intersection,At Intersection,No Control,Clear,Daylight,Dry,Non-Fatal Injury,Sideswipe,Moped Driver,35 to 39,Major,0,West,Moped,Going Ahead, , , , , , , , ,0,1,1,0,0,0,0,0,0,0,0,0,0,0
1271644,2011,10,29,14,5,5,43.68294538,-79.46269029,York South-Weston (12),12,Keelesdale-Eglinton West (110),110,D12,Etobicoke York,ROGERS RD,SILVERTHORN AVE, ,Minor Arterial,Mid-Block, ,No Control,Clear,Daylight,Dry,Non-Fatal Injury,Rear End,Driver,30 to 34,Minimal,0,West,"Automobile, Station Wagon",Stopped,Driving Properly,Normal, , , , , , ,0,0,1,0,0,0,0,0,0,0,0,0,0,0
1271644,2011,10,29,14,5,5,43.68294538,-79.46269029,York South-Weston (12),12,Keelesdale-Eglinton West (110),110,D12,Etobicoke York,ROGERS RD,SILVERTHORN AVE, ,Minor Arterial,Mid-Block, ,No Control,Clear,Daylight,Dry,Non-Fatal Injury,Rear End,Driver,35 to 39,Major,0,West,"Automobile, Station Wagon",Slowing or Stopping,Lost control,Inattentive, , , , , , ,0,0,1,0,0,0,0,0,0,0,0,0,0,0
1335478,2012,11,26,14,5,0,43.65164538,-79.38279029,Toronto Centre-Rosedale (28),28,Bay Street Corridor (76),76,D52,Toronto East York,QUEEN ST W,BAY ST, ,Major Arterial,Mid-Block, ,No Control,Clear,Daylight,Dry,Non-Fatal Injury,Cyclist Collisions,Driver,40 to 44,None,0,East,"Automobile, Station Wagon",Stopped,Other,Normal, , , , , , ,0,1,1,0,0,0,0,0,0,0,0,0,0,0
1335478,2012,11,26,14,5,0,43.65164538,-79.38279029,Toronto Centre-Rosedale (28),28,Bay Street Corridor (76),76,D52,Toronto East York,QUEEN ST W,BAY ST, ,Major Arterial,Mid-Block, ,No Control,Clear,Daylight,Dry,Non-Fatal Injury,Cyclist Collisions,Cyclist,45 to 49,Major,0,East,Bicycle,Going Ahead, , , , , ,Cyclist and Driver travelling in same direction. One vehicle sideswipes the other.,Improper Passing,Inattentive,0,1,1,0,0,0,0,0,0,0,0,0,0,0
1357107,2013,5,20,14,5,0,43.65904538,-79.40049029,Trinity-Spadina (20),20,University (79),79,D52,Toronto East York,SPADINA Ave,COLLEGE St, ,Major Arterial,Intersection,At Intersection,No Control,Clear,Daylight,Dry,Non-Fatal Injury,SMV Other,Motorcycle Driver,25 to 29,Major,0,North,Motorcycle,Turning Right,Lost control,Normal, , , , , , ,0,0,0,1,0,0,0,0,1,1,0,0,0,0
5000653521,2015,4,20,14,5,0,43.66444357,-79.34238062,Toronto-Danforth (30),30,South Riverdale (70),70,D55,Toronto East York,1159 DUNDAS ST E, ,6 m West of,Minor Arterial,Mid-Block,Non Intersection,No Control,Clear,Daylight,Dry,Fatal,Pedestrian Collisions,Driver,15 to 19,None,0,East,"Automobile, Station Wagon",Going Ahead,Lost control,Inattentive, , , , , , ,1,0,1,0,0,0,0,1,1,1,0,0,0,1
5000653521,2015,4,20,14,5,0,43.66444357,-79.34238062,Toronto-Danforth (30),30,South Riverdale (70),70,D55,Toronto East York,1159 DUNDAS ST E, ,6 m West of,Minor Arterial,Mid-Block,Non Intersection,No Control,Clear,Daylight,Dry,Fatal,Pedestrian Collisions,Driver,60 to 64,None,0,East,Pick Up Truck,Going Ahead,Driving Properly,Normal, , , , , , ,1,0,1,0,0,0,0,1,1,1,0,0,0,1
5000653521,2015,4,20,14,5,0,43.66444357,-79.34238062,Toronto-Danforth (30),30,South Riverdale (70),70,D55,Toronto East York,1159 DUNDAS ST E, ,6 m West of,Minor Arterial,Mid-Block,Non Intersection,No Control,Clear,Daylight,Dry,Fatal,Pedestrian Collisions,Passenger,15 to 19,None,0, , , , , , , , , , , ,1,0,1,0,0,0,0,1,1,1,0,0,0,1
5000653521,2015,4,20,14,5,0,43.66444357,-79.34238062,Toronto-Danforth (30),30,South Riverdale (70),70,D55,Toronto East York,1159 DUNDAS ST E, ,6 m West of,Minor Arterial,Mid-Block,Non Intersection,No Control,Clear,Daylight,Dry,Fatal,Pedestrian Collisions,Pedestrian,30 to 34,Fatal,19,Unknown, , , , ,Pedestrian hit on sidewalk or shoulder,On Sidewalk or Shoulder,Normal, , , ,1,0,1,0,0,0,0,1,1,1,0,0,0,1
7000003346,2017,1,1,14,5,6,43.76655539,-79.52615748,York West (8),8,Black Creek (24),24,D31,North York,57 BIMINI CRES, ,9 m South of,Local,Mid-Block,Non Intersection,No Control,Clear,Daylight,Other,Non-Fatal Injury,SMV Other,Driver,85 to 89,Major,0,West,"Automobile, Station Wagon",Reversing,Other,Inattentive, , , , , , ,0,0,1,0,0,0,0,0,0,0,0,0,0,0
7000452997,2017,3,13,14,5,0,43.72250708,-79.46939478,Eglinton-Lawrence (15),15,Yorkdale-Glen Park (31),31,D32,North York,CALEDONIA RD,BRIDGELAND AVE,176 m South of,Minor Arterial,Mid-Block,Non Intersection,No Control,Snow,Daylight,Wet,Non-Fatal Injury,Rear End,Driver,30 to 34,None,0,South,"Automobile, Station Wagon",Going Ahead,Speed too Fast For Condition,Inattentive, , , , , , ,0,0,1,0,0,0,0,0,1,1,0,0,0,0
7000452997,2017,3,13,14,5,0,43.72250708,-79.46939478,Eglinton-Lawrence (15),15,Yorkdale-Glen Park (31),31,D32,North York,CALEDONIA RD,BRIDGELAND AVE,176 m South of,Minor Arterial,Mid-Block,Non Intersection,No Control,Snow,Daylight,Wet,Non-Fatal Injury,Rear End,Driver,40 to 44,Major,0,South,"Automobile, Station Wagon",Slowing or Stopping,Driving Properly,Normal, , , , , , ,0,0,1,0,0,0,0,0,1,1,0,0,0,0
1364796,2013,5,17,14,6,4,43.67984538,-79.41699029,St. Paul's (21),21,Wychwood (94),94,D13,Toronto East York,BATHURST ST,NINA ST, ,Major Arterial,Intersection,At Intersection,Traffic Signal,Clear,Daylight,Dry,Non-Fatal Injury,Sideswipe,Driver,20 to 24,None,0,North,"Automobile, Station Wagon",Changing Lanes,Driving Properly,Normal, , , , , , ,0,0,1,1,0,0,0,0,0,1,0,0,0,0
1364796,2013,5,17,14,6,4,43.67984538,-79.41699029,St. Paul's (21),21,Wychwood (94),94,D13,Toronto East York,BATHURST ST,NINA ST, ,Major Arterial,Intersection,At Intersection,Traffic Signal,Clear,Daylight,Dry,Non-Fatal Injury,Sideswipe,Vehicle Owner,unknown, ,0, ,Other, , , , , , , , , ,0,0,1,1,0,0,0,0,0,1,0,0,0,0
1364796,2013,5,17,14,6,4,43.67984538,-79.41699029,St. Paul's (21),21,Wychwood (94),94,D13,Toronto East York,BATHURST ST,NINA ST, ,Major Arterial,Intersection,At Intersection,Traffic Signal,Clear,Daylight,Dry,Non-Fatal Injury,Sideswipe,Motorcycle Driver,35 to 39,Major,0,North,Motorcycle,Going Ahead,Improper Passing,Normal, , , , , , ,0,0,1,1,0,0,0,0,0,1,0,0,0,0
1050426,2008,7,28,14,7,0,43.68904538,-79.35089029,Toronto-Danforth (29),29,Broadview North (57),57,D54,Toronto East York,COSBURN AVE,LOGAN AVE, ,Major Arterial,Mid-Block, ,No Control,Clear,Daylight,Dry,Non-Fatal Injury,Pedestrian Collisions,Pedestrian,75 to 79,Major,0,South,Other, , , ,Vehicle is reversing and hits pedestrian,Other,Inattentive, , , ,1,0,1,0,0,0,0,0,0,1,0,0,0,0
1050426,2008,7,28,14,7,0,43.68904538,-79.35089029,Toronto-Danforth (29),29,Broadview North (57),57,D54,Toronto East York,COSBURN AVE,LOGAN AVE, ,Major Arterial,Mid-Block, ,No Control,Clear,Daylight,Dry,Non-Fatal Injury,Pedestrian Collisions,Driver,50 to 54,None,0,South,"Automobile, Station Wagon",Reversing,Failed to Yield Right of Way,Normal, , , , , , ,1,0,1,0,0,0,0,0,0,1,0,0,0,0
1339720,2012,12,14,14,7,4,43.67754538,-79.30259029,Beaches-East York (32),32,The Beaches (63),63,D55,Toronto East York,KINGSTON RD,WAVERLEY RD, ,Local,Mid-Block, ,No Control,Clear,Daylight,Dry,Non-Fatal Injury,Pedestrian Collisions,Vehicle Owner,unknown, ,0, ,Other, , , , , , , , , ,1,0,1,0,0,0,0,0,0,0,0,0,0,0
1339720,2012,12,14,14,7,4,43.67754538,-79.30259029,Beaches-East York (32),32,The Beaches (63),63,D55,Toronto East York,KINGSTON RD,WAVERLEY RD, ,Local,Mid-Block, ,No Control,Clear,Daylight,Dry,Non-Fatal Injury,Pedestrian Collisions,Driver,65 to 69,None,0,North,Taxi,Reversing,Other,Inattentive, , , , , , ,1,0,1,0,0,0,0,0,0,0,0,0,0,0
1339720,2012,12,14,14,7,4,43.67754538,-79.30259029,Beaches-East York (32),32,The Beaches (63),63,D55,Toronto East York,KINGSTON RD,WAVERLEY RD, ,Local,Mid-Block, ,No Control,Clear,Daylight,Dry,Non-Fatal Injury,Pedestrian Collisions,Pedestrian,85 to 89,Major,0,North,Other, , , ,Vehicle is reversing and hits pedestrian,Other,Medical or Physical Disability, , , ,1,0,1,0,0,0,0,0,0,0,0,0,0,0
1371427,2013,6,17,14,7,0,43.63794538,-79.39069029,Trinity-Spadina (20),20,Waterfront Communities-The Island (77),77,D52,Toronto East York,390 QUEENS QUAY W, , ,Minor Arterial,Mid-Block, ,Traffic Controller,Clear,Daylight,Dry,Non-Fatal Injury,Pedestrian Collisions,Truck Driver,50 to 54,Major,0,South,Truck - Open,Going Ahead,Driving Properly,Unknown, , , , , , ,1,0,0,0,1,0,0,0,0,0,0,0,0,0
1371427,2013,6,17,14,7,0,43.63794538,-79.39069029,Trinity-Spadina (20),20,Waterfront Communities-The Island (77),77,D52,Toronto East York,390 QUEENS QUAY W, , ,Minor Arterial,Mid-Block, ,Traffic Controller,Clear,Daylight,Dry,Non-Fatal Injury,Pedestrian Collisions,Pedestrian,30 to 34,Minor,0,Unknown,Other, , , ,Pedestrian hit at mid-block,Playing or Working on Highway,Inattentive, , , ,1,0,0,0,1,0,0,0,0,0,0,0,0,0