ACCNUM,YEAR,MONTH,DAY,HOUR,MINUTES,WEEKDAY,LATITUDE,LONGITUDE,Ward_Name,Ward_ID,Hood_Name,Hood_ID,Division,District,STREET1,STREET2,OFFSET,ROAD_CLASS,LOCCOORD,ACCLOC,TRAFFCTL,VISIBILITY,LIGHT,RDSFCOND,ACCLASS,IMPACTYPE,INVTYPE,INVAGE,INJURY,FATAL_NO,INITDIR,VEHTYPE,MANOEUVER,DRIVACT,DRIVCOND,PEDTYPE,PEDACT,PEDCOND,CYCLISTYPE,CYCACT,CYCCOND,PEDESTRIAN,CYCLIST,AUTOMOBILE,MOTORCYCLE,TRUCK,TRSN_CITY_VEH,EMERG_VEH,PASSENGER,SPEEDING,AG_DRIV,REDLIGHT,ALCOHOL,DISABILITY,FATAL
1289091,2012,2,12,15,5,6,43.70824538,-79.39089029,St. Paul's (22),22,Mount Pleasant West (104),104,D53,Toronto East York,EGLINTON Ave E,BROWNLOW Ave, ,Major Arterial,Mid-Block, ,No Control,Clear,Daylight,Wet,Non-Fatal Injury,SMV Other,Other Property Owner,unknown, ,0, ,Other, , , , , , , , , ,0,0,1,0,0,0,0,0,1,1,0,0,0,0
1290476,2012,2,20,15,5,0,43.67044538,-79.35389029,Toronto-Danforth (30),30,North Riverdale (68),68,D55,Toronto East York,BROADVIEW AVE,BAIN AVE, ,Minor Arterial,Intersection, ,No Control,Clear,Daylight,Dry,Non-Fatal Injury,Pedestrian Collisions,Vehicle Owner,unknown, ,0, ,Other, , , , , , , , , ,1,0,1,0,0,0,0,0,1,1,0,0,0,0
1290476,2012,2,20,15,5,0,43.67044538,-79.35389029,Toronto-Danforth (30),30,North Riverdale (68),68,D55,Toronto East York,BROADVIEW AVE,BAIN AVE, ,Minor Arterial,Intersection, ,No Control,Clear,Daylight,Dry,Non-Fatal Injury,Pedestrian Collisions,Driver,70 to 74,None,0,North,Taxi,Going Ahead,Driving Properly,Normal, , , , , , ,1,0,1,0,0,0,0,0,1,1,0,0,0,0
1290476,2012,2,20,15,5,0,43.67044538,-79.35389029,Toronto-Danforth (30),30,North Riverdale (68),68,D55,Toronto East York,BROADVIEW AVE,BAIN AVE, ,Minor Arterial,Intersection, ,No Control,Clear,Daylight,Dry,Non-Fatal Injury,Pedestrian Collisions,Driver,45 to 49,None,0,North,"Automobile, Station Wagon",Changing Lanes,Exceeding Speed Limit,Inattentive, , , , , , ,1,0,1,0,0,0,0,0,1,1,0,0,0,0
1290476,2012,2,20,15,5,0,43.67044538,-79.35389029,Toronto-Danforth (30),30,North Riverdale (68),68,D55,Toronto East York,BROADVIEW AVE,BAIN AVE, ,Minor Arterial,Intersection, ,No Control,Clear,Daylight,Dry,Non-Fatal Injury,Pedestrian Collisions,Other Property Owner,unknown, ,0, ,Other, , , , , , , , , ,1,0,1,0,0,0,0,0,1,1,0,0,0,0
1290476,2012,2,20,15,5,0,43.67044538,-79.35389029,Toronto-Danforth (30),30,North Riverdale (68),68,D55,Toronto East York,BROADVIEW AVE,BAIN AVE, ,Minor Arterial,Intersection, ,No Control,Clear,Daylight,Dry,Non-Fatal Injury,Pedestrian Collisions,Pedestrian,45 to 49,Major,0,South,Other, , , ,Pedestrian hit on sidewalk or shoulder,On Sidewalk or Shoulder,Normal, , , ,1,0,1,0,0,0,0,0,1,1,0,0,0,0
7001052622,2017,6,13,15,5,1,43.64874238,-79.54924429,Etobicoke-Lakeshore (5),5,Islington-City Centre West (14),14,D22,Etobicoke York,BURNHAMTHORPE RD,MARTIN GROVE RD,25 m West of,Major Arterial,Intersection,Intersection Related,Traffic Signal,Clear,Daylight,Dry,Non-Fatal Injury,Rear End,Motorcycle Driver,20 to 24,Major,0,West,Motorcycle,Going Ahead,Other,Inattentive, , , , , , ,0,0,1,1,0,0,0,1,0,0,0,0,0,0
7001052622,2017,6,13,15,5,1,43.64874238,-79.54924429,Etobicoke-Lakeshore (5),5,Islington-City Centre West (14),14,D22,Etobicoke York,BURNHAMTHORPE RD,MARTIN GROVE RD,25 m West of,Major Arterial,Intersection,Intersection Related,Traffic Signal,Clear,Daylight,Dry,Non-Fatal Injury,Rear End,Driver,60 to 64,None,0,West,"Automobile, Station Wagon",Stopped,Driving Properly,Normal, , , , , , ,0,0,1,1,0,0,0,1,0,0,0,0,0,0
7001052622,2017,6,13,15,5,1,43.64874238,-79.54924429,Etobicoke-Lakeshore (5),5,Islington-City Centre West (14),14,D22,Etobicoke York,BURNHAMTHORPE RD,MARTIN GROVE RD,25 m West of,Major Arterial,Intersection,Intersection Related,Traffic Signal,Clear,Daylight,Dry,Non-Fatal Injury,Rear End,Passenger,70 to 74,None,0, , , , , , , , , , , ,0,0,1,1,0,0,0,1,0,0,0,0,0,0
7001628368,2017,9,8,15,5,4,43.70199164,-79.37375269,Don Valley West (26),26,Leaside-Bennington (56),56,D53,North York,BALLIOL ST,BAYVIEW AVE, ,Major Arterial,Intersection,At Intersection,Stop Sign,Clear,Daylight,Dry,Non-Fatal Injury,Cyclist Collisions,Driver,35 to 39,None,0,East,Passenger Van,Turning Right,Failed to Yield Right of Way,Inattentive, , , , , , ,0,1,1,0,0,0,0,0,0,1,0,0,0,0
7001628368,2017,9,8,15,5,4,43.70199164,-79.37375269,Don Valley West (26),26,Leaside-Bennington (56),56,D53,North York,BALLIOL ST,BAYVIEW AVE, ,Major Arterial,Intersection,At Intersection,Stop Sign,Clear,Daylight,Dry,Non-Fatal Injury,Cyclist Collisions,Cyclist,50 to 54,Major,0,North,Bicycle,Going Ahead, , , , , ,"Motorist turns right at non-signal Inter.(stop, yield, no cont.,and dwy) and strikes cyclist.",Driving Properly,Normal,0,1,1,0,0,0,0,0,0,1,0,0,0,0
7001748240,2017,9,26,15,5,1,43.64255838,-79.57586329,Etobicoke Centre (3),3,Etobicoke West Mall (13),13,D22,Etobicoke York,BURNHAMTHORPE RD,SATURN RD, ,Major Arterial,Intersection,At Intersection,Traffic Signal,Clear,Daylight,Dry,Non-Fatal Injury,Turning Movement,Motorcycle Driver,25 to 29,Major,0,East,Motorcycle,Going Ahead,Disobeyed Traffic Control,Normal, , , , , , ,0,0,1,1,0,0,0,0,0,1,1,0,0,0
7001748240,2017,9,26,15,5,1,43.64255838,-79.57586329,Etobicoke Centre (3),3,Etobicoke West Mall (13),13,D22,Etobicoke York,BURNHAMTHORPE RD,SATURN RD, ,Major Arterial,Intersection,At Intersection,Traffic Signal,Clear,Daylight,Dry,Non-Fatal Injury,Turning Movement,Driver,60 to 64,None,0,West,"Automobile, Station Wagon",Turning Left,Driving Properly,Normal, , , , , , ,0,0,1,1,0,0,0,0,0,1,1,0,0,0
3000989119,2013,11,17,15,6,6,43.80421408,-79.16878138,Scarborough East (44),44,Rouge (131),131,D42,Scarborough,MEADOWVALE RD,DEAN PARK  RD, ,Minor Arterial,Intersection,At Intersection,Traffic Signal,Clear,Daylight,Dry,Non-Fatal Injury,Angle,Driver,60 to 64,Major,0,South,"Automobile, Station Wagon",Going Ahead,Disobeyed Traffic Control,Inattentive, , , , , , ,0,0,1,0,0,0,0,1,1,1,1,0,0,0
3000989119,2013,11,17,15,6,6,43.80421408,-79.16878138,Scarborough East (44),44,Rouge (131),131,D42,Scarborough,MEADOWVALE RD,DEAN PARK  RD, ,Minor Arterial,Intersection,At Intersection,Traffic Signal,Clear,Daylight,Dry,Non-Fatal Injury,Angle,Driver,25 to 29,None,0,West,Passenger Van,Going Ahead,Driving Properly,Normal, , , , , , ,0,0,1,0,0,0,0,1,1,1,1,0,0,0
3000989119,2013,11,17,15,6,6,43.80421408,-79.16878138,Scarborough East (44),44,Rouge (131),131,D42,Scarborough,MEADOWVALE RD,DEAN PARK  RD, ,Minor Arterial,Intersection,At Intersection,Traffic Signal,Clear,Daylight,Dry,Non-Fatal Injury,Angle,Passenger,0 to 4,None,0, , , , , , , , , , , ,0,0,1,0,0,0,0,1,1,1,1,0,0,0
6001911246,2016,10,27,15,6,3,43.78168066,-79.4937707,York West (8),8,York University Heights (27),27,D31,North York,STEELES AV W,KEELE ST,50 m East of,Major Arterial,Mid-Block,Non Intersection,No Control,Rain,Daylight,Wet,Non-Fatal Injury,Pedestrian Collisions,Driver,60 to 64,None,0,West,"Automobile, Station Wagon",Going Ahead,Driving Properly,Normal, , , , , , ,1,0,1,0,0,0,0,0,0,0,0,0,0,0
6001911246,2016,10,27,15,6,3,43.78168066,-79.4937707,York West (8),8,York University Heights (27),27,D31,North York,STEELES AV W,KEELE ST,50 m East of,Major Arterial,Mid-Block,Non Intersection,No Control,Rain,Daylight,Wet,Non-Fatal Injury,Pedestrian Collisions,Pedestrian,25 to 29,Major,0,South, , , , ,Pedestrian hit at mid-block,Running onto Roadway,Inattentive, , , ,1,0,1,0,0,0,0,0,0,0,0,0,0,0
1329059,2012,12,3,15,7,0,43.72864538,-79.41439029,Eglinton-Lawrence (16),16,Lawrence Park North (105),105,D32,North York,ELM RD,FAIRLAWN AVE, ,Collector,Intersection,At Intersection,Stop Sign,Clear,Daylight,Dry,Fatal,Pedestrian Collisions,Driver,85 to 89,None,0,South,"Automobile, Station Wagon",Going Ahead,Failed to Yield Right of Way,Inattentive, , , , , , ,1,0,1,0,0,0,0,0,0,1,0,0,0,1
1329059,2012,12,3,15,7,0,43.72864538,-79.41439029,Eglinton-Lawrence (16),16,Lawrence Park North (105),105,D32,North York,ELM RD,FAIRLAWN AVE, ,Collector,Intersection,At Intersection,Stop Sign,Clear,Daylight,Dry,Fatal,Pedestrian Collisions,Pedestrian,85 to 89,Fatal,41,East,Other, , , ,Vehicle is going straight thru inter.while ped cross with ROW,Crossing with right of way,Normal, , , ,1,0,1,0,0,0,0,0,0,1,0,0,0,1
6001956297,2016,11,3,15,7,3,43.66810187,-79.36952601,Toronto Centre-Rosedale (28),28,Cabbagetown-South St.James Town (71),71,D51,Toronto East York,PARLIAMENT ST,WELLESLEY ST E, ,Minor Arterial,Intersection,At Intersection,Traffic Signal,Clear,Daylight,Dry,Non-Fatal Injury,Cyclist Collisions,Truck Driver,40 to 44,None,0,South,Truck - Dump,Turning Right,Improper Turn,Inattentive, , , , , , ,0,1,0,0,1,0,0,0,0,0,0,0,0,0
6001956297,2016,11,3,15,7,3,43.66810187,-79.36952601,Toronto Centre-Rosedale (28),28,Cabbagetown-South St.James Town (71),71,D51,Toronto East York,PARLIAMENT ST,WELLESLEY ST E, ,Minor Arterial,Intersection,At Intersection,Traffic Signal,Clear,Daylight,Dry,Non-Fatal Injury,Cyclist Collisions,Cyclist,25 to 29,Major,0,South,Bicycle,Stopped, , , , , ,Motorist turning right on red at signalized intersection strikes cyclist.,Other,Inattentive,0,1,0,0,1,0,0,0,0,0,0,0,0,0
7000274781,2017,2,13,15,7,0,43.77969702,-79.41553889,Willowdale (23),23,Willowdale East (51),51,D32,North York,FINCH AVE W,YONGE ST, ,Major Arterial,Intersection,At Intersection,Traffic Signal,Clear,Daylight,Wet,Non-Fatal Injury,Pedestrian Collisions,Driver,35 to 39,None,0,East,"Automobile, Station Wagon",Going Ahead,Driving Properly,Normal, , , , , , ,1,0,1,0,0,0,0,0,0,0,0,0,0,0
7000274781,2017,2,13,15,7,0,43.77969702,-79.41553889,Willowdale (23),23,Willowdale East (51),51,D32,North York,FINCH AVE W,YONGE ST, ,Major Arterial,Intersection,At Intersection,Traffic Signal,Clear,Daylight,Wet,Non-Fatal Injury,Pedestrian Collisions,Pedestrian,50 to 54,Major,0,South, , , , ,Vehicle is going straight thru inter.while ped cross without ROW,Crossing without right of way,Inattentive, , , ,1,0,1,0,0,0,0,0,0,0,0,0,0,0
1178296,2010,5,28,15,8,4,43.63924538,-79.38389029,Trinity-Spadina (20),20,Waterfront Communities-The Island (77),77,D52,Toronto East York,QUEENS QUAY W,LOWER SIMCOE ST, ,Minor Arterial,Mid-Block, ,No Control,Clear,Daylight,Dry,Non-Fatal Injury,Turning Movement,Passenger,40 to 44,Major,0, ,Other, , , , , , , , , ,0,0,1,0,0,1,0,1,0,0,0,0,0,0
1178296,2010,5,28,15,8,4,43.63924538,-79.38389029,Trinity-Spadina (20),20,Waterfront Communities-The Island (77),77,D52,Toronto East York,QUEENS QUAY W,LOWER SIMCOE ST, ,Minor Arterial,Mid-Block, ,No Control,Clear,Daylight,Dry,Non-Fatal Injury,Turning Movement,Driver,45 to 49,Major,0,West,"Automobile, Station Wagon",Turning Left,Improper Turn,Inattentive, , , , , , ,0,0,1,0,0,1,0,1,0,0,0,0,0,0
1178296,2010,5,28,15,8,4,43.63924538,-79.38389029,Trinity-Spadina (20),20,Waterfront Communities-The Island (77),77,D52,Toronto East York,QUEENS QUAY W,LOWER SIMCOE ST, ,Minor Arterial,Mid-Block, ,No Control,Clear,Daylight,Dry,Non-Fatal Injury,Turning Movement,Vehicle Owner,unknown, ,0, ,Other, , , , , , , , , ,0,0,1,0,0,1,0,1,0,0,0,0,0,0
1178296,2010,5,28,15,8,4,43.63924538,-79.38389029,Trinity-Spadina (20),20,Waterfront Communities-The Island (77),77,D52,Toronto East York,QUEENS QUAY W,LOWER SIMCOE ST, ,Minor Arterial,Mid-Block, ,No Control,Clear,Daylight,Dry,Non-Fatal Injury,Turning Movement,Driver,45 to 49,None,0,West,Municipal Transit Bus (TTC),Going Ahead,Driving Properly,Normal, , , , , , ,0,0,1,0,0,1,0,1,0,0,0,0,0,0
1298987,2012,6,14,15,8,3,43.64654538,-79.36659029,Toronto Centre-Rosedale (28),28,Waterfront Communities-The Island (77),77,D51,Toronto East York,F G GARDINER XY  W,LOWER SHERBOURNE ST, ,Expressway,Mid-Block, ,No Control,Clear,Daylight,Dry,Non-Fatal Injury,Sideswipe,Driver,45 to 49,Minimal,0,West,"Automobile, Station Wagon",Going Ahead,Driving Properly,Normal, , , , , , ,0,0,1,0,0,0,0,0,0,0,0,0,0,0
1298987,2012,6,14,15,8,3,43.64654538,-79.36659029,Toronto Centre-Rosedale (28),28,Waterfront Communities-The Island (77),77,D51,Toronto East York,F G GARDINER XY  W,LOWER SHERBOURNE ST, ,Expressway,Mid-Block, ,No Control,Clear,Daylight,Dry,Non-Fatal Injury,Sideswipe,Vehicle Owner,unknown, ,0, ,Other, , , , , , , , , ,0,0,1,0,0,0,0,0,0,0,0,0,0,0
1298987,2012,6,14,15,8,3,43.64654538,-79.36659029,Toronto Centre-Rosedale (28),28,Waterfront Communities-The Island (77),77,D51,Toronto East York,F G GARDINER XY  W,LOWER SHERBOURNE ST, ,Expressway,Mid-Block, ,No Control,Clear,Daylight,Dry,Non-Fatal Injury,Sideswipe,Driver,40 to 44,None,0,West,"Automobile, Station Wagon",Stopped,Driving Properly,Normal, , , , , , ,0,0,1,0,0,0,0,0,0,0,0,0,0,0
1024249,2008,2,11,15,9,0,43.72564538,-79.29749029,Scarborough Southwest (35),35,Clairlea-Birchmount (120),120,D41,Scarborough,EGLINTON AVE E,PHARMACY AVE, ,Major Arterial,Intersection,At Intersection,Traffic Signal,Clear,Daylight,Wet,Non-Fatal Injury,Turning Movement,Driver,50 to 54,None,0,South,"Automobile, Station Wagon",Stopped,Driving Properly,Normal, , , , , , ,0,0,1,0,0,0,0,0,0,1,1,0,0,0
1105521,2009,5,22,15,25,4,43.65594538,-79.35769029,Toronto Centre-Rosedale (28),28,Moss Park (73),73,D51,Toronto East York,KING Stre E,ASHBY Plac, ,Major Arterial,Intersection, ,No Control,Clear,Daylight,Dry,Non-Fatal Injury,Pedestrian Collisions,Driver,40 to 44,None,0,West,"Automobile, Station Wagon",Going Ahead,Driving Properly,Normal, , , , , , ,1,0,1,0,0,0,0,0,0,0,0,0,0,0
7003285352,2017,12,29,15,15,4,43.71653738,-79.26128729,Scarborough Southwest (35),35,Kennedy Park (124),124,D41,Scarborough,ST CLAIR AVE E,KENNEDY RD,2 m East of,Major Arterial,Intersection,Intersection Related,Traffic Signal,Snow,Daylight,Loose Snow,Non-Fatal Injury,SMV Other,Driver,45 to 49,None,0,East,Intercity Bus,Going Ahead,Driving Properly,Normal, , , , , , ,0,0,1,0,0,1,0,1,1,1,0,0,0,0
1388459,2013,11,4,14,35,0,43.66659125,-79.46727381,Parkdale-High Park (13),13,Junction Area (90),90,D11,Etobicoke York,VINE Ave,JACKSON Pl, ,Local,Intersection, ,No Control,Clear,Daylight,Dry,Non-Fatal Injury,Turning Movement,Driver,50 to 54,Major,0,East,"Automobile, Station Wagon",Going Ahead,Driving Properly,Normal, , , , , , ,0,0,1,0,0,0,0,0,0,0,0,0,0,0
1024249,2008,2,11,15,9,0,43.72564538,-79.29749029,Scarborough Southwest (35),35,Clairlea-Birchmount (120),120,D41,Scarborough,EGLINTON AVE E,PHARMACY AVE, ,Major Arterial,Intersection,At Intersection,Traffic Signal,Clear,Daylight,Wet,Non-Fatal Injury,Turning Movement,Driver,35 to 39,Major,0,West,"Automobile, Station Wagon",Going Ahead,Disobeyed Traffic Control,Normal, , , , , , ,0,0,1,0,0,0,0,0,0,1,1,0,0,0
1033146,2008,4,13,15,9,6,43.67294538,-79.34239029,Toronto-Danforth (30),30,North Riverdale (68),68,D55,Toronto East York,PAPE AVE,BAIN AVE, ,Minor Arterial,Intersection,At Intersection,Stop Sign,Clear,Daylight,Dry,Non-Fatal Injury,Pedestrian Collisions,Driver,unknown,None,0,South,"Automobile, Station Wagon",Unknown,Failed to Yield Right of Way,Unknown, , , , , , ,1,0,1,0,0,0,0,0,0,1,0,0,0,0
1033146,2008,4,13,15,9,6,43.67294538,-79.34239029,Toronto-Danforth (30),30,North Riverdale (68),68,D55,Toronto East York,PAPE AVE,BAIN AVE, ,Minor Arterial,Intersection,At Intersection,Stop Sign,Clear,Daylight,Dry,Non-Fatal Injury,Pedestrian Collisions,Pedestrian,35 to 39,Major,0,South,Other,Unknown, , ,Pedestrian hit on sidewalk or shoulder,On Sidewalk or Shoulder,Medical or Physical Disability, , , ,1,0,1,0,0,0,0,0,0,1,0,0,0,0
1257236,2011,8,5,15,9,4,43.65694538,-79.42369029,Trinity-Spadina (19),19,Palmerston-Little Italy (80),80,D14,Toronto East York,DEWSON ST,OSSINGTON AVE, ,Minor Arterial,Intersection,At Intersection,Stop Sign,Clear,Daylight,Dry,Non-Fatal Injury,Turning Movement,Moped Driver,40 to 44,Major,0,South,Moped,Going Ahead,Driving Properly,Normal, , , , , , ,0,1,1,0,0,0,0,0,0,1,0,0,0,0
1074265,2008,12,5,14,50,4,43.76284538,-79.49089029,York West (8),8,York University Heights (27),27,D31,North York,KEELE ST,TORO RD W, ,Major Arterial,Mid-Block,At Intersection,No Control,Clear,Daylight,Dry,Non-Fatal Injury,Pedestrian Collisions,Driver,35 to 39,None,0,South,"Automobile, Station Wagon",Going Ahead,Driving Properly,Normal, , , , , , ,1,0,1,0,0,0,0,0,0,1,0,0,0,0
1257236,2011,8,5,15,9,4,43.65694538,-79.42369029,Trinity-Spadina (19),19,Palmerston-Little Italy (80),80,D14,Toronto East York,DEWSON ST,OSSINGTON AVE, ,Minor Arterial,Intersection,At Intersection,Stop Sign,Clear,Daylight,Dry,Non-Fatal Injury,Turning Movement,Vehicle Owner,unknown, ,0, ,Other, , , , , , , , , ,0,1,1,0,0,0,0,0,0,1,0,0,0,0
990402,2007,8,27,14,41,0,43.79004538,-79.36809029,Willowdale (24),24,Bayview Woods-Steeles (49),49,D33,North York,FINCH Aven E,LESLIE Stre, ,Major Arterial,Intersection,At Intersection,Traffic Signal,Clear,Daylight,Dry,Non-Fatal Injury,Cyclist Collisions,Passenger,20 to 24,None,0, ,Other, , , , , , , , , ,0,1,1,0,0,0,0,1,0,0,0,0,0,0
1257236,2011,8,5,15,9,4,43.65694538,-79.42369029,Trinity-Spadina (19),19,Palmerston-Little Italy (80),80,D14,Toronto East York,DEWSON ST,OSSINGTON AVE, ,Minor Arterial,Intersection,At Intersection,Stop Sign,Clear,Daylight,Dry,Non-Fatal Injury,Turning Movement,Driver,45 to 49,None,0,East,"Automobile, Station Wagon",Turning Left,Failed to Yield Right of Way,Unknown, , , , , , ,0,1,1,0,0,0,0,0,0,1,0,0,0,0
5001866211,2015,10,30,15,9,4,43.76184042,-79.21583948,Scarborough East (43),43,Woburn (137),137,D43,Scarborough,LAWRENCE AVE E,SCARBOROUGH GOLF CLUB RD, ,Major Arterial,Intersection,At Intersection,Traffic Signal,Clear,Daylight,Dry,Non-Fatal Injury,Pedestrian Collisions,Driver,40 to 44,None,0,East,Passenger Van,Going Ahead,Driving Properly,Normal, , , , , , ,1,0,1,0,0,0,0,0,0,0,0,0,0,0
5001866211,2015,10,30,15,9,4,43.76184042,-79.21583948,Scarborough East (43),43,Woburn (137),137,D43,Scarborough,LAWRENCE AVE E,SCARBOROUGH GOLF CLUB RD, ,Major Arterial,Intersection,At Intersection,Traffic Signal,Clear,Daylight,Dry,Non-Fatal Injury,Pedestrian Collisions,Pedestrian,10 to 14,Major,0,South, , , , ,Vehicle is going straight thru inter.while ped cross without ROW,Crossing without right of way,Inattentive, , , ,1,0,1,0,0,0,0,0,0,0,0,0,0,0
996101,2007,9,11,15,10,1,43.72044538,-79.33889029,Don Valley West (26),26,Flemingdon Park (44),44,D54,North York,DON MILLS RD,EGLINTON AVE E, ,Major Arterial,Intersection, ,Traffic Signal,Clear,Daylight,Dry,Non-Fatal Injury,Turning Movement,Driver,30 to 34,Major,0,South,"Automobile, Station Wagon",Going Ahead,Driving Properly,Normal, , , , , , ,0,0,1,0,0,0,0,0,0,0,0,0,0,0
1098793,2009,4,3,14,29,4,43.66624538,-79.37829029,Toronto Centre-Rosedale (27),27,Cabbagetown-South St.James Town (71),71,D51,Toronto East York,JARVIS ST,WELLESLEY ST E, ,Major Arterial,Intersection,At Intersection,Traffic Signal,Rain,Daylight,Wet,Fatal,Pedestrian Collisions,Vehicle Owner,unknown, ,0, ,Other, , , , , , , , , ,1,0,1,0,0,0,0,0,0,0,0,0,0,1
996101,2007,9,11,15,10,1,43.72044538,-79.33889029,Don Valley West (26),26,Flemingdon Park (44),44,D54,North York,DON MILLS RD,EGLINTON AVE E, ,Major Arterial,Intersection, ,Traffic Signal,Clear,Daylight,Dry,Non-Fatal Injury,Turning Movement,Driver,80 to 84,None,0,North,"Automobile, Station Wagon",Turning Left,Improper Turn,Normal, , , , , , ,0,0,1,0,0,0,0,0,0,0,0,0,0,0
1005315,2007,11,28,15,10,2,43.64784538,-79.37739029,Toronto Centre-Rosedale (28),28,Bay Street Corridor (76),76,D52,Toronto East York,YONGE St,WELLINGTON St E, ,Major Arterial,Intersection,At Intersection,Traffic Signal,Clear,Daylight,Dry,Non-Fatal Injury,Pedestrian Collisions,Driver,35 to 39,None,0,West,"Automobile, Station Wagon",Turning Left,Failed to Yield Right of Way,Normal, , , , , , ,1,0,1,0,0,0,0,0,0,1,0,0,0,0
1005315,2007,11,28,15,10,2,43.64784538,-79.37739029,Toronto Centre-Rosedale (28),28,Bay Street Corridor (76),76,D52,Toronto East York,YONGE St,WELLINGTON St E, ,Major Arterial,Intersection,At Intersection,Traffic Signal,Clear,Daylight,Dry,Non-Fatal Injury,Pedestrian Collisions,Pedestrian,70 to 74,Major,0, ,Other, , , ,Vehicle turns left while ped crosses with ROW at inter.,Crossing with right of way,Normal, , , ,1,0,1,0,0,0,0,0,0,1,0,0,0,0
1014715,2007,12,31,15,10,0,43.73404538,-79.56389029,Etobicoke North (1),1,Thistletown-Beaumond Heights (3),3,D23,Etobicoke York,ISLINGTON AVE,SANDHILL DR, ,Major Arterial,Intersection, ,No Control,Clear,Daylight,Dry,Non-Fatal Injury,Rear End,Driver,55 to 59,Major,0,South,"Automobile, Station Wagon",Slowing or Stopping,Driving Properly,Normal, , , , , , ,0,0,1,0,0,0,0,0,0,1,0,0,0,0
1014715,2007,12,31,15,10,0,43.73404538,-79.56389029,Etobicoke North (1),1,Thistletown-Beaumond Heights (3),3,D23,Etobicoke York,ISLINGTON AVE,SANDHILL DR, ,Major Arterial,Intersection, ,No Control,Clear,Daylight,Dry,Non-Fatal Injury,Rear End,Driver,35 to 39,None,0,South,"Automobile, Station Wagon",Going Ahead,Following too Close,Normal, , , , , , ,0,0,1,0,0,0,0,0,0,1,0,0,0,0
1072049,2008,11,2,15,10,6,43.68384538,-79.51969029,Etobicoke Centre (4),4,Edenbridge-Humber Valley (9),9,D23,Etobicoke York,61 RICHVIEW RD, , ,Local,Mid-Block, ,No Control,Clear,Daylight,Dry,Non-Fatal Injury,Turning Movement,Passenger,40 to 44,Major,0, ,Other, , , , , , , , , ,0,0,1,0,0,0,0,1,0,0,0,0,0,0
1072049,2008,11,2,15,10,6,43.68384538,-79.51969029,Etobicoke Centre (4),4,Edenbridge-Humber Valley (9),9,D23,Etobicoke York,61 RICHVIEW RD, , ,Local,Mid-Block, ,No Control,Clear,Daylight,Dry,Non-Fatal Injury,Turning Movement,Driver,40 to 44,Minimal,0,East,"Automobile, Station Wagon",Going Ahead,Driving Properly,Normal, , , , , , ,0,0,1,0,0,0,0,1,0,0,0,0,0,0
1072049,2008,11,2,15,10,6,43.68384538,-79.51969029,Etobicoke Centre (4),4,Edenbridge-Humber Valley (9),9,D23,Etobicoke York,61 RICHVIEW RD, , ,Local,Mid-Block, ,No Control,Clear,Daylight,Dry,Non-Fatal Injury,Turning Movement,Driver,20 to 24,None,0,West,"Automobile, Station Wagon",Making U Turn,Improper Turn,Normal, , , , , , ,0,0,1,0,0,0,0,1,0,0,0,0,0,0
1143350,2009,11,27,15,10,4,43.64614538,-79.37009029,Toronto Centre-Rosedale (28),28,Waterfront Communities-The Island (77),77,D51,Toronto East York,LOWER JARVIS Stre,LAKE SHORE Boul E, ,Major Arterial,Mid-Block, ,No Control,Clear,Daylight,Dry,Non-Fatal Injury,Rear End,Vehicle Owner,unknown, ,0, ,Other, , , , , , , , , ,0,0,1,0,0,0,0,0,0,1,0,0,0,0
1143350,2009,11,27,15,10,4,43.64614538,-79.37009029,Toronto Centre-Rosedale (28),28,Waterfront Communities-The Island (77),77,D51,Toronto East York,LOWER JARVIS Stre,LAKE SHORE Boul E, ,Major Arterial,Mid-Block, ,No Control,Clear,Daylight,Dry,Non-Fatal Injury,Rear End,Driver,35 to 39,Major,0,South,"Automobile, Station Wagon",Stopped,Driving Properly,Normal, , , , , , ,0,0,1,0,0,0,0,0,0,1,0,0,0,0
1143350,2009,11,27,15,10,4,43.64614538,-79.37009029,Toronto Centre-Rosedale (28),28,Waterfront Communities-The Island (77),77,D51,Toronto East York,LOWER JARVIS Stre,LAKE SHORE Boul E, ,Major Arterial,Mid-Block, ,No Control,Clear,Daylight,Dry,Non-Fatal Injury,Rear End,Driver,20 to 24,None,0,South,"Automobile, Station Wagon",Going Ahead,Following too Close,Inattentive, , , , , , ,0,0,1,0,0,0,0,0,0,1,0,0,0,0
1143968,2009,12,1,15,10,1,43.74774538,-79.63249029,Etobicoke North (1),1,West Humber-Clairville (1),1,D23,Etobicoke York,ALBION RD,CLAIREPORT CRES, ,Major Arterial,Intersection,At Intersection,Traffic Signal,Clear,Daylight,Dry,Non-Fatal Injury,Rear End,Vehicle Owner,unknown, ,0, ,Other, , , , , , , , , ,0,0,1,0,0,0,0,0,0,1,0,0,0,0
1143968,2009,12,1,15,10,1,43.74774538,-79.63249029,Etobicoke North (1),1,West Humber-Clairville (1),1,D23,Etobicoke York,ALBION RD,CLAIREPORT CRES, ,Major Arterial,Intersection,At Intersection,Traffic Signal,Clear,Daylight,Dry,Non-Fatal Injury,Rear End,Driver,55 to 59,None,0,East,"Automobile, Station Wagon",Going Ahead,Following too Close,Normal, , , , , , ,0,0,1,0,0,0,0,0,0,1,0,0,0,0