ACCNUM,YEAR,MONTH,DAY,HOUR,MINUTES,WEEKDAY,LATITUDE,LONGITUDE,Ward_Name,Ward_ID,Hood_Name,Hood_ID,Division,District,STREET1,STREET2,OFFSET,ROAD_CLASS,LOCCOORD,ACCLOC,TRAFFCTL,VISIBILITY,LIGHT,RDSFCOND,ACCLASS,IMPACTYPE,INVTYPE,INVAGE,INJURY,FATAL_NO,INITDIR,VEHTYPE,MANOEUVER,DRIVACT,DRIVCOND,PEDTYPE,PEDACT,PEDCOND,CYCLISTYPE,CYCACT,CYCCOND,PEDESTRIAN,CYCLIST,AUTOMOBILE,MOTORCYCLE,TRUCK,TRSN_CITY_VEH,EMERG_VEH,PASSENGER,SPEEDING,AG_DRIV,REDLIGHT,ALCOHOL,DISABILITY,FATAL
1288652,2012,2,9,14,38,3,43.72824538,-79.38709029,Don Valley West (25),25,Bridle Path-Sunnybrook-York Mills (41),41,D53,North York,LAWRENCE Aven E,MILDENHALL Road, ,Major Arterial,Mid-Block, ,No Control,Clear,Daylight,Dry,Non-Fatal Injury,Rear End,Driver,65 to 69,Minimal,0,East,"Automobile, Station Wagon",Slowing or Stopping,Driving Properly,Normal, , , , , , ,0,0,1,0,0,0,0,0,0,1,0,0,0,0
1288652,2012,2,9,14,38,3,43.72824538,-79.38709029,Don Valley West (25),25,Bridle Path-Sunnybrook-York Mills (41),41,D53,North York,LAWRENCE Aven E,MILDENHALL Road, ,Major Arterial,Mid-Block, ,No Control,Clear,Daylight,Dry,Non-Fatal Injury,Rear End,Vehicle Owner,unknown, ,0, ,Other, , , , , , , , , ,0,0,1,0,0,0,0,0,0,1,0,0,0,0
1288652,2012,2,9,14,38,3,43.72824538,-79.38709029,Don Valley West (25),25,Bridle Path-Sunnybrook-York Mills (41),41,D53,North York,LAWRENCE Aven E,MILDENHALL Road, ,Major Arterial,Mid-Block, ,No Control,Clear,Daylight,Dry,Non-Fatal Injury,Rear End,Driver,60 to 64,None,0,East,"Automobile, Station Wagon",Slowing or Stopping,Driving Properly,Normal, , , , , , ,0,0,1,0,0,0,0,0,0,1,0,0,0,0
1288652,2012,2,9,14,38,3,43.72824538,-79.38709029,Don Valley West (25),25,Bridle Path-Sunnybrook-York Mills (41),41,D53,North York,LAWRENCE Aven E,MILDENHALL Road, ,Major Arterial,Mid-Block, ,No Control,Clear,Daylight,Dry,Non-Fatal Injury,Rear End,Driver,65 to 69,Major,0,East,"Automobile, Station Wagon",Going Ahead,Following too Close,Inattentive, , , , , , ,0,0,1,0,0,0,0,0,0,1,0,0,0,0
1320520,2012,9,9,14,38,6,43.72441824,-79.4919015,York Centre (9),9,Downsview-Roding-CFB (26),26,D31,North York,1265 WILSON AVE, , ,Major Arterial,Mid-Block, ,No Control,Clear,Daylight,Dry,Non-Fatal Injury,Turning Movement,Motorcycle Driver,35 to 39,Major,0,North,Motorcycle,Turning Left,Failed to Yield Right of Way,Unknown, , , , , , ,0,0,1,1,0,0,0,1,0,1,0,0,0,0
1320520,2012,9,9,14,38,6,43.72441824,-79.4919015,York Centre (9),9,Downsview-Roding-CFB (26),26,D31,North York,1265 WILSON AVE, , ,Major Arterial,Mid-Block, ,No Control,Clear,Daylight,Dry,Non-Fatal Injury,Turning Movement,Passenger,20 to 24,Minimal,0, ,Other, , , , , , , , , ,0,0,1,1,0,0,0,1,0,1,0,0,0,0
1320520,2012,9,9,14,38,6,43.72441824,-79.4919015,York Centre (9),9,Downsview-Roding-CFB (26),26,D31,North York,1265 WILSON AVE, , ,Major Arterial,Mid-Block, ,No Control,Clear,Daylight,Dry,Non-Fatal Injury,Turning Movement,Driver,40 to 44,Minimal,0,East,"Automobile, Station Wagon",Going Ahead,Driving Properly,Normal, , , , , , ,0,0,1,1,0,0,0,1,0,1,0,0,0,0
1335553,2013,1,15,14,38,1,43.6798435,-79.39068995,Toronto Centre-Rosedale (27),27,Rosedale-Moore Park (98),98,D53,Toronto East York,YONGE ST,MARLBOROUGH AVE, ,Major Arterial,Intersection,At Intersection,Stop Sign,Clear,Daylight,Dry,Fatal,Pedestrian Collisions,Vehicle Owner,unknown, ,0, , , , , , , , , , , ,1,0,1,0,0,0,0,1,0,0,0,0,0,1
1335553,2013,1,15,14,38,1,43.6798435,-79.39068995,Toronto Centre-Rosedale (27),27,Rosedale-Moore Park (98),98,D53,Toronto East York,YONGE ST,MARLBOROUGH AVE, ,Major Arterial,Intersection,At Intersection,Stop Sign,Clear,Daylight,Dry,Fatal,Pedestrian Collisions,Driver,50 to 54,None,0,East,"Automobile, Station Wagon",Turning Left,Improper Turn,Inattentive, , , , , , ,1,0,1,0,0,0,0,1,0,0,0,0,0,1
1335553,2013,1,15,14,38,1,43.6798435,-79.39068995,Toronto Centre-Rosedale (27),27,Rosedale-Moore Park (98),98,D53,Toronto East York,YONGE ST,MARLBOROUGH AVE, ,Major Arterial,Intersection,At Intersection,Stop Sign,Clear,Daylight,Dry,Fatal,Pedestrian Collisions,Pedestrian,75 to 79,Fatal,3,West, , , , ,Vehicle turns left while ped crosses without ROW at inter.,Crossing without right of way,Inattentive, , , ,1,0,1,0,0,0,0,1,0,0,0,0,0,1
1335553,2013,1,15,14,38,1,43.6798435,-79.39068995,Toronto Centre-Rosedale (27),27,Rosedale-Moore Park (98),98,D53,Toronto East York,YONGE ST,MARLBOROUGH AVE, ,Major Arterial,Intersection,At Intersection,Stop Sign,Clear,Daylight,Dry,Fatal,Pedestrian Collisions,Passenger,50 to 54,None,0, , , , , , , , , , , ,1,0,1,0,0,0,0,1,0,0,0,0,0,1
1141415,2009,11,13,14,39,4,43.80914538,-79.22169029,Scarborough-Rouge River (42),42,Malvern (132),132,D42,Scarborough,NEILSON RD,MCLEVIN AVE, ,Minor Arterial,Intersection,At Intersection,Traffic Signal,Clear,Daylight,Dry,Non-Fatal Injury,Pedestrian Collisions,Vehicle Owner,unknown, ,0, ,Other, , , , , , , , , ,1,0,1,0,0,0,0,0,0,1,0,0,0,0
1141415,2009,11,13,14,39,4,43.80914538,-79.22169029,Scarborough-Rouge River (42),42,Malvern (132),132,D42,Scarborough,NEILSON RD,MCLEVIN AVE, ,Minor Arterial,Intersection,At Intersection,Traffic Signal,Clear,Daylight,Dry,Non-Fatal Injury,Pedestrian Collisions,Driver,35 to 39,None,0,East,"Automobile, Station Wagon",Turning Left,Failed to Yield Right of Way,Normal, , , , , , ,1,0,1,0,0,0,0,0,0,1,0,0,0,0
1141415,2009,11,13,14,39,4,43.80914538,-79.22169029,Scarborough-Rouge River (42),42,Malvern (132),132,D42,Scarborough,NEILSON RD,MCLEVIN AVE, ,Minor Arterial,Intersection,At Intersection,Traffic Signal,Clear,Daylight,Dry,Non-Fatal Injury,Pedestrian Collisions,Pedestrian,75 to 79,Major,0,East,Other, , , ,Vehicle turns left while ped crosses with ROW at inter.,Crossing with right of way,Normal, , , ,1,0,1,0,0,0,0,0,0,1,0,0,0,0
1018347,2008,1,31,14,40,3,43.78274538,-79.34909029,Don Valley East (33),33,Don Valley Village (47),47,D33,North York,DON MILLS RD E,GODSTONE RD, ,Major Arterial,Intersection,At Intersection,Traffic Signal,Clear,Daylight,Dry,Fatal,SMV Other,Passenger,80 to 84,Fatal,6, ,Other, , , , , , , , , ,0,0,1,0,0,0,0,1,0,0,0,0,0,1
1018347,2008,1,31,14,40,3,43.78274538,-79.34909029,Don Valley East (33),33,Don Valley Village (47),47,D33,North York,DON MILLS RD E,GODSTONE RD, ,Major Arterial,Intersection,At Intersection,Traffic Signal,Clear,Daylight,Dry,Fatal,SMV Other,Driver,85 to 89,Minor,0,West,"Automobile, Station Wagon",Turning Left,Lost control,Inattentive, , , , , , ,0,0,1,0,0,0,0,1,0,0,0,0,0,1
1040088,2008,5,26,14,40,0,43.65464538,-79.36899029,Toronto Centre-Rosedale (28),28,Moss Park (73),73,D51,Toronto East York,230 QUEEN ST E, , ,Major Arterial,Intersection,At Intersection,No Control,Clear,Daylight,Dry,Non-Fatal Injury,Approaching,Driver,60 to 64,Major,0,East,"Automobile, Station Wagon",Going Ahead,Lost control,Medical or Physical Disability, , , , , , ,0,0,1,0,0,1,0,0,0,0,0,0,1,0
1040088,2008,5,26,14,40,0,43.65464538,-79.36899029,Toronto Centre-Rosedale (28),28,Moss Park (73),73,D51,Toronto East York,230 QUEEN ST E, , ,Major Arterial,Intersection,At Intersection,No Control,Clear,Daylight,Dry,Non-Fatal Injury,Approaching,Vehicle Owner,unknown, ,0, ,"Automobile, Station Wagon", , , , , , , , , ,0,0,1,0,0,1,0,0,0,0,0,0,1,0
1040088,2008,5,26,14,40,0,43.65464538,-79.36899029,Toronto Centre-Rosedale (28),28,Moss Park (73),73,D51,Toronto East York,230 QUEEN ST E, , ,Major Arterial,Intersection,At Intersection,No Control,Clear,Daylight,Dry,Non-Fatal Injury,Approaching,Driver,50 to 54,None,0,West,Municipal Transit Bus (TTC),Slowing or Stopping,Driving Properly,Normal, , , , , , ,0,0,1,0,0,1,0,0,0,0,0,0,1,0
1058523,2008,8,29,14,40,4,43.71834538,-79.33139029,Don Valley West (26),26,Flemingdon Park (44),44,D54,North York,ST DENNIS DR,DEAUVILLE LANE, ,Collector,Intersection,At Intersection,Traffic Signal,Clear,Daylight,Dry,Non-Fatal Injury,Angle,Truck Driver,45 to 49,Major,0,West,Truck - Open,Going Ahead,Disobeyed Traffic Control,Inattentive, , , , , , ,0,0,1,0,1,0,0,1,0,1,1,0,0,0
1058523,2008,8,29,14,40,4,43.71834538,-79.33139029,Don Valley West (26),26,Flemingdon Park (44),44,D54,North York,ST DENNIS DR,DEAUVILLE LANE, ,Collector,Intersection,At Intersection,Traffic Signal,Clear,Daylight,Dry,Non-Fatal Injury,Angle,Passenger,55 to 59,Minor,0, ,Other, , , , , , , , , ,0,0,1,0,1,0,0,1,0,1,1,0,0,0
1058523,2008,8,29,14,40,4,43.71834538,-79.33139029,Don Valley West (26),26,Flemingdon Park (44),44,D54,North York,ST DENNIS DR,DEAUVILLE LANE, ,Collector,Intersection,At Intersection,Traffic Signal,Clear,Daylight,Dry,Non-Fatal Injury,Angle,Driver,70 to 74,Minimal,0,North,"Automobile, Station Wagon",Going Ahead,Driving Properly,Normal, , , , , , ,0,0,1,0,1,0,0,1,0,1,1,0,0,0
1117940,2009,7,13,14,40,0,43.61484538,-79.49209029,Etobicoke-Lakeshore (6),6,Mimico (includes Humber Bay Shores) (17),17,D22,Etobicoke York,STANLEY AVE,QUEENS AVE, ,Local,Mid-Block, ,No Control,Clear,Daylight,Dry,Non-Fatal Injury,Pedestrian Collisions,Driver,20 to 24,None,0,East,"Automobile, Station Wagon",Going Ahead,Driving Properly,Normal, , , , , , ,1,0,1,0,0,0,0,0,0,0,0,0,0,0
1117940,2009,7,13,14,40,0,43.61484538,-79.49209029,Etobicoke-Lakeshore (6),6,Mimico (includes Humber Bay Shores) (17),17,D22,Etobicoke York,STANLEY AVE,QUEENS AVE, ,Local,Mid-Block, ,No Control,Clear,Daylight,Dry,Non-Fatal Injury,Pedestrian Collisions,Pedestrian,20 to 24,Major,0,East,Other, , , ,Pedestrian hit at mid-block,Other,Normal, , , ,1,0,1,0,0,0,0,0,0,0,0,0,0,0
1128125,2009,9,1,14,40,1,43.65984538,-79.39049029,Trinity-Spadina (20),20,Kensington-Chinatown (78),78,D52,Toronto East York,UNIVERSITY AVE,COLLEGE ST, ,Major Arterial,Intersection,At Intersection,Traffic Signal,Clear,Daylight,Dry,Non-Fatal Injury,Cyclist Collisions,Driver,25 to 29,Minimal,0,South,"Automobile, Station Wagon",Going Ahead,Driving Properly,Normal, , , , , , ,0,1,1,0,0,0,0,0,0,0,0,0,0,0
1128125,2009,9,1,14,40,1,43.65984538,-79.39049029,Trinity-Spadina (20),20,Kensington-Chinatown (78),78,D52,Toronto East York,UNIVERSITY AVE,COLLEGE ST, ,Major Arterial,Intersection,At Intersection,Traffic Signal,Clear,Daylight,Dry,Non-Fatal Injury,Cyclist Collisions,Cyclist,45 to 49,Major,0,East,Bicycle,Going Ahead, , , , , ,"Cyclist without ROW rides into path of motorist at inter, lnwy, dwy-Cyclist not turn.",Disobeyed Traffic Control,Inattentive,0,1,1,0,0,0,0,0,0,0,0,0,0,0
1275736,2011,11,24,14,40,3,43.64884538,-79.47529029,Parkdale-High Park (13),13,High Park-Swansea (87),87,D11,Etobicoke York,RUNNYMEDE RD,DEFOREST RD, ,Collector,Intersection, ,Stop Sign,Clear,Daylight,Dry,Non-Fatal Injury,Cyclist Collisions,Vehicle Owner,unknown, ,0, ,Other, , , , , , , , , ,0,1,0,0,0,1,0,0,0,0,0,0,0,0
1275736,2011,11,24,14,40,3,43.64884538,-79.47529029,Parkdale-High Park (13),13,High Park-Swansea (87),87,D11,Etobicoke York,RUNNYMEDE RD,DEFOREST RD, ,Collector,Intersection, ,Stop Sign,Clear,Daylight,Dry,Non-Fatal Injury,Cyclist Collisions,Driver,50 to 54,None,0,North,Municipal Transit Bus (TTC),Going Ahead,Driving Properly,Normal, , , , , , ,0,1,0,0,0,1,0,0,0,0,0,0,0,0
1275736,2011,11,24,14,40,3,43.64884538,-79.47529029,Parkdale-High Park (13),13,High Park-Swansea (87),87,D11,Etobicoke York,RUNNYMEDE RD,DEFOREST RD, ,Collector,Intersection, ,Stop Sign,Clear,Daylight,Dry,Non-Fatal Injury,Cyclist Collisions,Cyclist,55 to 59,Major,0,North,Bicycle,Other, , , , , ,Cyclist and Driver travelling in same direction. One vehicle rear-ended the other.,Other,Normal,0,1,0,0,0,1,0,0,0,0,0,0,0,0
1306648,2012,6,18,14,40,0,43.67894538,-79.34479029,Toronto-Danforth (30),30,Blake-Jones (69),69,D55,Toronto East York,DANFORTH AVE,PAPE AVE, ,Major Arterial,Intersection,At Intersection,Traffic Signal,Clear,Daylight,Dry,Non-Fatal Injury,Pedestrian Collisions,Driver,30 to 34,None,0,North,"Automobile, Station Wagon",Turning Right,Disobeyed Traffic Control,Normal, , , , , , ,1,0,1,0,0,0,0,0,0,1,1,0,0,0
1306648,2012,6,18,14,40,0,43.67894538,-79.34479029,Toronto-Danforth (30),30,Blake-Jones (69),69,D55,Toronto East York,DANFORTH AVE,PAPE AVE, ,Major Arterial,Intersection,At Intersection,Traffic Signal,Clear,Daylight,Dry,Non-Fatal Injury,Pedestrian Collisions,Pedestrian,40 to 44,Major,0,North,Other, , , ,Vehicle turns right while ped crosses with ROW at inter.,Crossing with right of way,Normal, , , ,1,0,1,0,0,0,0,0,0,1,1,0,0,0
1316027,2012,9,6,14,40,3,43.64934538,-79.37669029,Toronto Centre-Rosedale (28),28,Church-Yonge Corridor (75),75,D51,Toronto East York,KING ST E,VICTORIA ST, ,Major Arterial,Intersection,At Intersection,No Control,Clear,Daylight,Dry,Non-Fatal Injury,Cyclist Collisions,Vehicle Owner,unknown, ,0, ,Other, , , , , , , , , ,0,1,1,0,0,0,0,0,0,1,0,0,0,0
1316027,2012,9,6,14,40,3,43.64934538,-79.37669029,Toronto Centre-Rosedale (28),28,Church-Yonge Corridor (75),75,D51,Toronto East York,KING ST E,VICTORIA ST, ,Major Arterial,Intersection,At Intersection,No Control,Clear,Daylight,Dry,Non-Fatal Injury,Cyclist Collisions,Driver,60 to 64,None,0,East,"Automobile, Station Wagon",Turning Left,Failed to Yield Right of Way,Unknown, , , , , , ,0,1,1,0,0,0,0,0,0,1,0,0,0,0
1316027,2012,9,6,14,40,3,43.64934538,-79.37669029,Toronto Centre-Rosedale (28),28,Church-Yonge Corridor (75),75,D51,Toronto East York,KING ST E,VICTORIA ST, ,Major Arterial,Intersection,At Intersection,No Control,Clear,Daylight,Dry,Non-Fatal Injury,Cyclist Collisions,Cyclist,20 to 24,Major,0,West,Bicycle,Going Ahead, , , , , ,Motorist turned left across cyclists path.,Driving Properly,Normal,0,1,1,0,0,0,0,0,0,1,0,0,0,0
1318227,2012,10,3,14,40,2,43.71564538,-79.24329029,Scarborough Southwest (36),36,Cliffcrest (123),123,D41,Scarborough,2700 KINGSTON RD, , ,Major Arterial,Intersection,At Intersection,Traffic Signal,"Fog, Mist, Smoke, Dust",Daylight,Wet,Non-Fatal Injury,Pedestrian Collisions,Passenger,45 to 49,Minimal,0, ,Other, , , , , , , , , ,1,0,1,0,0,0,0,1,0,0,0,0,0,0
1318227,2012,10,3,14,40,2,43.71564538,-79.24329029,Scarborough Southwest (36),36,Cliffcrest (123),123,D41,Scarborough,2700 KINGSTON RD, , ,Major Arterial,Intersection,At Intersection,Traffic Signal,"Fog, Mist, Smoke, Dust",Daylight,Wet,Non-Fatal Injury,Pedestrian Collisions,Vehicle Owner,unknown, ,0, ,Other, , , , , , , , , ,1,0,1,0,0,0,0,1,0,0,0,0,0,0
1318227,2012,10,3,14,40,2,43.71564538,-79.24329029,Scarborough Southwest (36),36,Cliffcrest (123),123,D41,Scarborough,2700 KINGSTON RD, , ,Major Arterial,Intersection,At Intersection,Traffic Signal,"Fog, Mist, Smoke, Dust",Daylight,Wet,Non-Fatal Injury,Pedestrian Collisions,Driver,40 to 44,None,0,West,"Automobile, Station Wagon",Going Ahead,Driving Properly,Normal, , , , , , ,1,0,1,0,0,0,0,1,0,0,0,0,0,0
1318227,2012,10,3,14,40,2,43.71564538,-79.24329029,Scarborough Southwest (36),36,Cliffcrest (123),123,D41,Scarborough,2700 KINGSTON RD, , ,Major Arterial,Intersection,At Intersection,Traffic Signal,"Fog, Mist, Smoke, Dust",Daylight,Wet,Non-Fatal Injury,Pedestrian Collisions,Pedestrian,15 to 19,Major,0,North,Other, , , ,Vehicle is going straight thru inter.while ped cross without ROW,Crossing without right of way,Inattentive, , , ,1,0,1,0,0,0,0,1,0,0,0,0,0,0
977199,2013,11,15,14,40,4,43.68751105,-79.39692316,St. Paul's (22),22,Yonge-St.Clair (97),97,D53,Toronto East York,64 ST CLAIR AVE W, , ,Major Arterial,Mid-Block, ,No Control,Clear,Daylight,Dry,Fatal,Pedestrian Collisions,Passenger,unknown,None,0, , , , , , , , , , , ,1,0,1,0,0,1,0,1,0,0,0,0,0,1
977199,2013,11,15,14,40,4,43.68751105,-79.39692316,St. Paul's (22),22,Yonge-St.Clair (97),97,D53,Toronto East York,64 ST CLAIR AVE W, , ,Major Arterial,Mid-Block, ,No Control,Clear,Daylight,Dry,Fatal,Pedestrian Collisions,Passenger,unknown,None,0, , , , , , , , , , , ,1,0,1,0,0,1,0,1,0,0,0,0,0,1
977199,2013,11,15,14,40,4,43.68751105,-79.39692316,St. Paul's (22),22,Yonge-St.Clair (97),97,D53,Toronto East York,64 ST CLAIR AVE W, , ,Major Arterial,Mid-Block, ,No Control,Clear,Daylight,Dry,Fatal,Pedestrian Collisions,Pedestrian,80 to 84,Fatal,53,South, , , , ,Pedestrian involved in a collision with transit vehicle anywhere along roadway,"Crossing, no Traffic Control",Inattentive, , , ,1,0,1,0,0,1,0,1,0,0,0,0,0,1
977199,2013,11,15,14,40,4,43.68751105,-79.39692316,St. Paul's (22),22,Yonge-St.Clair (97),97,D53,Toronto East York,64 ST CLAIR AVE W, , ,Major Arterial,Mid-Block, ,No Control,Clear,Daylight,Dry,Fatal,Pedestrian Collisions,Passenger,35 to 39,None,0, , , , , , , , , , , ,1,0,1,0,0,1,0,1,0,0,0,0,0,1
977199,2013,11,15,14,40,4,43.68751105,-79.39692316,St. Paul's (22),22,Yonge-St.Clair (97),97,D53,Toronto East York,64 ST CLAIR AVE W, , ,Major Arterial,Mid-Block, ,No Control,Clear,Daylight,Dry,Fatal,Pedestrian Collisions,Driver,25 to 29,None,0,West,Street Car,Going Ahead,Driving Properly,Normal, , , , , , ,1,0,1,0,0,1,0,1,0,0,0,0,0,1
977199,2013,11,15,14,40,4,43.68751105,-79.39692316,St. Paul's (22),22,Yonge-St.Clair (97),97,D53,Toronto East York,64 ST CLAIR AVE W, , ,Major Arterial,Mid-Block, ,No Control,Clear,Daylight,Dry,Fatal,Pedestrian Collisions,Driver,40 to 44,None,0,West,"Automobile, Station Wagon",Going Ahead,Driving Properly,Normal, , , , , , ,1,0,1,0,0,1,0,1,0,0,0,0,0,1
4001889890,2014,4,14,14,40,0,43.79148443,-79.39702235,Willowdale (24),24,Newtonbrook East (50),50,D32,North York,CUMMER AVE,CONACHER DR, ,Minor Arterial,Intersection,At Intersection,Pedestrian Crossover,Clear,Daylight,Dry,Non-Fatal Injury,SMV Other,Driver,20 to 24,Major,0,East,"Automobile, Station Wagon",Going Ahead,Lost control,Unknown, , , , , , ,0,0,1,0,0,0,0,0,1,1,0,0,0,0
5001759901,2015,10,12,14,40,0,43.63442953,-79.40873347,Trinity-Spadina (19),19,Niagara (82),82,D14,Toronto East York,STRACHAN AVE,LAKE SHORE BLVD W, ,Major Arterial,Intersection,At Intersection,Traffic Signal,Clear,Daylight,Dry,Non-Fatal Injury,Turning Movement,Driver,75 to 79,Major,0,West,"Automobile, Station Wagon",Turning Left,Failed to Yield Right of Way,Medical or Physical Disability, , , , , , ,0,0,1,0,0,0,0,1,0,1,0,0,1,0
5001759901,2015,10,12,14,40,0,43.63442953,-79.40873347,Trinity-Spadina (19),19,Niagara (82),82,D14,Toronto East York,STRACHAN AVE,LAKE SHORE BLVD W, ,Major Arterial,Intersection,At Intersection,Traffic Signal,Clear,Daylight,Dry,Non-Fatal Injury,Turning Movement,Driver,25 to 29,Minimal,0,East,"Automobile, Station Wagon",Going Ahead,Driving Properly,Normal, , , , , , ,0,0,1,0,0,0,0,1,0,1,0,0,1,0
5001759901,2015,10,12,14,40,0,43.63442953,-79.40873347,Trinity-Spadina (19),19,Niagara (82),82,D14,Toronto East York,STRACHAN AVE,LAKE SHORE BLVD W, ,Major Arterial,Intersection,At Intersection,Traffic Signal,Clear,Daylight,Dry,Non-Fatal Injury,Turning Movement,Passenger,45 to 49,Minimal,0, , , , , , , , , , , ,0,0,1,0,0,0,0,1,0,1,0,0,1,0
6000584121,2016,4,6,14,40,2,43.62817724,-79.50334559,Etobicoke-Lakeshore (5),5,Stonegate-Queensway (16),16,D22,Etobicoke York,ROYAL YORK  RD,SAUNDERS  CRES,3 m North of,Minor Arterial,Intersection,Non Intersection,No Control,Clear,Daylight,Dry,Non-Fatal Injury,Pedestrian Collisions,Driver,55 to 59,None,0,South,Municipal Transit Bus (TTC),Going Ahead,Driving Properly,Normal, , , , , , ,1,0,0,0,0,1,0,0,0,0,0,0,0,0
6000584121,2016,4,6,14,40,2,43.62817724,-79.50334559,Etobicoke-Lakeshore (5),5,Stonegate-Queensway (16),16,D22,Etobicoke York,ROYAL YORK  RD,SAUNDERS  CRES,3 m North of,Minor Arterial,Intersection,Non Intersection,No Control,Clear,Daylight,Dry,Non-Fatal Injury,Pedestrian Collisions,Pedestrian,45 to 49,Major,0,East, ,Going Ahead, , ,Vehicle is going straight thru inter.while ped cross without ROW,Running onto Roadway,Normal, , , ,1,0,0,0,0,1,0,0,0,0,0,0,0,0
6002208039,2016,12,13,14,40,1,43.81116064,-79.29066859,Scarborough-Rouge River (41),41,Agincourt North (129),129,D42,Scarborough,MIDLAND AVE,KILCULLEN CASTLE GT, ,Major Arterial,Mid-Block,Non Intersection,No Control,Clear,Daylight,Dry,Fatal,Pedestrian Collisions,Driver,55 to 59,None,0,South,"Automobile, Station Wagon",Going Ahead,Driving Properly,Normal, , , , , , ,1,0,1,0,0,0,0,0,0,0,0,0,0,1
6002208039,2016,12,13,14,40,1,43.81116064,-79.29066859,Scarborough-Rouge River (41),41,Agincourt North (129),129,D42,Scarborough,MIDLAND AVE,KILCULLEN CASTLE GT, ,Major Arterial,Mid-Block,Non Intersection,No Control,Clear,Daylight,Dry,Fatal,Pedestrian Collisions,Pedestrian,70 to 74,Fatal,77,West, , , , ,Pedestrian hit at mid-block,"Crossing, no Traffic Control",Normal, , , ,1,0,1,0,0,0,0,0,0,0,0,0,0,1
7000155315,2017,1,25,14,40,2,43.75201758,-79.54233179,York West (7),7,Humbermede (22),22,D31,Etobicoke York,FINCH AVE W,WESTON RD, ,Major Arterial,Intersection,At Intersection,Traffic Signal,Clear,Daylight,Wet,Fatal,Angle,Driver,50 to 54,None,0,East,Passenger Van,Going Ahead,Driving Properly,Normal, , , , , , ,0,0,1,0,0,0,0,0,0,0,0,0,1,1
1371165,2013,6,16,15,16,6,43.78574713,-79.28949366,Scarborough-Agincourt (40),40,Tam O'Shanter-Sullivan (118),118,D42,Scarborough,KENNEDY RD,CARDWELL AVE, ,Major Arterial,Intersection,At Intersection,Traffic Signal,Clear,Daylight,Dry,Non-Fatal Injury,Pedestrian Collisions,Driver,30 to 34,None,0,North,"Automobile, Station Wagon",Going Ahead,Driving Properly,Normal, , , , , , ,1,0,1,0,0,0,0,0,0,0,0,0,0,0
1371165,2013,6,16,15,16,6,43.78574713,-79.28949366,Scarborough-Agincourt (40),40,Tam O'Shanter-Sullivan (118),118,D42,Scarborough,KENNEDY RD,CARDWELL AVE, ,Major Arterial,Intersection,At Intersection,Traffic Signal,Clear,Daylight,Dry,Non-Fatal Injury,Pedestrian Collisions,Pedestrian,55 to 59,Major,0,East,Other, , , ,Vehicle is going straight thru inter.while ped cross without ROW,Crossing without right of way,Normal, , , ,1,0,1,0,0,0,0,0,0,0,0,0,0,0
1074265,2008,12,5,14,50,4,43.76284538,-79.49089029,York West (8),8,York University Heights (27),27,D31,North York,KEELE ST,TORO RD W, ,Major Arterial,Mid-Block,At Intersection,No Control,Clear,Daylight,Dry,Non-Fatal Injury,Pedestrian Collisions,Driver,70 to 74,None,0,East,"Automobile, Station Wagon",Turning Right,Failed to Yield Right of Way,Normal, , , , , , ,1,0,1,0,0,0,0,0,0,1,0,0,0,0
3000983486,2013,11,16,15,16,5,43.71617087,-79.2827569,Scarborough Southwest (35),35,Clairlea-Birchmount (120),120,D41,Scarborough,FAIRFAX CR,WARDEN AV, ,Collector,Intersection,At Intersection,Traffic Signal,Clear,Daylight,Dry,Non-Fatal Injury,Turning Movement,Driver,75 to 79,Major,0,North,"Automobile, Station Wagon",Turning Left,Failed to Yield Right of Way,Normal, , , , , , ,0,0,1,0,0,0,0,1,1,1,0,0,0,0
3000983486,2013,11,16,15,16,5,43.71617087,-79.2827569,Scarborough Southwest (35),35,Clairlea-Birchmount (120),120,D41,Scarborough,FAIRFAX CR,WARDEN AV, ,Collector,Intersection,At Intersection,Traffic Signal,Clear,Daylight,Dry,Non-Fatal Injury,Turning Movement,Driver,40 to 44,None,0,South,Pick Up Truck,Going Ahead,Driving Properly,Normal, , , , , , ,0,0,1,0,0,0,0,1,1,1,0,0,0,0
1098793,2009,4,3,14,29,4,43.66624538,-79.37829029,Toronto Centre-Rosedale (27),27,Cabbagetown-South St.James Town (71),71,D51,Toronto East York,JARVIS ST,WELLESLEY ST E, ,Major Arterial,Intersection,At Intersection,Traffic Signal,Rain,Daylight,Wet,Fatal,Pedestrian Collisions,Pedestrian,90 to 94,Fatal,11,East,Other, , , ,Vehicle turns left while ped crosses without ROW at inter.,Crossing without right of way,Inattentive, , , ,1,0,1,0,0,0,0,0,0,0,0,0,0,1
1074265,2008,12,5,14,50,4,43.76284538,-79.49089029,York West (8),8,York University Heights (27),27,D31,North York,KEELE ST,TORO RD W, ,Major Arterial,Mid-Block,At Intersection,No Control,Clear,Daylight,Dry,Non-Fatal Injury,Pedestrian Collisions,Pedestrian,40 to 44,Major,0,North,Other, , , ,Pedestrian hit on sidewalk or shoulder,On Sidewalk or Shoulder,Normal, , , ,1,0,1,0,0,0,0,0,0,1,0,0,0,0