ACCNUM,YEAR,MONTH,DAY,HOUR,MINUTES,WEEKDAY,LATITUDE,LONGITUDE,Ward_Name,Ward_ID,Hood_Name,Hood_ID,Division,District,STREET1,STREET2,OFFSET,ROAD_CLASS,LOCCOORD,ACCLOC,TRAFFCTL,VISIBILITY,LIGHT,RDSFCOND,ACCLASS,IMPACTYPE,INVTYPE,INVAGE,INJURY,FATAL_NO,INITDIR,VEHTYPE,MANOEUVER,DRIVACT,DRIVCOND,PEDTYPE,PEDACT,PEDCOND,CYCLISTYPE,CYCACT,CYCCOND,PEDESTRIAN,CYCLIST,AUTOMOBILE,MOTORCYCLE,TRUCK,TRSN_CITY_VEH,EMERG_VEH,PASSENGER,SPEEDING,AG_DRIV,REDLIGHT,ALCOHOL,DISABILITY,FATAL
1291890,2012,5,1,18,2,1,43.75114538,-79.22219029,Scarborough East (43),43,Woburn (137),137,D43,Scarborough,MARKHAM RD,BLAKEMANOR BLVD, ,Major Arterial,Intersection, ,No Control,Clear,Daylight,Dry,Non-Fatal Injury,SMV Other,Other Property Owner,unknown, ,0, ,Other, , , , , , , , , ,0,0,1,0,0,0,0,0,1,1,0,0,0,0
1369145,2013,8,2,18,2,4,43.67474538,-79.39289029,Toronto Centre-Rosedale (27),27,Annex (95),95,D53,Toronto East York,DAVENPORT Rd,BELMONT St, ,Major Arterial,Intersection,At Intersection,Traffic Signal,Clear,Daylight,Dry,Non-Fatal Injury,Cyclist Collisions,Driver,20 to 24,None,0,North,"Automobile, Station Wagon",Going Ahead,Disobeyed Traffic Control,Normal, , , , , , ,0,1,1,0,0,0,0,0,0,1,1,0,0,0
1369145,2013,8,2,18,2,4,43.67474538,-79.39289029,Toronto Centre-Rosedale (27),27,Annex (95),95,D53,Toronto East York,DAVENPORT Rd,BELMONT St, ,Major Arterial,Intersection,At Intersection,Traffic Signal,Clear,Daylight,Dry,Non-Fatal Injury,Cyclist Collisions,Cyclist,25 to 29,Major,0,East,Bicycle,Going Ahead, , , , , ,"Motorist without ROW drives into path of cyclist at inter, lnwy, dwy-Driver not turn.",Driving Properly,Normal,0,1,1,0,0,0,0,0,0,1,1,0,0,0
1004974,2007,10,31,18,3,2,43.79564538,-79.22979029,Scarborough-Rouge River (42),42,Malvern (132),132,D42,Scarborough,5810 SHEPPARD AVE E, , ,Major Arterial,Mid-Block,At Intersection,No Control,Clear,Dark,Dry,Non-Fatal Injury,Pedestrian Collisions,Vehicle Owner,unknown, ,0, ,Other, , , , , , , , , ,1,0,1,0,0,0,0,0,0,1,0,0,0,0
1004974,2007,10,31,18,3,2,43.79564538,-79.22979029,Scarborough-Rouge River (42),42,Malvern (132),132,D42,Scarborough,5810 SHEPPARD AVE E, , ,Major Arterial,Mid-Block,At Intersection,No Control,Clear,Dark,Dry,Non-Fatal Injury,Pedestrian Collisions,Driver,45 to 49,None,0,West,"Automobile, Station Wagon",Slowing or Stopping,Driving Properly,Normal, , , , , , ,1,0,1,0,0,0,0,0,0,1,0,0,0,0
1004974,2007,10,31,18,3,2,43.79564538,-79.22979029,Scarborough-Rouge River (42),42,Malvern (132),132,D42,Scarborough,5810 SHEPPARD AVE E, , ,Major Arterial,Mid-Block,At Intersection,No Control,Clear,Dark,Dry,Non-Fatal Injury,Pedestrian Collisions,Other,60 to 64,None,0,South,"Automobile, Station Wagon",Parked, , , , , , , , ,1,0,1,0,0,0,0,0,0,1,0,0,0,0
1004974,2007,10,31,18,3,2,43.79564538,-79.22979029,Scarborough-Rouge River (42),42,Malvern (132),132,D42,Scarborough,5810 SHEPPARD AVE E, , ,Major Arterial,Mid-Block,At Intersection,No Control,Clear,Dark,Dry,Non-Fatal Injury,Pedestrian Collisions,Driver,15 to 19,None,0,West,"Automobile, Station Wagon",Going Ahead,Following too Close,Normal, , , , , , ,1,0,1,0,0,0,0,0,0,1,0,0,0,0
1004974,2007,10,31,18,3,2,43.79564538,-79.22979029,Scarborough-Rouge River (42),42,Malvern (132),132,D42,Scarborough,5810 SHEPPARD AVE E, , ,Major Arterial,Mid-Block,At Intersection,No Control,Clear,Dark,Dry,Non-Fatal Injury,Pedestrian Collisions,Other Property Owner,unknown, ,0, ,Other, , , , , , , , , ,1,0,1,0,0,0,0,0,0,1,0,0,0,0
1004974,2007,10,31,18,3,2,43.79564538,-79.22979029,Scarborough-Rouge River (42),42,Malvern (132),132,D42,Scarborough,5810 SHEPPARD AVE E, , ,Major Arterial,Mid-Block,At Intersection,No Control,Clear,Dark,Dry,Non-Fatal Injury,Pedestrian Collisions,Pedestrian,35 to 39,Major,0, ,Other, , , ,Pedestrian hit on sidewalk or shoulder,On Sidewalk or Shoulder,Normal, , , ,1,0,1,0,0,0,0,0,0,1,0,0,0,0
1015320,2008,1,7,18,3,0,43.71834538,-79.33139029,Don Valley West (26),26,Flemingdon Park (44),44,D54,North York,ST DENNIS DR,DEAUVILLE LANE, ,Collector,Intersection, ,Traffic Signal,Rain,Dark,Wet,Non-Fatal Injury,Pedestrian Collisions,Driver,25 to 29,None,0,East,"Automobile, Station Wagon",Turning Left,Failed to Yield Right of Way,Normal, , , , , , ,1,0,1,0,0,0,0,0,0,1,0,0,0,0
1015320,2008,1,7,18,3,0,43.71834538,-79.33139029,Don Valley West (26),26,Flemingdon Park (44),44,D54,North York,ST DENNIS DR,DEAUVILLE LANE, ,Collector,Intersection, ,Traffic Signal,Rain,Dark,Wet,Non-Fatal Injury,Pedestrian Collisions,Pedestrian,10 to 14,Major,0,East,Other, , , ,Vehicle turns left while ped crosses with ROW at inter.,Crossing with right of way,Normal, , , ,1,0,1,0,0,0,0,0,0,1,0,0,0,0
1274121,2011,11,9,18,3,2,43.79304538,-79.35479029,Willowdale (24),24,Hillcrest Village (48),48,D33,North York,DON MILLS Road,FINCH Aven E, ,Major Arterial,Mid-Block,At Intersection,No Control,Rain,"Dark, artificial",Wet,Non-Fatal Injury,Pedestrian Collisions,Driver,20 to 24,None,0,South,"Automobile, Station Wagon",Going Ahead,Driving Properly,Normal, , , , , , ,1,0,1,0,0,0,0,0,0,0,0,0,0,0
1274121,2011,11,9,18,3,2,43.79304538,-79.35479029,Willowdale (24),24,Hillcrest Village (48),48,D33,North York,DON MILLS Road,FINCH Aven E, ,Major Arterial,Mid-Block,At Intersection,No Control,Rain,"Dark, artificial",Wet,Non-Fatal Injury,Pedestrian Collisions,Pedestrian,55 to 59,Major,0,West,Other, , , ,Pedestrian hit at mid-block,"Crossing, no Traffic Control",Inattentive, , , ,1,0,1,0,0,0,0,0,0,0,0,0,0,0
4003142204,2014,10,20,18,3,0,43.65188177,-79.38171015,Toronto Centre-Rosedale (28),28,Bay Street Corridor (76),76,D52,Toronto East York,BAY ST,QUEEN ST W, ,Major Arterial,Intersection,At Intersection,Traffic Signal,Rain,Dusk,Wet,Non-Fatal Injury,Cyclist Collisions,Driver,20 to 24,None,0,North,"Automobile, Station Wagon",Turning Left,Failed to Yield Right of Way,Normal, , , , , , ,0,1,1,0,0,0,0,0,0,1,0,0,0,0
4003142204,2014,10,20,18,3,0,43.65188177,-79.38171015,Toronto Centre-Rosedale (28),28,Bay Street Corridor (76),76,D52,Toronto East York,BAY ST,QUEEN ST W, ,Major Arterial,Intersection,At Intersection,Traffic Signal,Rain,Dusk,Wet,Non-Fatal Injury,Cyclist Collisions,Vehicle Owner,unknown, ,0, ,"Automobile, Station Wagon", , , , , , , , , ,0,1,1,0,0,0,0,0,0,1,0,0,0,0
4003142204,2014,10,20,18,3,0,43.65188177,-79.38171015,Toronto Centre-Rosedale (28),28,Bay Street Corridor (76),76,D52,Toronto East York,BAY ST,QUEEN ST W, ,Major Arterial,Intersection,At Intersection,Traffic Signal,Rain,Dusk,Wet,Non-Fatal Injury,Cyclist Collisions,Cyclist,25 to 29,Major,0,North,Bicycle,Going Ahead, , , , , ,Motorist turned left across cyclists path.,Driving Properly,Normal,0,1,1,0,0,0,0,0,0,1,0,0,0,0
4003154882,2014,10,22,18,3,2,43.77324637,-79.24621973,Scarborough Centre (38),38,Woburn (137),137,D43,Scarborough,PARKINGTON CRES,ELLESMERE RD, ,Major Arterial,Intersection,At Intersection,Traffic Signal,Clear,Dusk,Dry,Non-Fatal Injury,Pedestrian Collisions,Truck Driver,65 to 69,None,0,South,Truck - Open,Turning Left,Driving Properly,Normal, , , , , , ,1,0,1,0,1,0,0,0,0,1,1,0,0,0
4003154882,2014,10,22,18,3,2,43.77324637,-79.24621973,Scarborough Centre (38),38,Woburn (137),137,D43,Scarborough,PARKINGTON CRES,ELLESMERE RD, ,Major Arterial,Intersection,At Intersection,Traffic Signal,Clear,Dusk,Dry,Non-Fatal Injury,Pedestrian Collisions,Driver,25 to 29,None,0,West,"Automobile, Station Wagon",Going Ahead,Disobeyed Traffic Control,Inattentive, , , , , , ,1,0,1,0,1,0,0,0,0,1,1,0,0,0
4003154882,2014,10,22,18,3,2,43.77324637,-79.24621973,Scarborough Centre (38),38,Woburn (137),137,D43,Scarborough,PARKINGTON CRES,ELLESMERE RD, ,Major Arterial,Intersection,At Intersection,Traffic Signal,Clear,Dusk,Dry,Non-Fatal Injury,Pedestrian Collisions,Pedestrian,25 to 29,Major,0,South, , , , ,Vehicle turns left while ped crosses with ROW at inter.,Crossing with right of way,Normal, , , ,1,0,1,0,1,0,0,0,0,1,1,0,0,0
1254156,2011,9,15,18,4,3,43.79309042,-79.35225306,Don Valley East (33),33,Don Valley Village (47),47,D33,North York,FINCH AVE E,SKYMARK DR, ,Major Arterial,Intersection,At Intersection,Traffic Signal,Clear,"Dusk, artificial",Dry,Non-Fatal Injury,Rear End,Vehicle Owner,unknown, ,0, , , , , , , , , , , ,0,0,1,0,0,0,0,1,0,0,0,0,1,0
1254156,2011,9,15,18,4,3,43.79309042,-79.35225306,Don Valley East (33),33,Don Valley Village (47),47,D33,North York,FINCH AVE E,SKYMARK DR, ,Major Arterial,Intersection,At Intersection,Traffic Signal,Clear,"Dusk, artificial",Dry,Non-Fatal Injury,Rear End,Driver,75 to 79,Major,0,West,"Automobile, Station Wagon",Going Ahead,Lost control,Medical or Physical Disability, , , , , , ,0,0,1,0,0,0,0,1,0,0,0,0,1,0
1254156,2011,9,15,18,4,3,43.79309042,-79.35225306,Don Valley East (33),33,Don Valley Village (47),47,D33,North York,FINCH AVE E,SKYMARK DR, ,Major Arterial,Intersection,At Intersection,Traffic Signal,Clear,"Dusk, artificial",Dry,Non-Fatal Injury,Rear End,Passenger,45 to 49,Minor,0, , , , , , , , , , , ,0,0,1,0,0,0,0,1,0,0,0,0,1,0
1254156,2011,9,15,18,4,3,43.79309042,-79.35225306,Don Valley East (33),33,Don Valley Village (47),47,D33,North York,FINCH AVE E,SKYMARK DR, ,Major Arterial,Intersection,At Intersection,Traffic Signal,Clear,"Dusk, artificial",Dry,Non-Fatal Injury,Rear End,Driver,45 to 49,Minor,0,West,Passenger Van,Stopped,Driving Properly,Normal, , , , , , ,0,0,1,0,0,0,0,1,0,0,0,0,1,0
4003325282,2014,11,18,18,4,1,43.79210242,-79.42686091,Willowdale (23),23,Newtonbrook West (36),36,D32,North York,MOORE PARK AVE,HILDA AVE, ,Collector,Intersection,At Intersection,Stop Sign,Clear,"Dark, artificial",Dry,Non-Fatal Injury,Cyclist Collisions,Driver,unknown,None,0,East,"Automobile, Station Wagon",Going Ahead,Failed to Yield Right of Way,Unknown, , , , , , ,0,1,1,0,0,0,0,0,0,1,0,0,0,0
4003325282,2014,11,18,18,4,1,43.79210242,-79.42686091,Willowdale (23),23,Newtonbrook West (36),36,D32,North York,MOORE PARK AVE,HILDA AVE, ,Collector,Intersection,At Intersection,Stop Sign,Clear,"Dark, artificial",Dry,Non-Fatal Injury,Cyclist Collisions,Cyclist,55 to 59,Major,0,South, ,Going Ahead, , , , , ,"Motorist without ROW drives into path of cyclist at inter, lnwy, dwy-Driver not turn.",Driving Properly,Normal,0,1,1,0,0,0,0,0,0,1,0,0,0,0
5000679922,2015,4,24,18,4,4,43.81390341,-79.21960078,Scarborough-Rouge River (42),42,Malvern (132),132,D42,Scarborough,HUPFIELD TRL,GLANVIL CRES,20 m South of,Collector,Intersection,Non Intersection,No Control,Clear,Daylight,Dry,Non-Fatal Injury,SMV Other,Driver,15 to 19,None,0,North,"Automobile, Station Wagon",Going Ahead,Lost control,Normal, , , , , , ,0,0,1,0,0,0,0,1,1,1,0,0,0,0
5000679922,2015,4,24,18,4,4,43.81390341,-79.21960078,Scarborough-Rouge River (42),42,Malvern (132),132,D42,Scarborough,HUPFIELD TRL,GLANVIL CRES,20 m South of,Collector,Intersection,Non Intersection,No Control,Clear,Daylight,Dry,Non-Fatal Injury,SMV Other,Passenger,15 to 19,Major,0, , , , , , , , , , , ,0,0,1,0,0,0,0,1,1,1,0,0,0,0
957650,2007,1,22,18,5,0,43.73454538,-79.25809029,Scarborough Centre (37),37,Eglinton East (138),138,D41,Scarborough,EGLINTON Aven E,MIDLAND Aven, ,Major Arterial,Intersection,At Intersection,Traffic Signal,Clear,Dark,Wet,Non-Fatal Injury,Turning Movement,Passenger,25 to 29,Major,0, ,Other, , , , , , , , , ,0,0,1,0,1,0,0,1,1,1,1,0,0,0
957650,2007,1,22,18,5,0,43.73454538,-79.25809029,Scarborough Centre (37),37,Eglinton East (138),138,D41,Scarborough,EGLINTON Aven E,MIDLAND Aven, ,Major Arterial,Intersection,At Intersection,Traffic Signal,Clear,Dark,Wet,Non-Fatal Injury,Turning Movement,Truck Driver,20 to 24,Minor,0,East,Truck - Open,Going Ahead,Disobeyed Traffic Control,Normal, , , , , , ,0,0,1,0,1,0,0,1,1,1,1,0,0,0
957650,2007,1,22,18,5,0,43.73454538,-79.25809029,Scarborough Centre (37),37,Eglinton East (138),138,D41,Scarborough,EGLINTON Aven E,MIDLAND Aven, ,Major Arterial,Intersection,At Intersection,Traffic Signal,Clear,Dark,Wet,Non-Fatal Injury,Turning Movement,Driver,20 to 24,None,0,North,"Automobile, Station Wagon",Stopped,Driving Properly,Normal, , , , , , ,0,0,1,0,1,0,0,1,1,1,1,0,0,0
957650,2007,1,22,18,5,0,43.73454538,-79.25809029,Scarborough Centre (37),37,Eglinton East (138),138,D41,Scarborough,EGLINTON Aven E,MIDLAND Aven, ,Major Arterial,Intersection,At Intersection,Traffic Signal,Clear,Dark,Wet,Non-Fatal Injury,Turning Movement,Passenger,15 to 19,Major,0, ,Other, , , , , , , , , ,0,0,1,0,1,0,0,1,1,1,1,0,0,0
957650,2007,1,22,18,5,0,43.73454538,-79.25809029,Scarborough Centre (37),37,Eglinton East (138),138,D41,Scarborough,EGLINTON Aven E,MIDLAND Aven, ,Major Arterial,Intersection,At Intersection,Traffic Signal,Clear,Dark,Wet,Non-Fatal Injury,Turning Movement,Driver,15 to 19,Minor,0,West,"Automobile, Station Wagon",Turning Left,Improper Turn,Normal, , , , , , ,0,0,1,0,1,0,0,1,1,1,1,0,0,0
1048237,2008,6,22,18,5,6,43.71704538,-79.53729029,York West (7),7,Pelmo Park-Humberlea (23),23,D31,Etobicoke York,WESTON Road,WALSH Aven, ,Major Arterial,Intersection,At Intersection,Traffic Signal,Clear,Daylight,Dry,Non-Fatal Injury,Cyclist Collisions,Vehicle Owner,unknown, ,0, ,Other, , , , , , , , , ,0,1,1,0,0,0,0,0,0,0,0,0,0,0
1048237,2008,6,22,18,5,6,43.71704538,-79.53729029,York West (7),7,Pelmo Park-Humberlea (23),23,D31,Etobicoke York,WESTON Road,WALSH Aven, ,Major Arterial,Intersection,At Intersection,Traffic Signal,Clear,Daylight,Dry,Non-Fatal Injury,Cyclist Collisions,Driver,45 to 49,None,0,North,"Automobile, Station Wagon",Going Ahead,Driving Properly,Normal, , , , , , ,0,1,1,0,0,0,0,0,0,0,0,0,0,0
1048237,2008,6,22,18,5,6,43.71704538,-79.53729029,York West (7),7,Pelmo Park-Humberlea (23),23,D31,Etobicoke York,WESTON Road,WALSH Aven, ,Major Arterial,Intersection,At Intersection,Traffic Signal,Clear,Daylight,Dry,Non-Fatal Injury,Cyclist Collisions,Cyclist,35 to 39,Major,0,East,Bicycle,Going Ahead, , , , , ,"Cyclist without ROW rides into path of motorist at inter, lnwy, dwy-Cyclist not turn.",Failed to Yield Right of Way,Normal,0,1,1,0,0,0,0,0,0,0,0,0,0,0
1094623,2009,1,19,18,5,0,43.71254538,-79.36969029,Don Valley West (26),26,Leaside-Bennington (56),56,D53,North York,EGLINTON AVE E,RUMSEY RD, ,Major Arterial,Intersection,At Intersection,Traffic Signal,Snow,Dark,Ice,Non-Fatal Injury,Turning Movement,Passenger,65 to 69,Major,0, ,Other, , , , , , , , , ,0,0,1,0,0,0,0,1,0,0,0,0,0,0
1094623,2009,1,19,18,5,0,43.71254538,-79.36969029,Don Valley West (26),26,Leaside-Bennington (56),56,D53,North York,EGLINTON AVE E,RUMSEY RD, ,Major Arterial,Intersection,At Intersection,Traffic Signal,Snow,Dark,Ice,Non-Fatal Injury,Turning Movement,Driver,55 to 59,None,0,East,"Automobile, Station Wagon",Going Ahead,Driving Properly,Normal, , , , , , ,0,0,1,0,0,0,0,1,0,0,0,0,0,0
1094623,2009,1,19,18,5,0,43.71254538,-79.36969029,Don Valley West (26),26,Leaside-Bennington (56),56,D53,North York,EGLINTON AVE E,RUMSEY RD, ,Major Arterial,Intersection,At Intersection,Traffic Signal,Snow,Dark,Ice,Non-Fatal Injury,Turning Movement,Driver,35 to 39,Minor,0,West,"Automobile, Station Wagon",Turning Left,Improper Turn,Inattentive, , , , , , ,0,0,1,0,0,0,0,1,0,0,0,0,0,0
1142007,2009,12,13,18,5,6,43.80914538,-79.32229029,Scarborough-Agincourt (39),39,Steeles (116),116,D42,Scarborough,WARDEN AVE,MCNICOLL AVE, ,Major Arterial,Mid-Block, ,No Control,Rain,Dark,Wet,Non-Fatal Injury,Pedestrian Collisions,Driver,50 to 54,None,0,North,"Automobile, Station Wagon",Slowing or Stopping,Driving Properly,Normal, , , , , , ,1,0,1,0,0,0,0,0,0,0,0,0,0,0
1142007,2009,12,13,18,5,6,43.80914538,-79.32229029,Scarborough-Agincourt (39),39,Steeles (116),116,D42,Scarborough,WARDEN AVE,MCNICOLL AVE, ,Major Arterial,Mid-Block, ,No Control,Rain,Dark,Wet,Non-Fatal Injury,Pedestrian Collisions,Pedestrian,20 to 24,Major,0,West,Other, , , ,Pedestrian hit at mid-block,"Crossing, no Traffic Control",Inattentive, , , ,1,0,1,0,0,0,0,0,0,0,0,0,0,0
1250485,2011,7,10,18,5,6,43.67274538,-79.44909029,Davenport (17),17,Corso Italia-Davenport (92),92,D13,Etobicoke York,LANSDOWNE AVE,DAVENPORT RD, ,Collector,Mid-Block, ,No Control,Clear,Daylight,Dry,Non-Fatal Injury,SMV Other,Vehicle Owner,unknown, ,0, ,Other, , , , , , , , , ,0,0,0,1,0,0,0,0,0,0,0,0,0,0
1250485,2011,7,10,18,5,6,43.67274538,-79.44909029,Davenport (17),17,Corso Italia-Davenport (92),92,D13,Etobicoke York,LANSDOWNE AVE,DAVENPORT RD, ,Collector,Mid-Block, ,No Control,Clear,Daylight,Dry,Non-Fatal Injury,SMV Other,Motorcycle Driver,20 to 24,Major,0,South,Motorcycle,Turning Left,Lost control,Normal, , , , , , ,0,0,0,1,0,0,0,0,0,0,0,0,0,0
1373856,2013,9,5,18,5,3,43.78884466,-79.24009333,Scarborough-Rouge River (42),42,Agincourt South-Malvern West (128),128,D42,Scarborough,MILNER AVE,SCUNTHORPE RD, ,Minor Arterial,Intersection, ,Pedestrian Crossover,Clear,Daylight,Dry,Fatal,Pedestrian Collisions,Pedestrian,85 to 89,Fatal,38,South, , , , ,Pedestrian hit a PXO/ped. Mid-block signal,"Crossing, Pedestrian Crossover",Unknown, , , ,1,0,0,0,1,0,0,0,0,1,0,0,0,1
1373856,2013,9,5,18,5,3,43.78884466,-79.24009333,Scarborough-Rouge River (42),42,Agincourt South-Malvern West (128),128,D42,Scarborough,MILNER AVE,SCUNTHORPE RD, ,Minor Arterial,Intersection, ,Pedestrian Crossover,Clear,Daylight,Dry,Fatal,Pedestrian Collisions,Truck Driver,60 to 64,None,0,West,"Truck - Closed (Blazer, etc)",Going Ahead,Failed to Yield Right of Way,Unknown, , , , , , ,1,0,0,0,1,0,0,0,0,1,0,0,0,1
4002755635,2014,8,22,18,5,4,43.66314657,-79.51839075,Etobicoke Centre (4),4,Edenbridge-Humber Valley (9),9,D22,Etobicoke York,ROYAL YORK RD,ASHLEY RD, ,Minor Arterial,Intersection,At Intersection,No Control,Clear,Daylight,Dry,Non-Fatal Injury,Cyclist Collisions,Driver,30 to 34,None,0,South,"Automobile, Station Wagon",Turning Right,Failed to Yield Right of Way,Inattentive, , , , , , ,0,1,1,0,0,0,0,0,0,1,0,0,0,0
4002755635,2014,8,22,18,5,4,43.66314657,-79.51839075,Etobicoke Centre (4),4,Edenbridge-Humber Valley (9),9,D22,Etobicoke York,ROYAL YORK RD,ASHLEY RD, ,Minor Arterial,Intersection,At Intersection,No Control,Clear,Daylight,Dry,Non-Fatal Injury,Cyclist Collisions,Cyclist,30 to 34,Major,0,South,Bicycle,Going Ahead, , , , , ,"Motorist turns right at non-signal Inter.(stop, yield, no cont.,and dwy) and strikes cyclist.",Driving Properly,Normal,0,1,1,0,0,0,0,0,0,1,0,0,0,0
6000720268,2016,4,27,18,5,2,43.63006933,-79.42571650000001,Trinity-Spadina (19),19,Niagara (82),82,D14,Toronto East York,LAKE SHORE BLVD W,BRITISH COLUMBIA RD,324 m East of,Major Arterial,Mid-Block,Non Intersection,No Control,Clear,Daylight,Dry,Non-Fatal Injury,Approaching,Driver,30 to 34,Major,0,West,"Automobile, Station Wagon",Going Ahead,Other,Inattentive, , , , , , ,0,0,1,0,0,1,0,0,1,1,0,0,0,0
6000720268,2016,4,27,18,5,2,43.63006933,-79.42571650000001,Trinity-Spadina (19),19,Niagara (82),82,D14,Toronto East York,LAKE SHORE BLVD W,BRITISH COLUMBIA RD,324 m East of,Major Arterial,Mid-Block,Non Intersection,No Control,Clear,Daylight,Dry,Non-Fatal Injury,Approaching,Driver,50 to 54,Minor,0,East,"Automobile, Station Wagon",Going Ahead,Driving Properly,Normal, , , , , , ,0,0,1,0,0,1,0,0,1,1,0,0,0,0
6000720268,2016,4,27,18,5,2,43.63006933,-79.42571650000001,Trinity-Spadina (19),19,Niagara (82),82,D14,Toronto East York,LAKE SHORE BLVD W,BRITISH COLUMBIA RD,324 m East of,Major Arterial,Mid-Block,Non Intersection,No Control,Clear,Daylight,Dry,Non-Fatal Injury,Approaching,Driver,20 to 24,None,0,East,"Automobile, Station Wagon",Going Ahead,Driving Properly,Normal, , , , , , ,0,0,1,0,0,1,0,0,1,1,0,0,0,0
6000720268,2016,4,27,18,5,2,43.63006933,-79.42571650000001,Trinity-Spadina (19),19,Niagara (82),82,D14,Toronto East York,LAKE SHORE BLVD W,BRITISH COLUMBIA RD,324 m East of,Major Arterial,Mid-Block,Non Intersection,No Control,Clear,Daylight,Dry,Non-Fatal Injury,Approaching,Driver,55 to 59,None,0,East,"Bus (Other) (Go Bus, Gray Coach)",Going Ahead,Driving Properly,Normal, , , , , , ,0,0,1,0,0,1,0,0,1,1,0,0,0,0
7000659290,2017,4,14,18,5,4,43.6513172,-79.39740382,Trinity-Spadina (20),20,Kensington-Chinatown (78),78,D52,Toronto East York,SPADINA AVE,SULLIVAN ST,50 m North,Major Arterial,Mid-Block,Non Intersection,No Control,Clear,Daylight,Dry,Fatal,Pedestrian Collisions,Pedestrian,65 to 69,Fatal,18,East, , , , ,Pedestrian involved in a collision with transit vehicle anywhere along roadway,"Crossing, no Traffic Control",Had Been Drinking, , , ,1,0,0,0,0,1,0,0,0,0,0,0,0,1
7000659290,2017,4,14,18,5,4,43.6513172,-79.39740382,Trinity-Spadina (20),20,Kensington-Chinatown (78),78,D52,Toronto East York,SPADINA AVE,SULLIVAN ST,50 m North,Major Arterial,Mid-Block,Non Intersection,No Control,Clear,Daylight,Dry,Fatal,Pedestrian Collisions,Driver,40 to 44,None,0,South,Street Car,Going Ahead,Driving Properly,Normal, , , , , , ,1,0,0,0,0,1,0,0,0,0,0,0,0,1
1007918,2007,12,10,18,6,0,43.75224538,-79.59929029,Etobicoke North (1),1,West Humber-Clairville (1),1,D23,Etobicoke York,MARTIN GROVE Road,ROYALCREST Road, ,Minor Arterial,Intersection, ,No Control,Clear,Dark,Wet,Non-Fatal Injury,Pedestrian Collisions,Driver,35 to 39,None,0,North,"Automobile, Station Wagon",Going Ahead,Driving Properly,Normal, , , , , , ,1,0,1,0,0,0,0,0,0,0,0,0,0,0
1007918,2007,12,10,18,6,0,43.75224538,-79.59929029,Etobicoke North (1),1,West Humber-Clairville (1),1,D23,Etobicoke York,MARTIN GROVE Road,ROYALCREST Road, ,Minor Arterial,Intersection, ,No Control,Clear,Dark,Wet,Non-Fatal Injury,Pedestrian Collisions,Pedestrian,85 to 89,Major,0,West,Other, , , ,Vehicle is going straight thru inter.while ped cross without ROW,"Crossing, no Traffic Control",Inattentive, , , ,1,0,1,0,0,0,0,0,0,0,0,0,0,0
1117245,2009,6,25,18,6,3,43.68224538,-79.43459029,Davenport (17),17,Oakwood Village (107),107,D13,Etobicoke York,GLENHURST AVE,ROSENEATH GDNS, ,Local,Intersection, ,Stop Sign,Clear,Daylight,Dry,Non-Fatal Injury,Pedestrian Collisions,Driver,15 to 19,None,0,East,"Automobile, Station Wagon",Going Ahead,Driving Properly,Normal, , , , , , ,1,0,1,0,0,0,0,0,0,0,0,0,0,0
1242807,2011,5,20,17,38,4,43.81364538,-79.27009029,Scarborough-Rouge River (41),41,Agincourt North (129),129,D42,Scarborough,MCCOWAN Road,BRIDLEY Driv, ,Major Arterial,Mid-Block, ,No Control,Clear,Daylight,Dry,Non-Fatal Injury,Rear End,Vehicle Owner,unknown, ,0, ,Other, , , , , , , , , ,0,0,1,0,0,0,0,1,1,1,0,0,0,0
1143363,2009,11,27,17,25,4,43.80494538,-79.18659029,Scarborough East (44),44,Rouge (131),131,D42,Scarborough,SHEPPARD AVE E,ROUGE RIVER DR, ,Major Arterial,Intersection, ,No Control,Rain,Dark,Wet,Non-Fatal Injury,Pedestrian Collisions,Driver,50 to 54,None,0,West,"Automobile, Station Wagon",Going Ahead,Driving Properly,Normal, , , , , , ,1,0,1,0,0,0,0,0,0,0,0,0,0,0
1362767,2013,5,9,17,38,3,43.64738425,-79.38609705,Trinity-Spadina (20),20,Bay Street Corridor (76),76,D52,Toronto East York,KING ST W,SIMCOE ST, ,Major Arterial,Intersection, ,Traffic Signal,Clear,Daylight,Dry,Non-Fatal Injury,Other,Vehicle Owner,unknown, ,0, ,Other, , , , , , , , , ,0,0,0,0,1,1,0,1,0,0,0,0,0,0
1277797,2011,9,9,17,0,4,43.75394538,-79.23419029,Scarborough Centre (38),38,Woburn (137),137,D43,Scarborough,BELLAMY Road N,BURNVIEW Cres, ,Minor Arterial,Intersection,At Intersection,No Control,Clear,Daylight,Dry,Non-Fatal Injury,Rear End,Driver,35 to 39,None,0,North,"Automobile, Station Wagon",Going Ahead,Following too Close,Inattentive, , , , , , ,0,0,1,0,0,0,0,1,0,1,0,0,0,0
4003074555,2014,10,9,17,45,3,43.63705404,-79.43657313,Parkdale-High Park (14),14,South Parkdale (85),85,D14,Toronto East York,KING ST W,JAMESON AVE,14 m West of,Major Arterial,Mid-Block,Intersection Related,No Control,Clear,Dusk,Dry,Fatal,Pedestrian Collisions,Truck Driver,40 to 44,None,0,East,Truck - Dump,Going Ahead,Driving Properly,Normal, , , , , , ,1,0,0,0,1,0,0,0,0,0,0,0,0,1