ACCNUM,YEAR,MONTH,DAY,HOUR,MINUTES,WEEKDAY,LATITUDE,LONGITUDE,Ward_Name,Ward_ID,Hood_Name,Hood_ID,Division,District,STREET1,STREET2,OFFSET,ROAD_CLASS,LOCCOORD,ACCLOC,TRAFFCTL,VISIBILITY,LIGHT,RDSFCOND,ACCLASS,IMPACTYPE,INVTYPE,INVAGE,INJURY,FATAL_NO,INITDIR,VEHTYPE,MANOEUVER,DRIVACT,DRIVCOND,PEDTYPE,PEDACT,PEDCOND,CYCLISTYPE,CYCACT,CYCCOND,PEDESTRIAN,CYCLIST,AUTOMOBILE,MOTORCYCLE,TRUCK,TRSN_CITY_VEH,EMERG_VEH,PASSENGER,SPEEDING,AG_DRIV,REDLIGHT,ALCOHOL,DISABILITY,FATAL
1209441,2010,12,28,17,50,1,43.82594538,-79.29729029,Scarborough-Rouge River (41),41,Milliken (130),130,D42,Scarborough,STEELES AVE E,MIDLAND AVE, ,Major Arterial,Intersection,At Intersection,Traffic Signal,Snow,Dark,Wet,Non-Fatal Injury,Pedestrian Collisions,Pedestrian,30 to 34,Major,0,Unknown,Other, , , ,Vehicle turns right while ped crosses without ROW at inter.,"Crossing, no Traffic Control",Other, , , ,1,0,1,0,0,0,0,0,0,0,0,0,0,0
1227443,2011,4,11,17,50,0,43.68584538,-79.51959029,Etobicoke Centre (4),4,Humber Heights-Westmount (8),8,D23,Etobicoke York,LA ROSE Aven,TIMOTHY Cour, ,Collector, , ,Pedestrian Crossover,Clear,Daylight,Dry,Non-Fatal Injury,Pedestrian Collisions,Driver,80 to 84,None,0,West,"Automobile, Station Wagon",Going Ahead, , , , , , , , ,1,0,1,0,0,0,0,0,0,0,0,0,0,0
1227443,2011,4,11,17,50,0,43.68584538,-79.51959029,Etobicoke Centre (4),4,Humber Heights-Westmount (8),8,D23,Etobicoke York,LA ROSE Aven,TIMOTHY Cour, ,Collector, , ,Pedestrian Crossover,Clear,Daylight,Dry,Non-Fatal Injury,Pedestrian Collisions,Pedestrian,unknown,Major,0, ,Other,Other, , , , , , , , ,1,0,1,0,0,0,0,0,0,0,0,0,0,0
1388506,2013,9,22,17,50,6,43.73165854,-79.57638178,Etobicoke North (2),2,Rexdale-Kipling (4),4,D23,Etobicoke York,KIPLING Ave,ESTHER LORRIE Dr, ,Major Arterial,Intersection, ,No Control,Clear,Daylight,Dry,Non-Fatal Injury,Rear End,Vehicle Owner,unknown, ,0, ,Other, , , , , , , , , ,0,0,1,0,0,0,0,1,0,1,0,0,0,0
1388506,2013,9,22,17,50,6,43.73165854,-79.57638178,Etobicoke North (2),2,Rexdale-Kipling (4),4,D23,Etobicoke York,KIPLING Ave,ESTHER LORRIE Dr, ,Major Arterial,Intersection, ,No Control,Clear,Daylight,Dry,Non-Fatal Injury,Rear End,Driver,40 to 44,None,0,South,"Automobile, Station Wagon",Going Ahead,Following too Close,Inattentive, , , , , , ,0,0,1,0,0,0,0,1,0,1,0,0,0,0
1388506,2013,9,22,17,50,6,43.73165854,-79.57638178,Etobicoke North (2),2,Rexdale-Kipling (4),4,D23,Etobicoke York,KIPLING Ave,ESTHER LORRIE Dr, ,Major Arterial,Intersection, ,No Control,Clear,Daylight,Dry,Non-Fatal Injury,Rear End,Passenger,30 to 34,Major,0, ,Other, , , , , , , , , ,0,0,1,0,0,0,0,1,0,1,0,0,0,0
1388506,2013,9,22,17,50,6,43.73165854,-79.57638178,Etobicoke North (2),2,Rexdale-Kipling (4),4,D23,Etobicoke York,KIPLING Ave,ESTHER LORRIE Dr, ,Major Arterial,Intersection, ,No Control,Clear,Daylight,Dry,Non-Fatal Injury,Rear End,Driver,35 to 39,Minor,0,South,"Automobile, Station Wagon",Turning Right,Improper Turn,Inattentive, , , , , , ,0,0,1,0,0,0,0,1,0,1,0,0,0,0
4001748870,2014,3,22,17,50,5,43.66063269,-79.44360743,Davenport (18),18,Dovercourt-Wallace Emerson-Junction (93),93,D11,Toronto East York,PATON RD,LANSDOWNE AVE, ,Minor Arterial,Intersection,Intersection Related,Stop Sign,Clear,Daylight,Dry,Non-Fatal Injury,Pedestrian Collisions,Driver,40 to 44,None,0,West,"Automobile, Station Wagon",Other,Failed to Yield Right of Way,Normal, , , , , , ,1,0,1,0,0,0,0,0,0,1,0,0,0,0
4001748870,2014,3,22,17,50,5,43.66063269,-79.44360743,Davenport (18),18,Dovercourt-Wallace Emerson-Junction (93),93,D11,Toronto East York,PATON RD,LANSDOWNE AVE, ,Minor Arterial,Intersection,Intersection Related,Stop Sign,Clear,Daylight,Dry,Non-Fatal Injury,Pedestrian Collisions,Pedestrian,85 to 89,Major,0,South, , , , ,Vehicle is reversing and hits pedestrian,Crossing with right of way,Normal, , , ,1,0,1,0,0,0,0,0,0,1,0,0,0,0
4002255654,2014,6,9,17,50,0,43.6672283,-79.31259547,Beaches-East York (32),32,The Beaches (63),63,D55,Toronto East York,QUEEN ST E,KINGSTON RD, ,Major Arterial,Intersection,At Intersection,Traffic Signal,Clear,Daylight,Dry,Non-Fatal Injury,Pedestrian Collisions,Driver,50 to 54,None,0,East, ,Going Ahead,Driving Properly,Normal, , , , , , ,1,0,1,0,0,0,0,0,0,0,0,0,0,0
4002255654,2014,6,9,17,50,0,43.6672283,-79.31259547,Beaches-East York (32),32,The Beaches (63),63,D55,Toronto East York,QUEEN ST E,KINGSTON RD, ,Major Arterial,Intersection,At Intersection,Traffic Signal,Clear,Daylight,Dry,Non-Fatal Injury,Pedestrian Collisions,Pedestrian,30 to 34,Major,0,North,"Automobile, Station Wagon",Going Ahead, , ,Vehicle is going straight thru inter.while ped cross without ROW,Crossing without right of way,Inattentive, , , ,1,0,1,0,0,0,0,0,0,0,0,0,0,0
4003276888,2014,11,10,17,50,0,43.69697912,-79.54668818,Etobicoke Centre (4),4,Kingsview Village-The Westway (6),6,D23,Etobicoke York,DIXON RD,ISLINGTON AVE,28 m East of,Major Arterial,Intersection,At Intersection,Traffic Signal,Clear,Dark,Dry,Non-Fatal Injury,Pedestrian Collisions,Driver,30 to 34,None,0,West,"Automobile, Station Wagon",Going Ahead,Driving Properly,Normal, , , , , , ,1,0,1,0,0,0,0,0,0,0,0,0,0,0
4003276888,2014,11,10,17,50,0,43.69697912,-79.54668818,Etobicoke Centre (4),4,Kingsview Village-The Westway (6),6,D23,Etobicoke York,DIXON RD,ISLINGTON AVE,28 m East of,Major Arterial,Intersection,At Intersection,Traffic Signal,Clear,Dark,Dry,Non-Fatal Injury,Pedestrian Collisions,Pedestrian,10 to 14,Major,0,South, , , , ,Pedestrian hit at mid-block,Running onto Roadway,Normal, , , ,1,0,1,0,0,0,0,0,0,0,0,0,0,0
5001842724,2015,10,26,17,50,0,43.78131445,-79.32584772,Don Valley East (33),33,L'Amoreaux (117),117,D42,Scarborough,VICTORIA PARK AVE,HUNTINGWOOD DR,100 m North of,Major Arterial,Mid-Block,Non Intersection,No Control,Clear,"Dark, artificial",Dry,Non-Fatal Injury,Approaching,Driver,70 to 74,Major,0,South,"Automobile, Station Wagon",Going Ahead,Lost control,Medical or Physical Disability, , , , , , ,0,0,1,0,0,0,0,1,0,0,0,0,1,0
5001842724,2015,10,26,17,50,0,43.78131445,-79.32584772,Don Valley East (33),33,L'Amoreaux (117),117,D42,Scarborough,VICTORIA PARK AVE,HUNTINGWOOD DR,100 m North of,Major Arterial,Mid-Block,Non Intersection,No Control,Clear,"Dark, artificial",Dry,Non-Fatal Injury,Approaching,Driver,30 to 34,Minor,0,North,"Automobile, Station Wagon",Going Ahead,Driving Properly,Normal, , , , , , ,0,0,1,0,0,0,0,1,0,0,0,0,1,0
5001842724,2015,10,26,17,50,0,43.78131445,-79.32584772,Don Valley East (33),33,L'Amoreaux (117),117,D42,Scarborough,VICTORIA PARK AVE,HUNTINGWOOD DR,100 m North of,Major Arterial,Mid-Block,Non Intersection,No Control,Clear,"Dark, artificial",Dry,Non-Fatal Injury,Approaching,Passenger,30 to 34,Minor,0, , , , , , , , , , , ,0,0,1,0,0,0,0,1,0,0,0,0,1,0
6000051992,2016,1,9,17,50,5,43.66497381,-79.42691431,Trinity-Spadina (19),19,Dovercourt-Wallace Emerson-Junction (93),93,D14,Toronto East York,OSSINGTON AVE,PENDRITH ST,130 m South of,Minor Arterial,Mid-Block,Non Intersection,No Control,Clear,"Dark, artificial",Wet,Non-Fatal Injury,Other,Driver,30 to 34,None,0,South,Municipal Transit Bus (TTC),Going Ahead,Driving Properly,Normal, , , , , , ,0,0,0,0,0,1,0,1,0,0,0,0,0,0
6000051992,2016,1,9,17,50,5,43.66497381,-79.42691431,Trinity-Spadina (19),19,Dovercourt-Wallace Emerson-Junction (93),93,D14,Toronto East York,OSSINGTON AVE,PENDRITH ST,130 m South of,Minor Arterial,Mid-Block,Non Intersection,No Control,Clear,"Dark, artificial",Wet,Non-Fatal Injury,Other,Passenger,80 to 84,Major,0, , , , , , , , , , , ,0,0,0,0,0,1,0,1,0,0,0,0,0,0
6001786629,2016,10,7,17,50,4,43.79109152,-79.27985009999999,Scarborough-Rouge River (41),41,Agincourt South-Malvern West (128),128,D42,Scarborough,MONTGOMERY AV,MIDLAND AV,70 m East of,Local,Mid-Block,Non Intersection,No Control,Clear,Daylight,Dry,Non-Fatal Injury,Pedestrian Collisions,Driver,60 to 64,None,0,West,"Automobile, Station Wagon",Going Ahead,Improper Passing,Inattentive, , , , , , ,1,0,1,0,0,0,0,0,0,1,0,0,0,0
6001786629,2016,10,7,17,50,4,43.79109152,-79.27985009999999,Scarborough-Rouge River (41),41,Agincourt South-Malvern West (128),128,D42,Scarborough,MONTGOMERY AV,MIDLAND AV,70 m East of,Local,Mid-Block,Non Intersection,No Control,Clear,Daylight,Dry,Non-Fatal Injury,Pedestrian Collisions,Pedestrian,75 to 79,Major,0,West, , , , ,Pedestrian hit at mid-block,Walking on Roadway with Traffic,Normal, , , ,1,0,1,0,0,0,0,0,0,1,0,0,0,0
7000957172,2017,5,30,17,50,1,43.64937933,-79.37142573,Toronto Centre-Rosedale (28),28,Waterfront Communities-The Island (77),77,D51,Toronto East York,FRONT ST E,LOWER JARVIS ST,20 m East of,Minor Arterial,Intersection,At Intersection,Traffic Signal,Rain,Daylight,Wet,Non-Fatal Injury,SMV Other,Motorcycle Driver,30 to 34,Major,0,West,Motorcycle,Slowing or Stopping,Speed too Fast For Condition,Inattentive, , , , , , ,0,0,0,1,0,0,0,0,1,1,0,0,0,0
950150,2007,1,16,17,51,1,43.67954538,-79.46539029,Davenport (17),17,Weston-Pellam Park (91),91,D12,Etobicoke York,648 OLD WESTON RD, , ,Minor Arterial,Mid-Block, ,No Control,Clear,Dark,Wet,Non-Fatal Injury,Pedestrian Collisions,Driver,60 to 64,None,0,South,"Automobile, Station Wagon",Going Ahead,Driving Properly,Normal, , , , , , ,1,0,1,0,0,0,0,0,0,0,0,0,0,0
950150,2007,1,16,17,51,1,43.67954538,-79.46539029,Davenport (17),17,Weston-Pellam Park (91),91,D12,Etobicoke York,648 OLD WESTON RD, , ,Minor Arterial,Mid-Block, ,No Control,Clear,Dark,Wet,Non-Fatal Injury,Pedestrian Collisions,Pedestrian,35 to 39,Major,0,East,Other, , , ,Pedestrian hit at mid-block,"Crossing, no Traffic Control",Had Been Drinking, , , ,1,0,1,0,0,0,0,0,0,0,0,0,0,0
5001640604,2015,9,22,17,51,1,43.65533026,-79.36574946,Toronto Centre-Rosedale (28),28,Moss Park (73),73,D51,Toronto East York,QUEEN ST E,BERKELEY ST,2 m West of,Major Arterial,Intersection,Intersection Related,No Control,Clear,Daylight,Dry,Fatal,Pedestrian Collisions,Driver,30 to 34,None,0,West,"Automobile, Station Wagon",Going Ahead,Driving Properly,Normal, , , , , , ,1,0,1,0,0,0,0,0,0,0,0,0,0,1
5001640604,2015,9,22,17,51,1,43.65533026,-79.36574946,Toronto Centre-Rosedale (28),28,Moss Park (73),73,D51,Toronto East York,QUEEN ST E,BERKELEY ST,2 m West of,Major Arterial,Intersection,Intersection Related,No Control,Clear,Daylight,Dry,Fatal,Pedestrian Collisions,Pedestrian,90 to 94,Fatal,52,South, , , , ,Vehicle is going straight thru inter.while ped cross without ROW,Crossing without right of way,Normal, , , ,1,0,1,0,0,0,0,0,0,0,0,0,0,1
1183999,2010,8,18,17,52,2,43.79694538,-79.27269029,Scarborough-Rouge River (41),41,Agincourt North (129),129,D42,Scarborough,2301 BRIMLEY RD, , ,Major Arterial,Mid-Block, ,No Control,Clear,Daylight,Dry,Non-Fatal Injury,Pedestrian Collisions,Driver,70 to 74,None,0,West,"Automobile, Station Wagon",Turning Left,Failed to Yield Right of Way,Inattentive, , , , , , ,1,0,1,0,0,0,0,0,0,1,0,0,0,0
1183999,2010,8,18,17,52,2,43.79694538,-79.27269029,Scarborough-Rouge River (41),41,Agincourt North (129),129,D42,Scarborough,2301 BRIMLEY RD, , ,Major Arterial,Mid-Block, ,No Control,Clear,Daylight,Dry,Non-Fatal Injury,Pedestrian Collisions,Pedestrian,70 to 74,Major,0,West,Other, , , ,Pedestrian hit at mid-block,"Crossing, no Traffic Control",Unknown, , , ,1,0,1,0,0,0,0,0,0,1,0,0,0,0
1183999,2010,8,18,17,52,2,43.79694538,-79.27269029,Scarborough-Rouge River (41),41,Agincourt North (129),129,D42,Scarborough,2301 BRIMLEY RD, , ,Major Arterial,Mid-Block, ,No Control,Clear,Daylight,Dry,Non-Fatal Injury,Pedestrian Collisions,Pedestrian,70 to 74,Minor,0,West,Other, , , ,Pedestrian hit at mid-block,"Crossing, no Traffic Control",Unknown, , , ,1,0,1,0,0,0,0,0,0,1,0,0,0,0
1289088,2012,4,15,17,52,6,43.77664538,-79.31719029,Scarborough-Agincourt (40),40,Tam O'Shanter-Sullivan (118),118,D42,Scarborough,SHEPPARD AVE E,PHARMACY AVE, ,Major Arterial,Mid-Block, ,No Control,Clear,Daylight,Dry,Non-Fatal Injury,Rear End,Vehicle Owner,unknown, ,0, ,Other, , , , , , , , , ,0,0,1,1,0,0,0,0,0,1,0,0,0,0
1289088,2012,4,15,17,52,6,43.77664538,-79.31719029,Scarborough-Agincourt (40),40,Tam O'Shanter-Sullivan (118),118,D42,Scarborough,SHEPPARD AVE E,PHARMACY AVE, ,Major Arterial,Mid-Block, ,No Control,Clear,Daylight,Dry,Non-Fatal Injury,Rear End,Motorcycle Driver,15 to 19,Major,0,East,Motorcycle,Changing Lanes,Improper Passing,Inattentive, , , , , , ,0,0,1,1,0,0,0,0,0,1,0,0,0,0
1289088,2012,4,15,17,52,6,43.77664538,-79.31719029,Scarborough-Agincourt (40),40,Tam O'Shanter-Sullivan (118),118,D42,Scarborough,SHEPPARD AVE E,PHARMACY AVE, ,Major Arterial,Mid-Block, ,No Control,Clear,Daylight,Dry,Non-Fatal Injury,Rear End,Driver,35 to 39,None,0,East,"Automobile, Station Wagon",Going Ahead,Driving Properly,Normal, , , , , , ,0,0,1,1,0,0,0,0,0,1,0,0,0,0
1306296,2012,6,13,17,52,2,43.66614538,-79.35289029,Toronto-Danforth (30),30,North Riverdale (68),68,D55,Toronto East York,DON JAIL Road,BROADVIEW Aven, ,Minor Arterial,Intersection,At Intersection,No Control,Clear,Daylight,Dry,Non-Fatal Injury,Cyclist Collisions,Driver,60 to 64,None,0,West,"Automobile, Station Wagon",Going Ahead,Failed to Yield Right of Way,Inattentive, , , , , , ,0,1,1,0,0,0,0,0,0,1,0,0,0,0
1306296,2012,6,13,17,52,2,43.66614538,-79.35289029,Toronto-Danforth (30),30,North Riverdale (68),68,D55,Toronto East York,DON JAIL Road,BROADVIEW Aven, ,Minor Arterial,Intersection,At Intersection,No Control,Clear,Daylight,Dry,Non-Fatal Injury,Cyclist Collisions,Cyclist,40 to 44,Major,0,South,Bicycle,Going Ahead, , , , , ,"Motorist without ROW drives into path of cyclist at inter, lnwy, dwy-Driver not turn.",Driving Properly,Normal,0,1,1,0,0,0,0,0,0,1,0,0,0,0
6000179020,2016,1,30,17,53,5,43.66470679,-79.43742762,Davenport (18),18,Dovercourt-Wallace Emerson-Junction (93),93,D14,Toronto East York,DUFFERIN ST,ARMSTRONG AVE, ,Major Arterial,Intersection, ,No Control,Clear,"Dark, artificial",Dry,Fatal,Pedestrian Collisions,Driver,35 to 39,None,0,North,"Automobile, Station Wagon",Going Ahead,Driving Properly,Normal, , , , , , ,1,0,1,0,0,0,0,0,0,0,0,0,0,1
6000304875,2016,2,20,17,17,5,43.75535544,-79.22108851,Scarborough East (43),43,Woburn (137),137,D43,Scarborough,CONFEDERATION DR,STEVENWOOD RD, ,Collector,Intersection,At Intersection,No Control,Clear,Daylight,Dry,Non-Fatal Injury,Cyclist Collisions,Cyclist,35 to 39,Major,0,East,Bicycle,Going Ahead, , , , , ,Motorist turned left across cyclists path.,Driving Properly,Normal,0,1,1,0,0,0,0,0,0,0,0,0,0,0
6000480825,2016,3,20,16,54,6,43.62995871,-79.42554865,Trinity-Spadina (19),19,Niagara (82),82,D14,Scarborough,LAKE SHORE BLVD W,BRITISH COLUMBIA RD,11 m South of Light Post 300,Major Arterial,Mid-Block,Non Intersection,No Control,Clear,Daylight,Dry,Non-Fatal Injury,Approaching,Driver,60 to 64,Minor,0,East,"Automobile, Station Wagon",Going Ahead,Driving Properly,Normal, , , , , , ,0,0,1,0,0,0,0,1,0,0,0,0,0,0
5001665605,2015,9,26,17,18,5,43.69184836,-79.28551111,Scarborough Southwest (35),35,Oakridge (121),121,D41,Scarborough,DANFORTH AVE,ST DUNSTAN DR, ,Major Arterial,Intersection,Intersection Related,No Control,Clear,Daylight,Dry,Non-Fatal Injury,Turning Movement,Driver,50 to 54,Minimal,0,East,"Automobile, Station Wagon",Turning Left,Improper Turn,Inattentive, , , , , , ,0,0,1,1,0,0,0,1,1,1,0,0,0,0
1176502,2010,7,8,17,25,3,43.73594626,-79.25139246,Scarborough Southwest (35),35,Kennedy Park (124),124,D41,Scarborough,EGLINTON AVE E,BIMBROK RD, ,Major Arterial,Mid-Block,At Intersection,No Control,Clear,Daylight,Dry,Non-Fatal Injury,Pedestrian Collisions,Pedestrian,55 to 59,Major,0,North,Other,Unknown, , ,Pedestrian involved in a collision with transit vehicle anywhere along roadway,Crossing without right of way,Had Been Drinking, , , ,1,0,0,0,0,1,0,0,0,0,0,0,0,0
1146015,2009,12,9,17,54,2,43.71794538,-79.55859029,Etobicoke North (2),2,Rexdale-Kipling (4),4,D23,Etobicoke York,LEDUC DR,TORBOLTON DR, ,Local,Intersection,At Intersection,No Control,Clear,Dark,Wet,Non-Fatal Injury,Pedestrian Collisions,Pedestrian,25 to 29,Major,0,East,Other, , , ,Other / Undefined,Walking on Roadway with Traffic,Normal, , , ,1,0,1,0,0,0,0,0,0,0,0,0,0,0
1213957,2010,12,13,17,25,0,43.61114538,-79.48999029,Etobicoke-Lakeshore (6),6,Mimico (includes Humber Bay Shores) (17),17,D22,Etobicoke York,LAKE SHORE BLVD W,HILLSIDE AVE, ,Major Arterial,Intersection,At Intersection,Traffic Signal,Clear,Dark,Dry,Non-Fatal Injury,Pedestrian Collisions,Driver,65 to 69,Major,0,West,"Automobile, Station Wagon",Going Ahead,Driving Properly,Unknown, , , , , , ,1,0,1,0,0,0,0,0,0,0,0,0,0,0
5001665605,2015,9,26,17,18,5,43.69184836,-79.28551111,Scarborough Southwest (35),35,Oakridge (121),121,D41,Scarborough,DANFORTH AVE,ST DUNSTAN DR, ,Major Arterial,Intersection,Intersection Related,No Control,Clear,Daylight,Dry,Non-Fatal Injury,Turning Movement,Motorcycle Driver,30 to 34,Major,0,West,Motorcycle,Changing Lanes,Improper Lane Change,Inattentive, , , , , , ,0,0,1,1,0,0,0,1,1,1,0,0,0,0
1273068,2011,11,4,17,0,4,43.66064538,-79.43169029,Davenport (18),18,Dufferin Grove (83),83,D14,Toronto East York,BLOOR Stre W,SALEM Aven, ,Major Arterial,Intersection,At Intersection,No Control,Clear,Daylight,Dry,Non-Fatal Injury,Cyclist Collisions,Driver,30 to 34,None,0,East,"Automobile, Station Wagon",Turning Left,Failed to Yield Right of Way,Normal, , , , , , ,0,1,1,0,0,0,0,0,0,1,0,0,0,0
6000480825,2016,3,20,16,54,6,43.62995871,-79.42554865,Trinity-Spadina (19),19,Niagara (82),82,D14,Scarborough,LAKE SHORE BLVD W,BRITISH COLUMBIA RD,11 m South of Light Post 300,Major Arterial,Mid-Block,Non Intersection,No Control,Clear,Daylight,Dry,Non-Fatal Injury,Approaching,Passenger,50 to 54,Minor,0, , , , , , , , , , , ,0,0,1,0,0,0,0,1,0,0,0,0,0,0
1083673,2008,12,22,17,10,0,43.65084538,-79.39719029,Trinity-Spadina (20),20,Kensington-Chinatown (78),78,D52,Toronto East York,SPADINA AVE,SULLIVAN ST, ,Major Arterial,Intersection,At Intersection,Traffic Signal,Snow,Dark,Loose Snow,Non-Fatal Injury,Pedestrian Collisions,Pedestrian,45 to 49,Major,0,West,Other, , , ,Pedestrian involved in a collision with transit vehicle anywhere along roadway,Crossing without right of way,Inattentive, , , ,1,0,0,0,0,1,0,0,0,0,0,0,0,0
5002212262,2015,12,26,17,54,5,43.66992911,-79.43153773,Trinity-Spadina (19),19,Dovercourt-Wallace Emerson-Junction (93),93,D14,Toronto East York,DUPONT ST,DELAWARE AVE,16 m East of,Major Arterial,Intersection,Non Intersection,No Control,Clear,"Dusk, artificial",Dry,Non-Fatal Injury,Pedestrian Collisions,Driver,60 to 64,None,0,East,Passenger Van,Going Ahead,Driving Properly,Normal, , , , , , ,1,0,1,0,0,0,0,0,0,0,0,0,0,0
5001665605,2015,9,26,17,18,5,43.69184836,-79.28551111,Scarborough Southwest (35),35,Oakridge (121),121,D41,Scarborough,DANFORTH AVE,ST DUNSTAN DR, ,Major Arterial,Intersection,Intersection Related,No Control,Clear,Daylight,Dry,Non-Fatal Injury,Turning Movement,Passenger,50 to 54,Minor,0, , , , , , , , , , , ,0,0,1,1,0,0,0,1,1,1,0,0,0,0
1204296,2010,11,26,17,19,4,43.68294538,-79.42839029,St. Paul's (21),21,Humewood-Cedarvale (106),106,D13,Toronto East York,HUMEWOOD GDNS,RUSHTON RD, ,Local,Intersection,At Intersection,Stop Sign,Clear,Dark,Dry,Fatal,Pedestrian Collisions,Driver,70 to 74,None,0,West,"Automobile, Station Wagon",Going Ahead,Failed to Yield Right of Way,Normal, , , , , , ,1,0,1,0,0,0,0,0,0,1,0,0,0,1
1204296,2010,11,26,17,19,4,43.68294538,-79.42839029,St. Paul's (21),21,Humewood-Cedarvale (106),106,D13,Toronto East York,HUMEWOOD GDNS,RUSHTON RD, ,Local,Intersection,At Intersection,Stop Sign,Clear,Dark,Dry,Fatal,Pedestrian Collisions,Pedestrian,75 to 79,Fatal,38,North,Other, , , ,Vehicle is going straight thru inter.while ped cross with ROW,Crossing with right of way,Normal, , , ,1,0,1,0,0,0,0,0,0,1,0,0,0,1
4002788366,2014,8,27,17,19,2,43.791164,-79.4183465,Willowdale (24),24,Newtonbrook East (50),50,D32,North York,YONGE ST,HOMEWOOD AVE, ,Major Arterial,Intersection,Non Intersection,No Control,Clear,Daylight,Dry,Non-Fatal Injury,Rear End,Driver,20 to 24,None,0,South,"Automobile, Station Wagon",Going Ahead,Following too Close,Normal, , , , , , ,0,0,1,0,0,0,0,0,1,1,0,0,0,0
4002788366,2014,8,27,17,19,2,43.791164,-79.4183465,Willowdale (24),24,Newtonbrook East (50),50,D32,North York,YONGE ST,HOMEWOOD AVE, ,Major Arterial,Intersection,Non Intersection,No Control,Clear,Daylight,Dry,Non-Fatal Injury,Rear End,Driver,35 to 39,Major,0,South, ,Slowing or Stopping,Driving Properly,Normal, , , , , , ,0,0,1,0,0,0,0,0,1,1,0,0,0,0
4002788366,2014,8,27,17,19,2,43.791164,-79.4183465,Willowdale (24),24,Newtonbrook East (50),50,D32,North York,YONGE ST,HOMEWOOD AVE, ,Major Arterial,Intersection,Non Intersection,No Control,Clear,Daylight,Dry,Non-Fatal Injury,Rear End,Driver,45 to 49,Minimal,0,South,"Automobile, Station Wagon",Going Ahead,Driving Properly,Unknown, , , , , , ,0,0,1,0,0,0,0,0,1,1,0,0,0,0
7001053469,2017,6,13,17,19,1,43.77503546,-79.34700403,Don Valley East (33),33,Henry Farm (53),53,D33,North York,SHEPPARD AVE E,DON MILLS RD,1 m West of,Major Arterial,Intersection,At Intersection,Traffic Controller,Clear,Daylight,Dry,Non-Fatal Injury,Rear End,Driver,70 to 74,Major,0,East,"Automobile, Station Wagon",Going Ahead,Other,Medical or Physical Disability, , , , , , ,0,0,1,0,0,0,0,1,0,0,0,0,1,0
7001053469,2017,6,13,17,19,1,43.77503546,-79.34700403,Don Valley East (33),33,Henry Farm (53),53,D33,North York,SHEPPARD AVE E,DON MILLS RD,1 m West of,Major Arterial,Intersection,At Intersection,Traffic Controller,Clear,Daylight,Dry,Non-Fatal Injury,Rear End,Driver,25 to 29,None,0,East,"Automobile, Station Wagon",Stopped,Driving Properly,Normal, , , , , , ,0,0,1,0,0,0,0,1,0,0,0,0,1,0
7001053469,2017,6,13,17,19,1,43.77503546,-79.34700403,Don Valley East (33),33,Henry Farm (53),53,D33,North York,SHEPPARD AVE E,DON MILLS RD,1 m West of,Major Arterial,Intersection,At Intersection,Traffic Controller,Clear,Daylight,Dry,Non-Fatal Injury,Rear End,Driver,25 to 29,None,0,East,"Automobile, Station Wagon",Stopped,Driving Properly,Normal, , , , , , ,0,0,1,0,0,0,0,1,0,0,0,0,1,0
7001053469,2017,6,13,17,19,1,43.77503546,-79.34700403,Don Valley East (33),33,Henry Farm (53),53,D33,North York,SHEPPARD AVE E,DON MILLS RD,1 m West of,Major Arterial,Intersection,At Intersection,Traffic Controller,Clear,Daylight,Dry,Non-Fatal Injury,Rear End,Passenger,25 to 29,None,0, , , , , , , , , , , ,0,0,1,0,0,0,0,1,0,0,0,0,1,0
1030609,2008,3,10,17,20,0,43.64054538,-79.37849029,Toronto Centre-Rosedale (28),28,Waterfront Communities-The Island (77),77,D52,Toronto East York,55 QUEENS QUAY W, , ,Minor Arterial,Mid-Block, ,No Control,Clear,Daylight,Dry,Non-Fatal Injury,Turning Movement,Driver,50 to 54,Major,0,West,"Automobile, Station Wagon",Turning Left,Improper Turn,Inattentive, , , , , , ,0,0,1,0,0,1,0,0,0,0,0,0,0,0
1030609,2008,3,10,17,20,0,43.64054538,-79.37849029,Toronto Centre-Rosedale (28),28,Waterfront Communities-The Island (77),77,D52,Toronto East York,55 QUEENS QUAY W, , ,Minor Arterial,Mid-Block, ,No Control,Clear,Daylight,Dry,Non-Fatal Injury,Turning Movement,Vehicle Owner,unknown, ,0, ,Other, , , , , , , , , ,0,0,1,0,0,1,0,0,0,0,0,0,0,0
1030609,2008,3,10,17,20,0,43.64054538,-79.37849029,Toronto Centre-Rosedale (28),28,Waterfront Communities-The Island (77),77,D52,Toronto East York,55 QUEENS QUAY W, , ,Minor Arterial,Mid-Block, ,No Control,Clear,Daylight,Dry,Non-Fatal Injury,Turning Movement,Driver,60 to 64,None,0,West,Municipal Transit Bus (TTC),Going Ahead,Driving Properly,Normal, , , , , , ,0,0,1,0,0,1,0,0,0,0,0,0,0,0