ACCNUM,YEAR,MONTH,DAY,HOUR,MINUTES,WEEKDAY,LATITUDE,LONGITUDE,Ward_Name,Ward_ID,Hood_Name,Hood_ID,Division,District,STREET1,STREET2,OFFSET,ROAD_CLASS,LOCCOORD,ACCLOC,TRAFFCTL,VISIBILITY,LIGHT,RDSFCOND,ACCLASS,IMPACTYPE,INVTYPE,INVAGE,INJURY,FATAL_NO,INITDIR,VEHTYPE,MANOEUVER,DRIVACT,DRIVCOND,PEDTYPE,PEDACT,PEDCOND,CYCLISTYPE,CYCACT,CYCCOND,PEDESTRIAN,CYCLIST,AUTOMOBILE,MOTORCYCLE,TRUCK,TRSN_CITY_VEH,EMERG_VEH,PASSENGER,SPEEDING,AG_DRIV,REDLIGHT,ALCOHOL,DISABILITY,FATAL
957966,2007,3,9,17,24,4,43.69324538,-79.35029029,Toronto-Danforth (29),29,Old East York (58),58,D54,Toronto East York,O CONNOR DR,PAPE AVE, ,Major Arterial,Intersection,At Intersection,Traffic Signal,Clear,Dusk,Dry,Fatal,Pedestrian Collisions,Pedestrian,70 to 74,Fatal,0,West,Other, , , ,Pedestrian involved in a collision with transit vehicle anywhere along roadway,Crossing with right of way,Normal, , , ,1,0,1,0,0,0,0,0,0,1,0,0,0,1
1146990,2009,12,14,17,24,0,43.78044538,-79.41229029,Willowdale (23),23,Willowdale East (51),51,D32,North York,KENNETH Aven,FINCH Aven E, ,Major Arterial,Intersection,At Intersection,Traffic Signal,Rain,Daylight,Wet,Non-Fatal Injury,Pedestrian Collisions,Driver,30 to 34,None,0,North,"Automobile, Station Wagon",Turning Right,Failed to Yield Right of Way,Normal, , , , , , ,1,0,1,0,0,0,0,0,0,1,0,0,0,0
1146990,2009,12,14,17,24,0,43.78044538,-79.41229029,Willowdale (23),23,Willowdale East (51),51,D32,North York,KENNETH Aven,FINCH Aven E, ,Major Arterial,Intersection,At Intersection,Traffic Signal,Rain,Daylight,Wet,Non-Fatal Injury,Pedestrian Collisions,Pedestrian,50 to 54,Major,0,East,Other, , , ,Vehicle turns right while ped crosses with ROW at inter.,Crossing with right of way,Normal, , , ,1,0,1,0,0,0,0,0,0,1,0,0,0,0
1278799,2011,12,10,17,24,5,43.64744538,-79.37579029,Toronto Centre-Rosedale (28),28,Waterfront Communities-The Island (77),77,D51,Toronto East York,FRONT St E,SCOTT St, ,Minor Arterial,Intersection, ,No Control,Clear,"Dark, artificial",Dry,Non-Fatal Injury,SMV Other,Motorcycle Driver,35 to 39,Major,0,East,Motorcycle,Pulling Away from Shoulder or Curb,Lost control,Normal, , , , , , ,0,0,0,1,0,0,0,0,0,0,0,0,0,0
5000643015,2015,4,18,17,24,5,43.77691611,-79.4131814,Willowdale (23),23,Willowdale East (51),51,D32,North York,BYNG AVE,DORIS AVE, ,Local,Intersection,Non Intersection,Traffic Signal,Clear,Daylight,Dry,Non-Fatal Injury,Turning Movement,Driver,55 to 59,Major,0,South,"Automobile, Station Wagon",Turning Left,Failed to Yield Right of Way,Normal, , , , , , ,0,0,1,1,0,0,0,1,1,1,0,0,0,0
5000643015,2015,4,18,17,24,5,43.77691611,-79.4131814,Willowdale (23),23,Willowdale East (51),51,D32,North York,BYNG AVE,DORIS AVE, ,Local,Intersection,Non Intersection,Traffic Signal,Clear,Daylight,Dry,Non-Fatal Injury,Turning Movement,Motorcycle Driver,20 to 24,None,0,North,Motorcycle,Going Ahead,Exceeding Speed Limit,Normal, , , , , , ,0,0,1,1,0,0,0,1,1,1,0,0,0,0
5000643015,2015,4,18,17,24,5,43.77691611,-79.4131814,Willowdale (23),23,Willowdale East (51),51,D32,North York,BYNG AVE,DORIS AVE, ,Local,Intersection,Non Intersection,Traffic Signal,Clear,Daylight,Dry,Non-Fatal Injury,Turning Movement,Passenger,70 to 74,Minor,0, , , , , , , , , , , ,0,0,1,1,0,0,0,1,1,1,0,0,0,0
5001012309,2015,6,16,17,24,1,43.75229223,-79.59928522,Etobicoke North (1),1,Mount Olive-Silverstone-Jamestown (2),2,D23,Etobicoke York,MARTIN GROVE RD,ROYALCREST RD,11 m South of,Minor Arterial,Intersection,Intersection Related,No Control,Clear,Daylight,Dry,Non-Fatal Injury,Pedestrian Collisions,Driver,20 to 24,None,0,South,"Automobile, Station Wagon",Slowing or Stopping,Driving Properly,Normal, , , , , , ,1,0,1,0,0,0,0,1,0,0,0,0,0,0
5001012309,2015,6,16,17,24,1,43.75229223,-79.59928522,Etobicoke North (1),1,Mount Olive-Silverstone-Jamestown (2),2,D23,Etobicoke York,MARTIN GROVE RD,ROYALCREST RD,11 m South of,Minor Arterial,Intersection,Intersection Related,No Control,Clear,Daylight,Dry,Non-Fatal Injury,Pedestrian Collisions,Passenger,20 to 24,None,0, , , , , , , , , , , ,1,0,1,0,0,0,0,1,0,0,0,0,0,0
5001012309,2015,6,16,17,24,1,43.75229223,-79.59928522,Etobicoke North (1),1,Mount Olive-Silverstone-Jamestown (2),2,D23,Etobicoke York,MARTIN GROVE RD,ROYALCREST RD,11 m South of,Minor Arterial,Intersection,Intersection Related,No Control,Clear,Daylight,Dry,Non-Fatal Injury,Pedestrian Collisions,Pedestrian,30 to 34,Major,0,Unknown, , , , ,Pedestrian hit at mid-block,"Crossing, no Traffic Control",Inattentive, , , ,1,0,1,0,0,0,0,1,0,0,0,0,0,0
1071740,2008,11,1,17,25,5,43.72134538,-79.56779029,Etobicoke North (2),2,Rexdale-Kipling (4),4,D23,Etobicoke York,167 CLEARBROOKE CRCL, , ,Local,Mid-Block, ,No Control,Clear,Daylight,Dry,Non-Fatal Injury,SMV Unattended Vehicle,Other,unknown,None,0,West,Other,Parked, , , , , , , , ,0,0,1,0,0,0,0,1,0,0,0,0,0,0
1071740,2008,11,1,17,25,5,43.72134538,-79.56779029,Etobicoke North (2),2,Rexdale-Kipling (4),4,D23,Etobicoke York,167 CLEARBROOKE CRCL, , ,Local,Mid-Block, ,No Control,Clear,Daylight,Dry,Non-Fatal Injury,SMV Unattended Vehicle,Passenger,60 to 64,Minor,0, ,Other, , , , , , , , , ,0,0,1,0,0,0,0,1,0,0,0,0,0,0
1071740,2008,11,1,17,25,5,43.72134538,-79.56779029,Etobicoke North (2),2,Rexdale-Kipling (4),4,D23,Etobicoke York,167 CLEARBROOKE CRCL, , ,Local,Mid-Block, ,No Control,Clear,Daylight,Dry,Non-Fatal Injury,SMV Unattended Vehicle,Passenger,15 to 19,Major,0, ,Other, , , , , , , , , ,0,0,1,0,0,0,0,1,0,0,0,0,0,0
1071740,2008,11,1,17,25,5,43.72134538,-79.56779029,Etobicoke North (2),2,Rexdale-Kipling (4),4,D23,Etobicoke York,167 CLEARBROOKE CRCL, , ,Local,Mid-Block, ,No Control,Clear,Daylight,Dry,Non-Fatal Injury,SMV Unattended Vehicle,Vehicle Owner,unknown, ,0, ,Other, , , , , , , , , ,0,0,1,0,0,0,0,1,0,0,0,0,0,0
1071740,2008,11,1,17,25,5,43.72134538,-79.56779029,Etobicoke North (2),2,Rexdale-Kipling (4),4,D23,Etobicoke York,167 CLEARBROOKE CRCL, , ,Local,Mid-Block, ,No Control,Clear,Daylight,Dry,Non-Fatal Injury,SMV Unattended Vehicle,Driver,50 to 54,Minor,0,West,"Automobile, Station Wagon",Going Ahead,Driving Properly,Inattentive, , , , , , ,0,0,1,0,0,0,0,1,0,0,0,0,0,0
1071740,2008,11,1,17,25,5,43.72134538,-79.56779029,Etobicoke North (2),2,Rexdale-Kipling (4),4,D23,Etobicoke York,167 CLEARBROOKE CRCL, , ,Local,Mid-Block, ,No Control,Clear,Daylight,Dry,Non-Fatal Injury,SMV Unattended Vehicle,Other,unknown,None,0,West,Other,Parked, , , , , , , , ,0,0,1,0,0,0,0,1,0,0,0,0,0,0
1071740,2008,11,1,17,25,5,43.72134538,-79.56779029,Etobicoke North (2),2,Rexdale-Kipling (4),4,D23,Etobicoke York,167 CLEARBROOKE CRCL, , ,Local,Mid-Block, ,No Control,Clear,Daylight,Dry,Non-Fatal Injury,SMV Unattended Vehicle,Passenger,30 to 34,Minor,0, ,Other, , , , , , , , , ,0,0,1,0,0,0,0,1,0,0,0,0,0,0
1094001,2009,2,13,17,25,4,43.76234538,-79.41119029,Willowdale (23),23,Lansing-Westgate (38),38,D32,North York,YONGE ST,HARLANDALE AVE W, ,Major Arterial,Intersection, ,No Control,Clear,Daylight,Dry,Non-Fatal Injury,Pedestrian Collisions,Driver,30 to 34,None,0,North,"Automobile, Station Wagon",Going Ahead,Driving Properly,Normal, , , , , , ,1,0,1,0,0,0,0,0,0,0,0,0,0,0
1094001,2009,2,13,17,25,4,43.76234538,-79.41119029,Willowdale (23),23,Lansing-Westgate (38),38,D32,North York,YONGE ST,HARLANDALE AVE W, ,Major Arterial,Intersection, ,No Control,Clear,Daylight,Dry,Non-Fatal Injury,Pedestrian Collisions,Pedestrian,25 to 29,Major,0,East,Other, , , ,Vehicle is going straight thru inter.while ped cross without ROW,Running onto Roadway,Normal, , , ,1,0,1,0,0,0,0,0,0,0,0,0,0,0
6000480825,2016,3,20,16,54,6,43.62995871,-79.42554865,Trinity-Spadina (19),19,Niagara (82),82,D14,Scarborough,LAKE SHORE BLVD W,BRITISH COLUMBIA RD,11 m South of Light Post 300,Major Arterial,Mid-Block,Non Intersection,No Control,Clear,Daylight,Dry,Non-Fatal Injury,Approaching,Passenger,30 to 34,Minor,0, , , , , , , , , , , ,0,0,1,0,0,0,0,1,0,0,0,0,0,0
6000480825,2016,3,20,16,54,6,43.62995871,-79.42554865,Trinity-Spadina (19),19,Niagara (82),82,D14,Scarborough,LAKE SHORE BLVD W,BRITISH COLUMBIA RD,11 m South of Light Post 300,Major Arterial,Mid-Block,Non Intersection,No Control,Clear,Daylight,Dry,Non-Fatal Injury,Approaching,Passenger,25 to 29,Minor,0, , , , , , , , , , , ,0,0,1,0,0,0,0,1,0,0,0,0,0,0
6000480825,2016,3,20,16,54,6,43.62995871,-79.42554865,Trinity-Spadina (19),19,Niagara (82),82,D14,Scarborough,LAKE SHORE BLVD W,BRITISH COLUMBIA RD,11 m South of Light Post 300,Major Arterial,Mid-Block,Non Intersection,No Control,Clear,Daylight,Dry,Non-Fatal Injury,Approaching,Passenger,15 to 19,Minor,0, , , , , , , , , , , ,0,0,1,0,0,0,0,1,0,0,0,0,0,0
991215,2007,8,20,16,55,0,43.77534538,-79.25299029,Scarborough Centre (38),38,Bendale (127),127,D43,Scarborough,TRITON RD,BOROUGH DR, ,Local,Mid-Block, ,No Control,Clear,Daylight,Dry,Non-Fatal Injury,Pedestrian Collisions,Vehicle Owner,unknown, ,0, ,Other, , , , , , , , , ,1,0,0,0,0,1,0,0,0,0,0,0,0,0
1273068,2011,11,4,17,0,4,43.66064538,-79.43169029,Davenport (18),18,Dufferin Grove (83),83,D14,Toronto East York,BLOOR Stre W,SALEM Aven, ,Major Arterial,Intersection,At Intersection,No Control,Clear,Daylight,Dry,Non-Fatal Injury,Cyclist Collisions,Cyclist,50 to 54,Major,0,West,Bicycle,Going Ahead, , , , , ,Motorist turned left across cyclists path.,Driving Properly,Unknown,0,1,1,0,0,0,0,0,0,1,0,0,0,0
991215,2007,8,20,16,55,0,43.77534538,-79.25299029,Scarborough Centre (38),38,Bendale (127),127,D43,Scarborough,TRITON RD,BOROUGH DR, ,Local,Mid-Block, ,No Control,Clear,Daylight,Dry,Non-Fatal Injury,Pedestrian Collisions,Driver,50 to 54,None,0,West,Municipal Transit Bus (TTC),Going Ahead,Driving Properly,Normal, , , , , , ,1,0,0,0,0,1,0,0,0,0,0,0,0,0
991215,2007,8,20,16,55,0,43.77534538,-79.25299029,Scarborough Centre (38),38,Bendale (127),127,D43,Scarborough,TRITON RD,BOROUGH DR, ,Local,Mid-Block, ,No Control,Clear,Daylight,Dry,Non-Fatal Injury,Pedestrian Collisions,Pedestrian,10 to 14,Major,0,North,Other, , , ,Pedestrian involved in a collision with transit vehicle anywhere along roadway,Running onto Roadway,Normal, , , ,1,0,0,0,0,1,0,0,0,0,0,0,0,0
5002212262,2015,12,26,17,54,5,43.66992911,-79.43153773,Trinity-Spadina (19),19,Dovercourt-Wallace Emerson-Junction (93),93,D14,Toronto East York,DUPONT ST,DELAWARE AVE,16 m East of,Major Arterial,Intersection,Non Intersection,No Control,Clear,"Dusk, artificial",Dry,Non-Fatal Injury,Pedestrian Collisions,Pedestrian,50 to 54,Major,0,South, , , , ,Pedestrian hit at mid-block,"Crossing, no Traffic Control",Had Been Drinking, , , ,1,0,1,0,0,0,0,0,0,0,0,0,0,0
1295424,2012,3,31,17,0,5,43.77194538,-79.27569029,Scarborough Centre (37),37,Dorset Park (126),126,D41,Scarborough,97 PROGRESS Ave, , ,Minor Arterial,Mid-Block, ,No Control,Clear,Daylight,Dry,Non-Fatal Injury,Rear End,Motorcycle Driver,25 to 29,Major,0,East,Motorcycle,Slowing or Stopping,Lost control,Normal, , , , , , ,0,0,1,1,0,0,0,0,0,0,0,0,0,0
1133411,2009,10,3,17,10,5,43.80862768,-79.31116114,Scarborough-Agincourt (39),39,Steeles (116),116,D42,Scarborough,MCNICOLL Ave,BIRCHMOUNT Rd, ,Minor Arterial,Intersection,At Intersection,Traffic Signal,Clear,Daylight,Dry,Non-Fatal Injury,Turning Movement,Driver,40 to 44,None,0,West,"Automobile, Station Wagon",Stopped,Driving Properly,Normal, , , , , , ,0,0,1,0,0,0,0,0,0,0,0,0,0,0
1213957,2010,12,13,17,25,0,43.61114538,-79.48999029,Etobicoke-Lakeshore (6),6,Mimico (includes Humber Bay Shores) (17),17,D22,Etobicoke York,LAKE SHORE BLVD W,HILLSIDE AVE, ,Major Arterial,Intersection,At Intersection,Traffic Signal,Clear,Dark,Dry,Non-Fatal Injury,Pedestrian Collisions,Pedestrian,80 to 84,Minor,0,North,Other, , , ,Vehicle is going straight thru inter.while ped cross without ROW,Crossing without right of way,Had Been Drinking, , , ,1,0,1,0,0,0,0,0,0,0,0,0,0,0
1048465,2008,7,16,16,55,2,43.77694538,-79.41489029,Willowdale (23),23,Willowdale West (37),37,D32,North York,YONGE Stre,KEMPFORD Boul, ,Major Arterial,Intersection,At Intersection,Traffic Signal,Clear,Daylight,Dry,Non-Fatal Injury,Rear End,Driver,65 to 69,Major,0,North,"Automobile, Station Wagon",Going Ahead,Disobeyed Traffic Control,Medical or Physical Disability, , , , , , ,0,0,1,0,0,0,0,0,0,1,1,0,1,0
5002212262,2015,12,26,17,54,5,43.66992911,-79.43153773,Trinity-Spadina (19),19,Dovercourt-Wallace Emerson-Junction (93),93,D14,Toronto East York,DUPONT ST,DELAWARE AVE,16 m East of,Major Arterial,Intersection,Non Intersection,No Control,Clear,"Dusk, artificial",Dry,Non-Fatal Injury,Pedestrian Collisions,Pedestrian,40 to 44,Major,0,South, , , , ,Pedestrian hit at mid-block,"Crossing, no Traffic Control",Had Been Drinking, , , ,1,0,1,0,0,0,0,0,0,0,0,0,0,0
1295424,2012,3,31,17,0,5,43.77194538,-79.27569029,Scarborough Centre (37),37,Dorset Park (126),126,D41,Scarborough,97 PROGRESS Ave, , ,Minor Arterial,Mid-Block, ,No Control,Clear,Daylight,Dry,Non-Fatal Injury,Rear End,Driver,30 to 34,None,0,East,"Automobile, Station Wagon",Stopped,Driving Properly,Normal, , , , , , ,0,0,1,1,0,0,0,0,0,0,0,0,0,0
1279958,2012,2,10,17,25,4,43.64644538,-79.37679029,Toronto Centre-Rosedale (28),28,Waterfront Communities-The Island (77),77,D52,Toronto East York,YONGE ST,THE ESPLANADE Stre E, ,Major Arterial,Mid-Block, ,No Control,Drifting Snow,"Dusk, artificial",Dry,Non-Fatal Injury,Pedestrian Collisions,Truck Driver,65 to 69,None,0,North,Truck - Open,Going Ahead,Driving Properly,Normal, , , , , , ,1,0,0,0,1,0,0,0,0,0,0,0,0,0
1133411,2009,10,3,17,10,5,43.80862768,-79.31116114,Scarborough-Agincourt (39),39,Steeles (116),116,D42,Scarborough,MCNICOLL Ave,BIRCHMOUNT Rd, ,Minor Arterial,Intersection,At Intersection,Traffic Signal,Clear,Daylight,Dry,Non-Fatal Injury,Turning Movement,Driver,50 to 54,Major,0,West,"Automobile, Station Wagon",Turning Left,Improper Turn,Normal, , , , , , ,0,0,1,0,0,0,0,0,0,0,0,0,0,0
1279958,2012,2,10,17,25,4,43.64644538,-79.37679029,Toronto Centre-Rosedale (28),28,Waterfront Communities-The Island (77),77,D52,Toronto East York,YONGE ST,THE ESPLANADE Stre E, ,Major Arterial,Mid-Block, ,No Control,Drifting Snow,"Dusk, artificial",Dry,Non-Fatal Injury,Pedestrian Collisions,Pedestrian,45 to 49,Major,0,West,Other, , , ,Pedestrian hit at mid-block,"Crossing, no Traffic Control",Unknown, , , ,1,0,0,0,1,0,0,0,0,0,0,0,0,0
1133411,2009,10,3,17,10,5,43.80862768,-79.31116114,Scarborough-Agincourt (39),39,Steeles (116),116,D42,Scarborough,MCNICOLL Ave,BIRCHMOUNT Rd, ,Minor Arterial,Intersection,At Intersection,Traffic Signal,Clear,Daylight,Dry,Non-Fatal Injury,Turning Movement,Driver,35 to 39,Minimal,0,East,"Automobile, Station Wagon",Going Ahead,Driving Properly,Normal, , , , , , ,0,0,1,0,0,0,0,0,0,0,0,0,0,0
6001676072,2016,9,20,17,54,1,43.66531714,-79.40995417,Trinity-Spadina (20),20,University (79),79,D14,Toronto East York,BLOOR ST W,LIPPINCOTT ST, ,Major Arterial,Intersection,At Intersection,Stop Sign,Clear,Daylight,Dry,Non-Fatal Injury,Cyclist Collisions,Driver,50 to 54,None,0,North,"Automobile, Station Wagon",Slowing or Stopping,Failed to Yield Right of Way,Inattentive, , , , , , ,0,1,1,0,0,0,0,0,0,1,0,0,0,0
1367603,2013,7,23,17,0,1,43.78214538,-79.20699029,Scarborough East (43),43,Morningside (135),135,D43,Scarborough,2863 ELLESMERE RD,ELLESMERE  RD, ,Major Arterial,Intersection,At Intersection,No Control,Clear,Daylight,Dry,Non-Fatal Injury,Approaching,Driver,55 to 59,Major,0,West,"Automobile, Station Wagon",Going Ahead,Driving Properly,Normal, , , , , , ,0,0,1,0,0,0,0,0,0,0,0,0,0,0
1048465,2008,7,16,16,55,2,43.77694538,-79.41489029,Willowdale (23),23,Willowdale West (37),37,D32,North York,YONGE Stre,KEMPFORD Boul, ,Major Arterial,Intersection,At Intersection,Traffic Signal,Clear,Daylight,Dry,Non-Fatal Injury,Rear End,Driver,55 to 59,None,0,North,"Automobile, Station Wagon",Stopped,Driving Properly,Normal, , , , , , ,0,0,1,0,0,0,0,0,0,1,1,0,1,0
1305359,2012,6,5,17,25,1,43.65984538,-79.43539029,Davenport (18),18,Dufferin Grove (83),83,D11,Toronto East York,BLOOR ST W,DUFFERIN ST, ,Major Arterial,Intersection, ,Traffic Signal,Clear,Daylight,Dry,Non-Fatal Injury,Cyclist Collisions,Passenger,unknown,None,0, ,Other, , , , , , , , , ,0,1,1,0,0,0,0,1,0,0,0,0,0,0
6001676072,2016,9,20,17,54,1,43.66531714,-79.40995417,Trinity-Spadina (20),20,University (79),79,D14,Toronto East York,BLOOR ST W,LIPPINCOTT ST, ,Major Arterial,Intersection,At Intersection,Stop Sign,Clear,Daylight,Dry,Non-Fatal Injury,Cyclist Collisions,Cyclist,25 to 29,Major,0,East,Bicycle,Going Ahead, , , , , ,"Motorist without ROW drives into path of cyclist at inter, lnwy, dwy-Driver not turn.",Driving Properly,Normal,0,1,1,0,0,0,0,0,0,1,0,0,0,0
1367603,2013,7,23,17,0,1,43.78214538,-79.20699029,Scarborough East (43),43,Morningside (135),135,D43,Scarborough,2863 ELLESMERE RD,ELLESMERE  RD, ,Major Arterial,Intersection,At Intersection,No Control,Clear,Daylight,Dry,Non-Fatal Injury,Approaching,Driver,40 to 44,Major,0,East,"Automobile, Station Wagon",Going Ahead,Lost control,Fatigue, , , , , , ,0,0,1,0,0,0,0,0,0,0,0,0,0,0
1063278,2008,9,16,16,55,1,43.66864538,-79.49239029,York South-Weston (11),11,Rockcliffe-Smythe (111),111,D12,Etobicoke York,JANE St,HOMEVIEW Ave, ,Major Arterial,Intersection, ,No Control,Clear,Daylight,Dry,Non-Fatal Injury,Pedestrian Collisions,Vehicle Owner,unknown, ,0, ,Other, , , , , , , , , ,1,0,0,0,0,1,0,0,0,0,0,0,0,0
1063278,2008,9,16,16,55,1,43.66864538,-79.49239029,York South-Weston (11),11,Rockcliffe-Smythe (111),111,D12,Etobicoke York,JANE St,HOMEVIEW Ave, ,Major Arterial,Intersection, ,No Control,Clear,Daylight,Dry,Non-Fatal Injury,Pedestrian Collisions,Driver,50 to 54,None,0,North,Municipal Transit Bus (TTC),Going Ahead,Driving Properly,Normal, , , , , , ,1,0,0,0,0,1,0,0,0,0,0,0,0,0
1063278,2008,9,16,16,55,1,43.66864538,-79.49239029,York South-Weston (11),11,Rockcliffe-Smythe (111),111,D12,Etobicoke York,JANE St,HOMEVIEW Ave, ,Major Arterial,Intersection, ,No Control,Clear,Daylight,Dry,Non-Fatal Injury,Pedestrian Collisions,Pedestrian,15 to 19,Major,0,West,Other, , , ,Pedestrian involved in a collision with transit vehicle anywhere along roadway,On Sidewalk or Shoulder,Inattentive, , , ,1,0,0,0,0,1,0,0,0,0,0,0,0,0
1135071,2009,11,5,16,55,3,43.75524538,-79.61509029,Etobicoke North (1),1,West Humber-Clairville (1),1,D23,Etobicoke York,STEELES Ave W,HIGHWAY 27  N, ,Major Arterial,Mid-Block, ,No Control,Clear,Daylight,Dry,Non-Fatal Injury,Approaching,Driver,40 to 44,Minimal,0,East,"Automobile, Station Wagon",Going Ahead,Driving Properly,Normal, , , , , , ,0,0,1,0,0,0,0,1,0,0,0,0,0,0
1135071,2009,11,5,16,55,3,43.75524538,-79.61509029,Etobicoke North (1),1,West Humber-Clairville (1),1,D23,Etobicoke York,STEELES Ave W,HIGHWAY 27  N, ,Major Arterial,Mid-Block, ,No Control,Clear,Daylight,Dry,Non-Fatal Injury,Approaching,Driver,35 to 39,Major,0,East,"Automobile, Station Wagon",Going Ahead,Driving Properly,Normal, , , , , , ,0,0,1,0,0,0,0,1,0,0,0,0,0,0
1135071,2009,11,5,16,55,3,43.75524538,-79.61509029,Etobicoke North (1),1,West Humber-Clairville (1),1,D23,Etobicoke York,STEELES Ave W,HIGHWAY 27  N, ,Major Arterial,Mid-Block, ,No Control,Clear,Daylight,Dry,Non-Fatal Injury,Approaching,Vehicle Owner,unknown, ,0, ,Other, , , , , , , , , ,0,0,1,0,0,0,0,1,0,0,0,0,0,0
1135071,2009,11,5,16,55,3,43.75524538,-79.61509029,Etobicoke North (1),1,West Humber-Clairville (1),1,D23,Etobicoke York,STEELES Ave W,HIGHWAY 27  N, ,Major Arterial,Mid-Block, ,No Control,Clear,Daylight,Dry,Non-Fatal Injury,Approaching,Driver,40 to 44,Minor,0,East,"Automobile, Station Wagon",Going Ahead,Driving Properly,Normal, , , , , , ,0,0,1,0,0,0,0,1,0,0,0,0,0,0
1135071,2009,11,5,16,55,3,43.75524538,-79.61509029,Etobicoke North (1),1,West Humber-Clairville (1),1,D23,Etobicoke York,STEELES Ave W,HIGHWAY 27  N, ,Major Arterial,Mid-Block, ,No Control,Clear,Daylight,Dry,Non-Fatal Injury,Approaching,Passenger,0 to 4,Minimal,0, ,Other, , , , , , , , , ,0,0,1,0,0,0,0,1,0,0,0,0,0,0
1135071,2009,11,5,16,55,3,43.75524538,-79.61509029,Etobicoke North (1),1,West Humber-Clairville (1),1,D23,Etobicoke York,STEELES Ave W,HIGHWAY 27  N, ,Major Arterial,Mid-Block, ,No Control,Clear,Daylight,Dry,Non-Fatal Injury,Approaching,Driver,20 to 24,Minor,0,West,"Automobile, Station Wagon",Going Ahead,Lost control,Unknown, , , , , , ,0,0,1,0,0,0,0,1,0,0,0,0,0,0
1135071,2009,11,5,16,55,3,43.75524538,-79.61509029,Etobicoke North (1),1,West Humber-Clairville (1),1,D23,Etobicoke York,STEELES Ave W,HIGHWAY 27  N, ,Major Arterial,Mid-Block, ,No Control,Clear,Daylight,Dry,Non-Fatal Injury,Approaching,Other Property Owner,unknown, ,0, ,Other, , , , , , , , , ,0,0,1,0,0,0,0,1,0,0,0,0,0,0
1203769,2010,6,27,17,10,6,43.63594538,-79.47299029,Parkdale-High Park (13),13,High Park-Swansea (87),87,D11,Etobicoke York,THE QUEENSWAY,GARDINER QUEENSWAY W RAMP, ,Major Arterial,Intersection,At Intersection,Traffic Signal,Clear,Daylight,Wet,Non-Fatal Injury,Rear End,Vehicle Owner,unknown, ,0, ,Other, , , , , , , , , ,0,0,0,0,0,1,0,1,0,1,0,0,0,0
1250894,2011,7,15,16,55,4,43.67974538,-79.34059029,Toronto-Danforth (30),30,Blake-Jones (69),69,D55,Toronto East York,DANFORTH Ave,LANGFORD Ave, ,Major Arterial,Intersection, ,No Control,Clear,Daylight,Dry,Non-Fatal Injury,Cyclist Collisions,Driver,45 to 49,None,0,West,"Automobile, Station Wagon",Parked,Other,Inattentive, , , , , , ,0,1,1,0,0,0,0,0,0,0,0,0,0,0
1250894,2011,7,15,16,55,4,43.67974538,-79.34059029,Toronto-Danforth (30),30,Blake-Jones (69),69,D55,Toronto East York,DANFORTH Ave,LANGFORD Ave, ,Major Arterial,Intersection, ,No Control,Clear,Daylight,Dry,Non-Fatal Injury,Cyclist Collisions,Cyclist,50 to 54,Major,0,West,Bicycle,Going Ahead, , , , , ,Cyclist struck opened vehicle door,Driving Properly,Normal,0,1,1,0,0,0,0,0,0,0,0,0,0,0
1277496,2011,11,16,16,55,2,43.65694538,-79.39079029,Trinity-Spadina (20),20,Kensington-Chinatown (78),78,D52,Toronto East York,20 MURRAY ST, , ,Local,Mid-Block, ,No Control,Clear,Dusk,Dry,Non-Fatal Injury,Pedestrian Collisions,Vehicle Owner,unknown, ,0, ,Other, , , , , , , , , ,1,0,1,0,0,0,0,0,0,0,0,0,0,0
1277496,2011,11,16,16,55,2,43.65694538,-79.39079029,Trinity-Spadina (20),20,Kensington-Chinatown (78),78,D52,Toronto East York,20 MURRAY ST, , ,Local,Mid-Block, ,No Control,Clear,Dusk,Dry,Non-Fatal Injury,Pedestrian Collisions,Driver,40 to 44,None,0,East,"Automobile, Station Wagon",Turning Right,Driving Properly,Normal, , , , , , ,1,0,1,0,0,0,0,0,0,0,0,0,0,0
1277496,2011,11,16,16,55,2,43.65694538,-79.39079029,Trinity-Spadina (20),20,Kensington-Chinatown (78),78,D52,Toronto East York,20 MURRAY ST, , ,Local,Mid-Block, ,No Control,Clear,Dusk,Dry,Non-Fatal Injury,Pedestrian Collisions,Pedestrian,55 to 59,Major,0,North,Other, , , ,Pedestrian hit at mid-block,"Crossing, no Traffic Control","Ability Impaired, Alcohol", , , ,1,0,1,0,0,0,0,0,0,0,0,0,0,0
1295374,2012,3,29,16,55,3,43.68744538,-79.30499029,Beaches-East York (32),32,East End-Danforth (62),62,D55,Toronto East York,WESTLAKE AVE,DANFORTH AVE, ,Major Arterial,Intersection, ,Traffic Signal,Clear,Daylight,Dry,Non-Fatal Injury,Pedestrian Collisions,Driver,45 to 49,None,0,South,"Automobile, Station Wagon",Turning Right,Improper Turn,Normal, , , , , , ,1,0,1,0,0,0,0,0,0,0,0,0,0,0
1295374,2012,3,29,16,55,3,43.68744538,-79.30499029,Beaches-East York (32),32,East End-Danforth (62),62,D55,Toronto East York,WESTLAKE AVE,DANFORTH AVE, ,Major Arterial,Intersection, ,Traffic Signal,Clear,Daylight,Dry,Non-Fatal Injury,Pedestrian Collisions,Pedestrian,70 to 74,Major,0,Unknown,Other, , , ,Vehicle turns right while ped crosses with ROW at inter.,Crossing with right of way,Normal, , , ,1,0,1,0,0,0,0,0,0,0,0,0,0,0
4002915951,2014,9,15,16,55,0,43.72364386,-79.61992274,Etobicoke North (2),2,West Humber-Clairville (1),1,D23,Etobicoke York,HUMBERWOOD BLVD,HULLRICK DR,15 m East of,Collector,Intersection,Non Intersection,No Control,Rain,Daylight,Wet,Non-Fatal Injury,Approaching,Driver,25 to 29,Major,0,West,"Automobile, Station Wagon",Overtaking,Speed too Fast For Condition,Normal, , , , , , ,0,0,1,0,0,0,0,0,1,1,0,0,0,0