ACCNUM,YEAR,MONTH,DAY,HOUR,MINUTES,WEEKDAY,LATITUDE,LONGITUDE,Ward_Name,Ward_ID,Hood_Name,Hood_ID,Division,District,STREET1,STREET2,OFFSET,ROAD_CLASS,LOCCOORD,ACCLOC,TRAFFCTL,VISIBILITY,LIGHT,RDSFCOND,ACCLASS,IMPACTYPE,INVTYPE,INVAGE,INJURY,FATAL_NO,INITDIR,VEHTYPE,MANOEUVER,DRIVACT,DRIVCOND,PEDTYPE,PEDACT,PEDCOND,CYCLISTYPE,CYCACT,CYCCOND,PEDESTRIAN,CYCLIST,AUTOMOBILE,MOTORCYCLE,TRUCK,TRSN_CITY_VEH,EMERG_VEH,PASSENGER,SPEEDING,AG_DRIV,REDLIGHT,ALCOHOL,DISABILITY,FATAL
975174,2007,6,15,17,15,4,43.63694538,-79.55669029,Etobicoke-Lakeshore (5),5,Islington-City Centre West (14),14,D22,Etobicoke York,BLOOR ST W,THE EAST MALL, ,Minor Arterial,Intersection,At Intersection,Traffic Signal,Clear,Daylight,Dry,Non-Fatal Injury,Turning Movement,Passenger,25 to 29,Major,0, ,Other, , , , , , , , , ,0,0,1,0,0,0,0,1,0,0,0,0,0,0
975174,2007,6,15,17,15,4,43.63694538,-79.55669029,Etobicoke-Lakeshore (5),5,Islington-City Centre West (14),14,D22,Etobicoke York,BLOOR ST W,THE EAST MALL, ,Minor Arterial,Intersection,At Intersection,Traffic Signal,Clear,Daylight,Dry,Non-Fatal Injury,Turning Movement,Driver,30 to 34,Minor,0,West,"Automobile, Station Wagon",Going Ahead,Driving Properly,Normal, , , , , , ,0,0,1,0,0,0,0,1,0,0,0,0,0,0
1122431,2009,9,2,17,15,2,43.73124538,-79.43249029,Eglinton-Lawrence (16),16,Bedford Park-Nortown (39),39,D32,North York,BATHURST ST,BANNOCKBURN AVE, ,Major Arterial,Intersection,At Intersection,No Control,Clear,Daylight,Dry,Non-Fatal Injury,Pedestrian Collisions,Driver,35 to 39,None,0,South,"Automobile, Station Wagon",Going Ahead,Driving Properly,Normal, , , , , , ,1,0,1,0,0,0,0,0,0,0,0,0,0,0
1122431,2009,9,2,17,15,2,43.73124538,-79.43249029,Eglinton-Lawrence (16),16,Bedford Park-Nortown (39),39,D32,North York,BATHURST ST,BANNOCKBURN AVE, ,Major Arterial,Intersection,At Intersection,No Control,Clear,Daylight,Dry,Non-Fatal Injury,Pedestrian Collisions,Pedestrian,10 to 14,Major,0,West,Other, , , ,Vehicle is going straight thru inter.while ped cross without ROW,"Crossing, no Traffic Control",Normal, , , ,1,0,1,0,0,0,0,0,0,0,0,0,0,0
1184084,2010,8,19,17,15,3,43.65784538,-79.42269029,Trinity-Spadina (19),19,Palmerston-Little Italy (80),80,D14,Toronto East York,ROXTON RD,DEWSON ST, ,Local,Mid-Block, ,No Control,Clear,Daylight,Dry,Non-Fatal Injury,Pedestrian Collisions,Driver,25 to 29,None,0,North,"Automobile, Station Wagon",Reversing,Other,Unknown, , , , , , ,1,0,1,0,0,0,0,0,0,0,0,0,0,0
1184084,2010,8,19,17,15,3,43.65784538,-79.42269029,Trinity-Spadina (19),19,Palmerston-Little Italy (80),80,D14,Toronto East York,ROXTON RD,DEWSON ST, ,Local,Mid-Block, ,No Control,Clear,Daylight,Dry,Non-Fatal Injury,Pedestrian Collisions,Pedestrian,85 to 89,Major,0,Unknown,Other, , , ,Vehicle is reversing and hits pedestrian,Coming From Behind Parked Vehicle,Normal, , , ,1,0,1,0,0,0,0,0,0,0,0,0,0,0
1193206,2010,9,2,17,15,3,43.81004538,-79.22049029,Scarborough-Rouge River (42),42,Malvern (132),132,D42,Scarborough,MCLEVIN AVE,HUPFIELD TRL, ,Minor Arterial,Mid-Block, ,No Control,Clear,Daylight,Dry,Non-Fatal Injury,Rear End,Driver,45 to 49,Minimal,0,West,Other,Parked,Driving Properly,Unknown, , , , , , ,0,0,1,0,0,0,0,1,1,1,0,0,0,0
1193206,2010,9,2,17,15,3,43.81004538,-79.22049029,Scarborough-Rouge River (42),42,Malvern (132),132,D42,Scarborough,MCLEVIN AVE,HUPFIELD TRL, ,Minor Arterial,Mid-Block, ,No Control,Clear,Daylight,Dry,Non-Fatal Injury,Rear End,Passenger,25 to 29,Major,0, ,Other, , , , , , , , , ,0,0,1,0,0,0,0,1,1,1,0,0,0,0
1193206,2010,9,2,17,15,3,43.81004538,-79.22049029,Scarborough-Rouge River (42),42,Malvern (132),132,D42,Scarborough,MCLEVIN AVE,HUPFIELD TRL, ,Minor Arterial,Mid-Block, ,No Control,Clear,Daylight,Dry,Non-Fatal Injury,Rear End,Driver,20 to 24,Major,0,West,"Automobile, Station Wagon",Going Ahead,Speed too Fast For Condition,Normal, , , , , , ,0,0,1,0,0,0,0,1,1,1,0,0,0,0
1331941,2012,12,9,17,15,6,43.65633734,-79.38895808,Toronto Centre-Rosedale (27),27,Bay Street Corridor (76),76,D52,Toronto East York,UNIVERSITY AVE,ELM ST, ,Major Arterial,Intersection,At Intersection,Traffic Signal,Clear,"Dark, artificial",Dry,Non-Fatal Injury,Sideswipe,Driver,30 to 34,Major,0,South,"Automobile, Station Wagon",Stopped,Driving Properly,Normal, , , , , , ,0,0,1,0,0,0,0,0,0,0,0,0,0,0
1331941,2012,12,9,17,15,6,43.65633734,-79.38895808,Toronto Centre-Rosedale (27),27,Bay Street Corridor (76),76,D52,Toronto East York,UNIVERSITY AVE,ELM ST, ,Major Arterial,Intersection,At Intersection,Traffic Signal,Clear,"Dark, artificial",Dry,Non-Fatal Injury,Sideswipe,Vehicle Owner,unknown, ,0, ,Other, , , , , , , , , ,0,0,1,0,0,0,0,0,0,0,0,0,0,0
1331941,2012,12,9,17,15,6,43.65633734,-79.38895808,Toronto Centre-Rosedale (27),27,Bay Street Corridor (76),76,D52,Toronto East York,UNIVERSITY AVE,ELM ST, ,Major Arterial,Intersection,At Intersection,Traffic Signal,Clear,"Dark, artificial",Dry,Non-Fatal Injury,Sideswipe,Driver,unknown,None,0,South,"Automobile, Station Wagon",Slowing or Stopping,Lost control,Unknown, , , , , , ,0,0,1,0,0,0,0,0,0,0,0,0,0,0
1331941,2012,12,9,17,15,6,43.65633734,-79.38895808,Toronto Centre-Rosedale (27),27,Bay Street Corridor (76),76,D52,Toronto East York,UNIVERSITY AVE,ELM ST, ,Major Arterial,Intersection,At Intersection,Traffic Signal,Clear,"Dark, artificial",Dry,Non-Fatal Injury,Sideswipe,Driver,30 to 34,None,0,South,"Automobile, Station Wagon",Stopped,Driving Properly,Normal, , , , , , ,0,0,1,0,0,0,0,0,0,0,0,0,0,0
1351724,2013,3,19,17,15,1,43.79364538,-79.32899029,Scarborough-Agincourt (40),40,L'Amoreaux (117),117,D42,Scarborough,FINCH Ave E,VICTORIA PARK Ave, ,Major Arterial,Mid-Block, ,No Control,Clear,Daylight,Dry,Non-Fatal Injury,Approaching,Driver,55 to 59,Minor,0,West,"Automobile, Station Wagon",Going Ahead,Lost control,Unknown, , , , , , ,0,0,1,0,0,0,0,0,0,0,0,0,0,0
1351724,2013,3,19,17,15,1,43.79364538,-79.32899029,Scarborough-Agincourt (40),40,L'Amoreaux (117),117,D42,Scarborough,FINCH Ave E,VICTORIA PARK Ave, ,Major Arterial,Mid-Block, ,No Control,Clear,Daylight,Dry,Non-Fatal Injury,Approaching,Driver,50 to 54,Major,0,East,"Automobile, Station Wagon",Going Ahead,Driving Properly,Normal, , , , , , ,0,0,1,0,0,0,0,0,0,0,0,0,0,0
1364430,2013,7,8,17,15,0,43.80144461,-79.26379023,Scarborough-Rouge River (41),41,Agincourt North (129),129,D42,Scarborough,MCCOWAN RD,KENHATCH BLVD, ,Major Arterial,Intersection, ,Traffic Signal,Rain,Daylight,Wet,Fatal,Pedestrian Collisions,Vehicle Owner,unknown, ,0, , , , , , , , , , , ,1,0,0,0,0,1,0,0,0,0,0,0,0,1
1364430,2013,7,8,17,15,0,43.80144461,-79.26379023,Scarborough-Rouge River (41),41,Agincourt North (129),129,D42,Scarborough,MCCOWAN RD,KENHATCH BLVD, ,Major Arterial,Intersection, ,Traffic Signal,Rain,Daylight,Wet,Fatal,Pedestrian Collisions,Driver,50 to 54,None,0,South,Municipal Transit Bus (TTC),Going Ahead,Driving Properly,Normal, , , , , , ,1,0,0,0,0,1,0,0,0,0,0,0,0,1
1364430,2013,7,8,17,15,0,43.80144461,-79.26379023,Scarborough-Rouge River (41),41,Agincourt North (129),129,D42,Scarborough,MCCOWAN RD,KENHATCH BLVD, ,Major Arterial,Intersection, ,Traffic Signal,Rain,Daylight,Wet,Fatal,Pedestrian Collisions,Pedestrian,65 to 69,Fatal,24,East, , , , ,Pedestrian involved in a collision with transit vehicle anywhere along roadway,Crossing without right of way,Inattentive, , , ,1,0,0,0,0,1,0,0,0,0,0,0,0,1
4001802886,2014,3,31,17,15,0,43.72788962,-79.41790400000001,Eglinton-Lawrence (16),16,Bedford Park-Nortown (39),39,D32,North York,AVENUE RD,FAIRLAWN AVE, ,Major Arterial,Intersection,At Intersection,Traffic Signal,Clear,Daylight,Dry,Non-Fatal Injury,Pedestrian Collisions,Driver,25 to 29,None,0,South,"Automobile, Station Wagon",Going Ahead,Disobeyed Traffic Control,Inattentive, , , , , , ,1,0,1,0,0,0,0,0,0,1,1,0,0,0
4001802886,2014,3,31,17,15,0,43.72788962,-79.41790400000001,Eglinton-Lawrence (16),16,Bedford Park-Nortown (39),39,D32,North York,AVENUE RD,FAIRLAWN AVE, ,Major Arterial,Intersection,At Intersection,Traffic Signal,Clear,Daylight,Dry,Non-Fatal Injury,Pedestrian Collisions,Pedestrian,25 to 29,Major,0,East, , , , ,Vehicle is going straight thru inter.while ped cross with ROW,Crossing with right of way,Normal, , , ,1,0,1,0,0,0,0,0,0,1,1,0,0,0
5000667325,2015,4,22,17,15,2,43.7572666,-79.55305109,York West (7),7,Humber Summit (21),21,D31,Etobicoke York,130 TORYORK DR, ,4 m South of,Collector,Mid-Block,Non Intersection,No Control,Clear,Daylight,Dry,Non-Fatal Injury,Rear End,Driver,40 to 44,None,0,North,Passenger Van,Going Ahead,Following too Close,Inattentive, , , , , , ,0,0,1,0,0,0,0,0,0,1,0,0,0,0
5000667325,2015,4,22,17,15,2,43.7572666,-79.55305109,York West (7),7,Humber Summit (21),21,D31,Etobicoke York,130 TORYORK DR, ,4 m South of,Collector,Mid-Block,Non Intersection,No Control,Clear,Daylight,Dry,Non-Fatal Injury,Rear End,Driver,55 to 59,Major,0,North,"Automobile, Station Wagon",Slowing or Stopping,Driving Properly,Normal, , , , , , ,0,0,1,0,0,0,0,0,0,1,0,0,0,0
5001353530,2015,8,7,17,15,4,43.74827917,-79.48276911,York Centre (9),9,Downsview-Roding-CFB (26),26,D31,North York,SHEPPARD AVE W,JOHN DRURY DR, ,Major Arterial,Intersection,At Intersection,Traffic Signal,Clear,Daylight,Dry,Non-Fatal Injury,Pedestrian Collisions,Driver,unknown,None,0,West,"Automobile, Station Wagon",Going Ahead,Driving Properly,Normal, , , , , , ,1,0,1,0,0,0,0,0,0,0,0,0,0,0
5001353530,2015,8,7,17,15,4,43.74827917,-79.48276911,York Centre (9),9,Downsview-Roding-CFB (26),26,D31,North York,SHEPPARD AVE W,JOHN DRURY DR, ,Major Arterial,Intersection,At Intersection,Traffic Signal,Clear,Daylight,Dry,Non-Fatal Injury,Pedestrian Collisions,Pedestrian,15 to 19,Major,0,North, , , , ,Vehicle is going straight thru inter.while ped cross without ROW,Crossing without right of way,Normal, , , ,1,0,1,0,0,0,0,0,0,0,0,0,0,0
5001652822,2015,9,23,17,15,2,43.65351446,-79.34077845,Toronto-Danforth (30),30,South Riverdale (70),70,D55,Toronto East York,BOOTH AVE,LAKE SHORE BLVD E,1 m North of,Major Arterial,Intersection,At Intersection,Stop Sign,Clear,Daylight,Dry,Non-Fatal Injury,Cyclist Collisions,Driver,60 to 64,None,0,South,"Automobile, Station Wagon",Turning Right,Failed to Yield Right of Way,Inattentive, , , , , , ,0,1,1,0,0,0,0,1,0,1,0,0,0,0
5001652822,2015,9,23,17,15,2,43.65351446,-79.34077845,Toronto-Danforth (30),30,South Riverdale (70),70,D55,Toronto East York,BOOTH AVE,LAKE SHORE BLVD E,1 m North of,Major Arterial,Intersection,At Intersection,Stop Sign,Clear,Daylight,Dry,Non-Fatal Injury,Cyclist Collisions,Cyclist,40 to 44,Major,0,East,Bicycle,Going Ahead, , , , , ,"Motorist turns right at non-signal Inter.(stop, yield, no cont.,and dwy) and strikes cyclist.",Driving Properly,Normal,0,1,1,0,0,0,0,1,0,1,0,0,0,0
5001652822,2015,9,23,17,15,2,43.65351446,-79.34077845,Toronto-Danforth (30),30,South Riverdale (70),70,D55,Toronto East York,BOOTH AVE,LAKE SHORE BLVD E,1 m North of,Major Arterial,Intersection,At Intersection,Stop Sign,Clear,Daylight,Dry,Non-Fatal Injury,Cyclist Collisions,Passenger,65 to 69,None,0, , , , , , , , , , , ,0,1,1,0,0,0,0,1,0,1,0,0,0,0
5002054157,2015,11,30,17,15,0,43.72661551,-79.43141566,Eglinton-Lawrence (16),16,Bedford Park-Nortown (39),39,D32,North York,BATHURST ST,MARMION AVE,7 m East of,Major Arterial,Intersection,Intersection Related,No Control,Clear,"Dark, artificial",Dry,Fatal,Pedestrian Collisions,Driver,25 to 29,None,0,South,Pick Up Truck,Turning Left,Failed to Yield Right of Way,Inattentive, , , , , , ,1,0,1,0,0,0,0,0,0,1,0,0,0,1
5002054157,2015,11,30,17,15,0,43.72661551,-79.43141566,Eglinton-Lawrence (16),16,Bedford Park-Nortown (39),39,D32,North York,BATHURST ST,MARMION AVE,7 m East of,Major Arterial,Intersection,Intersection Related,No Control,Clear,"Dark, artificial",Dry,Fatal,Pedestrian Collisions,Pedestrian,65 to 69,Fatal,60,Unknown, , , , ,Vehicle turns left while ped crosses with ROW at inter.,"Crossing, no Traffic Control",Normal, , , ,1,0,1,0,0,0,0,0,0,1,0,0,0,1
1139818,2009,11,30,17,16,0,43.71894538,-79.43099029,Eglinton-Lawrence (15),15,Englemount-Lawrence (32),32,D13,North York,LAWRENCE AVE W,BRUCEWOOD CRES, ,Major Arterial,Mid-Block,At Intersection,No Control,Clear,Dark,Dry,Non-Fatal Injury,Pedestrian Collisions,Driver,60 to 64,None,0,East,"Automobile, Station Wagon",Going Ahead,Driving Properly,Normal, , , , , , ,1,0,1,0,0,0,0,0,0,0,0,0,0,0
1139818,2009,11,30,17,16,0,43.71894538,-79.43099029,Eglinton-Lawrence (15),15,Englemount-Lawrence (32),32,D13,North York,LAWRENCE AVE W,BRUCEWOOD CRES, ,Major Arterial,Mid-Block,At Intersection,No Control,Clear,Dark,Dry,Non-Fatal Injury,Pedestrian Collisions,Pedestrian,50 to 54,Major,0,South,Other, , , ,Pedestrian hit at mid-block,"Crossing, no Traffic Control",Normal, , , ,1,0,1,0,0,0,0,0,0,0,0,0,0,0
1257535,2011,10,4,17,16,1,43.71484538,-79.56819029,Etobicoke North (2),2,Rexdale-Kipling (4),4,D23,Etobicoke York,KIPLING AVE,REDWATER DR, ,Major Arterial,Mid-Block, ,No Control,Clear,Daylight,Dry,Non-Fatal Injury,SMV Other,Passenger,70 to 74,Major,0, ,Other, , , , , , , , , ,0,0,1,0,0,0,0,1,1,1,0,0,0,0
1257535,2011,10,4,17,16,1,43.71484538,-79.56819029,Etobicoke North (2),2,Rexdale-Kipling (4),4,D23,Etobicoke York,KIPLING AVE,REDWATER DR, ,Major Arterial,Mid-Block, ,No Control,Clear,Daylight,Dry,Non-Fatal Injury,SMV Other,Driver,70 to 74,Major,0,North,"Automobile, Station Wagon",Going Ahead,Lost control,Unknown, , , , , , ,0,0,1,0,0,0,0,1,1,1,0,0,0,0
4002496866,2014,7,14,17,16,0,43.77198370000001,-79.41356287,Willowdale (23),23,Willowdale East (51),51,D32,North York,YONGE ST,ELLERSLIE AVE, ,Major Arterial,Intersection,At Intersection,No Control,Clear,Daylight,Dry,Non-Fatal Injury,Turning Movement,Driver,35 to 39,None,0,North,"Automobile, Station Wagon",Turning Left,Failed to Yield Right of Way,Normal, , , , , , ,0,1,1,0,0,0,0,1,0,1,0,0,0,0
4002496866,2014,7,14,17,16,0,43.77198370000001,-79.41356287,Willowdale (23),23,Willowdale East (51),51,D32,North York,YONGE ST,ELLERSLIE AVE, ,Major Arterial,Intersection,At Intersection,No Control,Clear,Daylight,Dry,Non-Fatal Injury,Turning Movement,Moped Driver,40 to 44,Major,0,South,Moped,Going Ahead,Driving Properly,Normal, , , , , , ,0,1,1,0,0,0,0,1,0,1,0,0,0,0
4002496866,2014,7,14,17,16,0,43.77198370000001,-79.41356287,Willowdale (23),23,Willowdale East (51),51,D32,North York,YONGE ST,ELLERSLIE AVE, ,Major Arterial,Intersection,At Intersection,No Control,Clear,Daylight,Dry,Non-Fatal Injury,Turning Movement,Passenger,5 to 9,None,0, , , , , , , , , , , ,0,1,1,0,0,0,0,1,0,1,0,0,0,0
4002496866,2014,7,14,17,16,0,43.77198370000001,-79.41356287,Willowdale (23),23,Willowdale East (51),51,D32,North York,YONGE ST,ELLERSLIE AVE, ,Major Arterial,Intersection,At Intersection,No Control,Clear,Daylight,Dry,Non-Fatal Injury,Turning Movement,Passenger,5 to 9,None,0, , , , , , , , , , , ,0,1,1,0,0,0,0,1,0,1,0,0,0,0
1057990,2008,8,21,17,55,3,43.67634538,-79.55439029,Etobicoke Centre (3),3,Princess-Rosethorn (10),10,D22,Etobicoke York,EGLINTON Aven W,LLOYD MANOR Road, ,Major Arterial,Mid-Block, ,No Control,Clear,Daylight,Dry,Non-Fatal Injury,Rear End,Vehicle Owner,unknown, ,0, ,Other, , , , , , , , , ,0,0,1,0,1,0,0,0,0,1,0,0,0,0
4000047040,2014,12,8,17,0,0,43.69816168,-79.38647089,St. Paul's (22),22,Mount Pleasant East (99),99,D53,Toronto East York,MT PLEASANT RD,MERTON ST, ,Major Arterial,Intersection,At Intersection,Traffic Signal,Clear,"Dark, artificial",Dry,Non-Fatal Injury,Pedestrian Collisions,Pedestrian,65 to 69,Major,0, , , , , ,Vehicle turns left while ped crosses with ROW at inter., ,Unknown, , , ,1,0,1,0,0,0,0,0,0,1,0,0,0,0
1057990,2008,8,21,17,55,3,43.67634538,-79.55439029,Etobicoke Centre (3),3,Princess-Rosethorn (10),10,D22,Etobicoke York,EGLINTON Aven W,LLOYD MANOR Road, ,Major Arterial,Mid-Block, ,No Control,Clear,Daylight,Dry,Non-Fatal Injury,Rear End,Truck Driver,25 to 29,None,0,East,Truck - Open,Going Ahead,Following too Close,Normal, , , , , , ,0,0,1,0,1,0,0,0,0,1,0,0,0,0
5001646824,2015,9,23,17,0,2,43.74563559,-79.21995173,Scarborough Centre (38),38,Scarborough Village (139),139,D43,Scarborough,MARKHAM RD,DUNELM ST,165 m South of,Major Arterial,Mid-Block,Non Intersection,No Control,Clear,Daylight,Dry,Non-Fatal Injury,Rear End,Driver,20 to 24,None,0,South,"Automobile, Station Wagon",Going Ahead,Following too Close,Normal, , , , , , ,0,0,1,0,0,0,0,1,0,1,0,0,0,0
1057990,2008,8,21,17,55,3,43.67634538,-79.55439029,Etobicoke Centre (3),3,Princess-Rosethorn (10),10,D22,Etobicoke York,EGLINTON Aven W,LLOYD MANOR Road, ,Major Arterial,Mid-Block, ,No Control,Clear,Daylight,Dry,Non-Fatal Injury,Rear End,Driver,30 to 34,None,0,East,"Automobile, Station Wagon",Stopped,Driving Properly,Normal, , , , , , ,0,0,1,0,1,0,0,0,0,1,0,0,0,0
5001646824,2015,9,23,17,0,2,43.74563559,-79.21995173,Scarborough Centre (38),38,Scarborough Village (139),139,D43,Scarborough,MARKHAM RD,DUNELM ST,165 m South of,Major Arterial,Mid-Block,Non Intersection,No Control,Clear,Daylight,Dry,Non-Fatal Injury,Rear End,Driver,65 to 69,Minimal,0,South,"Automobile, Station Wagon",Going Ahead,Driving Properly,Normal, , , , , , ,0,0,1,0,0,0,0,1,0,1,0,0,0,0
5001646824,2015,9,23,17,0,2,43.74563559,-79.21995173,Scarborough Centre (38),38,Scarborough Village (139),139,D43,Scarborough,MARKHAM RD,DUNELM ST,165 m South of,Major Arterial,Mid-Block,Non Intersection,No Control,Clear,Daylight,Dry,Non-Fatal Injury,Rear End,Driver,40 to 44,Major,0,South,"Automobile, Station Wagon",Going Ahead,Driving Properly,Normal, , , , , , ,0,0,1,0,0,0,0,1,0,1,0,0,0,0
5001646824,2015,9,23,17,0,2,43.74563559,-79.21995173,Scarborough Centre (38),38,Scarborough Village (139),139,D43,Scarborough,MARKHAM RD,DUNELM ST,165 m South of,Major Arterial,Mid-Block,Non Intersection,No Control,Clear,Daylight,Dry,Non-Fatal Injury,Rear End,Passenger,60 to 64,Minimal,0, , , , , , , , , , , ,0,0,1,0,0,0,0,1,0,1,0,0,0,0
5001646824,2015,9,23,17,0,2,43.74563559,-79.21995173,Scarborough Centre (38),38,Scarborough Village (139),139,D43,Scarborough,MARKHAM RD,DUNELM ST,165 m South of,Major Arterial,Mid-Block,Non Intersection,No Control,Clear,Daylight,Dry,Non-Fatal Injury,Rear End,Passenger,15 to 19,None,0, , , , , , , , , , , ,0,0,1,0,0,0,0,1,0,1,0,0,0,0
7001109368,2017,6,21,17,0,2,43.72159155,-79.41846094,Eglinton-Lawrence (16),16,Bedford Park-Nortown (39),39,D53,North York,LAWRENCE AVE W,KIMBARK BLVD,12 m West of,Major Arterial,Intersection,At Intersection,No Control,Clear,Daylight,Dry,Non-Fatal Injury,SMV Other,Driver,60 to 64,Major,0,East,"Automobile, Station Wagon",Going Ahead,Lost control,Other, , , , , , ,0,0,1,0,0,0,0,1,0,0,0,0,0,0
7001109368,2017,6,21,17,0,2,43.72159155,-79.41846094,Eglinton-Lawrence (16),16,Bedford Park-Nortown (39),39,D53,North York,LAWRENCE AVE W,KIMBARK BLVD,12 m West of,Major Arterial,Intersection,At Intersection,No Control,Clear,Daylight,Dry,Non-Fatal Injury,SMV Other,Passenger,60 to 64,None,0, , , , , , , , , , , ,0,0,1,0,0,0,0,1,0,0,0,0,0,0
7001474297,2017,8,15,17,0,1,43.73474838,-79.44639929,York Centre (10),10,Clanton Park (33),33,D32,North York,FAYWOOD BLVD,WILSON AVE, ,Major Arterial,Intersection,At Intersection,Stop Sign,Clear,Daylight,Dry,Non-Fatal Injury,Pedestrian Collisions,Driver,30 to 34,None,0,South,"Automobile, Station Wagon",Turning Left,Improper Turn,Normal, , , , , , ,1,0,1,0,0,1,0,1,0,0,0,0,0,0
7001474297,2017,8,15,17,0,1,43.73474838,-79.44639929,York Centre (10),10,Clanton Park (33),33,D32,North York,FAYWOOD BLVD,WILSON AVE, ,Major Arterial,Intersection,At Intersection,Stop Sign,Clear,Daylight,Dry,Non-Fatal Injury,Pedestrian Collisions,Driver,30 to 34,None,0,West,Municipal Transit Bus (TTC),Going Ahead,Driving Properly,Normal, , , , , , ,1,0,1,0,0,1,0,1,0,0,0,0,0,0
7001474297,2017,8,15,17,0,1,43.73474838,-79.44639929,York Centre (10),10,Clanton Park (33),33,D32,North York,FAYWOOD BLVD,WILSON AVE, ,Major Arterial,Intersection,At Intersection,Stop Sign,Clear,Daylight,Dry,Non-Fatal Injury,Pedestrian Collisions,Passenger,35 to 39,Major,0, , , , , , , , , , , ,1,0,1,0,0,1,0,1,0,0,0,0,0,0
7001474297,2017,8,15,17,0,1,43.73474838,-79.44639929,York Centre (10),10,Clanton Park (33),33,D32,North York,FAYWOOD BLVD,WILSON AVE, ,Major Arterial,Intersection,At Intersection,Stop Sign,Clear,Daylight,Dry,Non-Fatal Injury,Pedestrian Collisions,Passenger,5 to 9,Minimal,0, , , , , , , , , , , ,1,0,1,0,0,1,0,1,0,0,0,0,0,0
1305359,2012,6,5,17,25,1,43.65984538,-79.43539029,Davenport (18),18,Dufferin Grove (83),83,D11,Toronto East York,BLOOR ST W,DUFFERIN ST, ,Major Arterial,Intersection, ,Traffic Signal,Clear,Daylight,Dry,Non-Fatal Injury,Cyclist Collisions,Driver,50 to 54,None,0,West,"Automobile, Station Wagon",Stopped,Other,Normal, , , , , , ,0,1,1,0,0,0,0,1,0,0,0,0,0,0
7001474297,2017,8,15,17,0,1,43.73474838,-79.44639929,York Centre (10),10,Clanton Park (33),33,D32,North York,FAYWOOD BLVD,WILSON AVE, ,Major Arterial,Intersection,At Intersection,Stop Sign,Clear,Daylight,Dry,Non-Fatal Injury,Pedestrian Collisions,Passenger,5 to 9,Minimal,0, , , , , , , , , , , ,1,0,1,0,0,1,0,1,0,0,0,0,0,0
7001474297,2017,8,15,17,0,1,43.73474838,-79.44639929,York Centre (10),10,Clanton Park (33),33,D32,North York,FAYWOOD BLVD,WILSON AVE, ,Major Arterial,Intersection,At Intersection,Stop Sign,Clear,Daylight,Dry,Non-Fatal Injury,Pedestrian Collisions,Pedestrian,65 to 69,Minor,0, , , , , , , ,Unknown, , , ,1,0,1,0,0,1,0,1,0,0,0,0,0,0
5000212905,2015,2,5,17,1,3,43.72040518,-79.25744257,Scarborough Southwest (35),35,Kennedy Park (124),124,D41,Scarborough,750 DANFORTH RD, , ,Major Arterial,Mid-Block, ,No Control,Clear,"Daylight, artificial",Wet,Fatal,Pedestrian Collisions,Driver,40 to 44,None,0,West,"Automobile, Station Wagon",Going Ahead,Driving Properly,Unknown, , , , , , ,1,0,1,0,0,0,0,0,1,1,0,0,0,1
5000212905,2015,2,5,17,1,3,43.72040518,-79.25744257,Scarborough Southwest (35),35,Kennedy Park (124),124,D41,Scarborough,750 DANFORTH RD, , ,Major Arterial,Mid-Block, ,No Control,Clear,"Daylight, artificial",Wet,Fatal,Pedestrian Collisions,Pedestrian,85 to 89,Fatal,4,North, , , , ,Pedestrian hit at mid-block,"Crossing, no Traffic Control",Unknown, , , ,1,0,1,0,0,0,0,0,1,1,0,0,0,1
1013236,2008,1,7,17,2,0,43.73754538,-79.42059029,Eglinton-Lawrence (16),16,Bedford Park-Nortown (39),39,D32,North York,AVENUE RD,CARMICHAEL AVE, ,Major Arterial,Intersection,At Intersection,Traffic Signal,Clear,Dark,Wet,Fatal,Pedestrian Collisions,Driver,30 to 34,None,0,East,"Automobile, Station Wagon",Turning Left,Improper Turn,Normal, , , , , , ,1,0,1,0,0,0,0,0,0,0,0,0,0,1
1013236,2008,1,7,17,2,0,43.73754538,-79.42059029,Eglinton-Lawrence (16),16,Bedford Park-Nortown (39),39,D32,North York,AVENUE RD,CARMICHAEL AVE, ,Major Arterial,Intersection,At Intersection,Traffic Signal,Clear,Dark,Wet,Fatal,Pedestrian Collisions,Pedestrian,70 to 74,Fatal,3,West,Other, , , ,Vehicle turns left while ped crosses with ROW at inter.,Crossing with right of way,Normal, , , ,1,0,1,0,0,0,0,0,0,0,0,0,0,1
4001374034,2014,1,19,17,2,6,43.697543700000004,-79.25678644,Scarborough Southwest (36),36,Birchcliffe-Cliffside (122),122,D41,Scarborough,KINGSTON RD,GLEN EVEREST RD, ,Major Arterial,Intersection,At Intersection,Traffic Signal,Snow,"Dark, artificial",Ice,Non-Fatal Injury,SMV Other,Driver,50 to 54,Minor,0,East,"Automobile, Station Wagon",Going Ahead,Speed too Fast For Condition,Normal, , , , , , ,0,0,1,0,0,0,0,1,1,1,0,0,0,0
4001374034,2014,1,19,17,2,6,43.697543700000004,-79.25678644,Scarborough Southwest (36),36,Birchcliffe-Cliffside (122),122,D41,Scarborough,KINGSTON RD,GLEN EVEREST RD, ,Major Arterial,Intersection,At Intersection,Traffic Signal,Snow,"Dark, artificial",Ice,Non-Fatal Injury,SMV Other,Passenger,60 to 64,Major,0, , , , , , , , , , , ,0,0,1,0,0,0,0,1,1,1,0,0,0,0