ACCNUM,YEAR,MONTH,DAY,HOUR,MINUTES,WEEKDAY,LATITUDE,LONGITUDE,Ward_Name,Ward_ID,Hood_Name,Hood_ID,Division,District,STREET1,STREET2,OFFSET,ROAD_CLASS,LOCCOORD,ACCLOC,TRAFFCTL,VISIBILITY,LIGHT,RDSFCOND,ACCLASS,IMPACTYPE,INVTYPE,INVAGE,INJURY,FATAL_NO,INITDIR,VEHTYPE,MANOEUVER,DRIVACT,DRIVCOND,PEDTYPE,PEDACT,PEDCOND,CYCLISTYPE,CYCACT,CYCCOND,PEDESTRIAN,CYCLIST,AUTOMOBILE,MOTORCYCLE,TRUCK,TRSN_CITY_VEH,EMERG_VEH,PASSENGER,SPEEDING,AG_DRIV,REDLIGHT,ALCOHOL,DISABILITY,FATAL
4001729186,2014,3,19,6,15,2,43.66433676,-79.35586939,Toronto-Danforth (30),30,South Riverdale (70),70,D55,Toronto East York,DON VALLEY PARKWAY  S,GERRARD ST E, ,Expressway,Mid-Block,Non Intersection,No Control,Clear,Dark,Dry,Non-Fatal Injury,Pedestrian Collisions,Driver,60 to 64,None,0,South,"Automobile, Station Wagon",Going Ahead,Driving Properly,Normal, , , , , , ,1,0,1,0,0,0,0,0,0,0,0,0,0,0
4001729186,2014,3,19,6,15,2,43.66433676,-79.35586939,Toronto-Danforth (30),30,South Riverdale (70),70,D55,Toronto East York,DON VALLEY PARKWAY  S,GERRARD ST E, ,Expressway,Mid-Block,Non Intersection,No Control,Clear,Dark,Dry,Non-Fatal Injury,Pedestrian Collisions,Pedestrian,35 to 39,Major,0,Unknown, , , , ,Pedestrian hit at mid-block,Other,Unknown, , , ,1,0,1,0,0,0,0,0,0,0,0,0,0,0
5001964890,2015,11,16,6,15,0,43.63640555,-79.39962397,Trinity-Spadina (20),20,Niagara (82),82,D14,Toronto East York,BATHURST ST,FLEET ST, ,Major Arterial,Intersection,At Intersection,Traffic Signal,Clear,"Dawn, artificial",Dry,Non-Fatal Injury,Turning Movement,Driver,50 to 54,Major,0,West,"Automobile, Station Wagon",Turning Left,Improper Turn,Inattentive, , , , , , ,0,0,1,0,0,0,0,1,0,0,0,0,0,0
5001964890,2015,11,16,6,15,0,43.63640555,-79.39962397,Trinity-Spadina (20),20,Niagara (82),82,D14,Toronto East York,BATHURST ST,FLEET ST, ,Major Arterial,Intersection,At Intersection,Traffic Signal,Clear,"Dawn, artificial",Dry,Non-Fatal Injury,Turning Movement,Driver,45 to 49,None,0,East,Pick Up Truck,Going Ahead,Driving Properly,Normal, , , , , , ,0,0,1,0,0,0,0,1,0,0,0,0,0,0
5001964890,2015,11,16,6,15,0,43.63640555,-79.39962397,Trinity-Spadina (20),20,Niagara (82),82,D14,Toronto East York,BATHURST ST,FLEET ST, ,Major Arterial,Intersection,At Intersection,Traffic Signal,Clear,"Dawn, artificial",Dry,Non-Fatal Injury,Turning Movement,Passenger,50 to 54,Minor,0, , , , , , , , , , , ,0,0,1,0,0,0,0,1,0,0,0,0,0,0
7000342920,2017,2,24,6,15,4,43.63710364,-79.43599329,Parkdale-High Park (14),14,South Parkdale (85),85,D14,Toronto East York,KING ST W,JAMESON AVE,8 m East of,Major Arterial,Intersection,At Intersection,Traffic Signal,Rain,Dawn,Wet,Non-Fatal Injury,Pedestrian Collisions,Driver,50 to 54,None,0,South,"Automobile, Station Wagon",Turning Left,Failed to Yield Right of Way,Normal, , , , , , ,1,0,1,0,0,0,0,0,0,1,0,0,0,0
7000342920,2017,2,24,6,15,4,43.63710364,-79.43599329,Parkdale-High Park (14),14,South Parkdale (85),85,D14,Toronto East York,KING ST W,JAMESON AVE,8 m East of,Major Arterial,Intersection,At Intersection,Traffic Signal,Rain,Dawn,Wet,Non-Fatal Injury,Pedestrian Collisions,Pedestrian,55 to 59,Major,0,North, , , , ,Vehicle turns left while ped crosses with ROW at inter.,Crossing with right of way,Normal, , , ,1,0,1,0,0,0,0,0,0,1,0,0,0,0
1361106,2013,6,16,6,16,6,43.64054831,-79.42399988,Parkdale-High Park (14),14,South Parkdale (85),85,D14,Toronto East York,JOE SHUSTER  WAY,KING ST W, ,Local,Mid-Block, ,No Control,Rain,Daylight,Wet,Fatal,SMV Other,Driver,40 to 44,Fatal,17,East,"Automobile, Station Wagon",Going Ahead,Other,Unknown, , , , , , ,0,0,1,0,0,0,0,0,0,0,0,0,0,1
5001851224,2015,10,28,6,16,2,43.65764197,-79.54221735,Etobicoke Centre (4),4,Princess-Rosethorn (10),10,D22,Etobicoke York,KIPLING AVE,GREENING CRES,20 m North of,Major Arterial,Intersection,Non Intersection,No Control,Rain,"Dark, artificial",Wet,Non-Fatal Injury,Pedestrian Collisions,Driver,50 to 54,None,0,North,"Automobile, Station Wagon",Going Ahead,Driving Properly,Normal, , , , , , ,1,0,1,0,0,0,0,0,1,1,0,0,0,0
5001851224,2015,10,28,6,16,2,43.65764197,-79.54221735,Etobicoke Centre (4),4,Princess-Rosethorn (10),10,D22,Etobicoke York,KIPLING AVE,GREENING CRES,20 m North of,Major Arterial,Intersection,Non Intersection,No Control,Rain,"Dark, artificial",Wet,Non-Fatal Injury,Pedestrian Collisions,Pedestrian,50 to 54,Major,0,North, , , , ,Pedestrian hit at mid-block,Other,Inattentive, , , ,1,0,1,0,0,0,0,0,1,1,0,0,0,0
959250,2007,3,16,6,17,4,43.72634538,-79.57119029,Etobicoke North (2),2,Rexdale-Kipling (4),4,D23,Etobicoke York,72 HINTON RD, , ,Local,Mid-Block, ,No Control,Clear,Dark,Dry,Non-Fatal Injury,Pedestrian Collisions,Driver,65 to 69,None,0,West,"Automobile, Station Wagon",Going Ahead,Driving Properly,Normal, , , , , , ,1,0,1,0,0,0,0,0,0,0,0,0,0,0
959250,2007,3,16,6,17,4,43.72634538,-79.57119029,Etobicoke North (2),2,Rexdale-Kipling (4),4,D23,Etobicoke York,72 HINTON RD, , ,Local,Mid-Block, ,No Control,Clear,Dark,Dry,Non-Fatal Injury,Pedestrian Collisions,Pedestrian,80 to 84,Major,0,North,Other, , , ,Pedestrian hit at mid-block,"Crossing, no Traffic Control",Normal, , , ,1,0,1,0,0,0,0,0,0,0,0,0,0,0
1146277,2009,12,10,6,17,3,43.66114538,-79.39009029,Toronto Centre-Rosedale (27),27,Bay Street Corridor (76),76,D52,Toronto East York,6 QUEENS PARK CRES E, , ,Major Arterial,Mid-Block, ,No Control,Snow,Dark,Ice,Non-Fatal Injury,SMV Other,Passenger,40 to 44,Major,0, ,Other, , , , , , , , , ,0,0,1,0,0,0,0,1,1,1,0,0,0,0
1146277,2009,12,10,6,17,3,43.66114538,-79.39009029,Toronto Centre-Rosedale (27),27,Bay Street Corridor (76),76,D52,Toronto East York,6 QUEENS PARK CRES E, , ,Major Arterial,Mid-Block, ,No Control,Snow,Dark,Ice,Non-Fatal Injury,SMV Other,Vehicle Owner,unknown, ,0, ,Other, , , , , , , , , ,0,0,1,0,0,0,0,1,1,1,0,0,0,0
1146277,2009,12,10,6,17,3,43.66114538,-79.39009029,Toronto Centre-Rosedale (27),27,Bay Street Corridor (76),76,D52,Toronto East York,6 QUEENS PARK CRES E, , ,Major Arterial,Mid-Block, ,No Control,Snow,Dark,Ice,Non-Fatal Injury,SMV Other,Driver,55 to 59,Minimal,0,South,"Automobile, Station Wagon",Going Ahead,Speed too Fast For Condition,Normal, , , , , , ,0,0,1,0,0,0,0,1,1,1,0,0,0,0
1146277,2009,12,10,6,17,3,43.66114538,-79.39009029,Toronto Centre-Rosedale (27),27,Bay Street Corridor (76),76,D52,Toronto East York,6 QUEENS PARK CRES E, , ,Major Arterial,Mid-Block, ,No Control,Snow,Dark,Ice,Non-Fatal Injury,SMV Other,Other Property Owner,unknown, ,0, ,Other, , , , , , , , , ,0,0,1,0,0,0,0,1,1,1,0,0,0,0
1326621,2012,10,10,6,17,2,43.70914538,-79.50589029,York South-Weston (11),11,Weston (113),113,D12,Etobicoke York,CHURCH St,JANE St, ,Collector,Mid-Block, ,No Control,Clear,"Dark, artificial",Dry,Non-Fatal Injury,Cyclist Collisions,Vehicle Owner,unknown, ,0, ,Other, , , , , , , , , ,0,1,1,0,0,0,0,0,0,1,0,0,0,0
1326621,2012,10,10,6,17,2,43.70914538,-79.50589029,York South-Weston (11),11,Weston (113),113,D12,Etobicoke York,CHURCH St,JANE St, ,Collector,Mid-Block, ,No Control,Clear,"Dark, artificial",Dry,Non-Fatal Injury,Cyclist Collisions,Driver,25 to 29,None,0,East,"Automobile, Station Wagon",Turning Left,Failed to Yield Right of Way,Normal, , , , , , ,0,1,1,0,0,0,0,0,0,1,0,0,0,0
1326621,2012,10,10,6,17,2,43.70914538,-79.50589029,York South-Weston (11),11,Weston (113),113,D12,Etobicoke York,CHURCH St,JANE St, ,Collector,Mid-Block, ,No Control,Clear,"Dark, artificial",Dry,Non-Fatal Injury,Cyclist Collisions,Cyclist,30 to 34,Major,0,West,Bicycle,Going Ahead, , , , , ,Motorist turned left across cyclists path.,Driving Properly,Normal,0,1,1,0,0,0,0,0,0,1,0,0,0,0
2015160956,2015,1,28,6,17,2,43.76543387,-79.29131708,Scarborough-Agincourt (40),40,Dorset Park (126),126,D41,Scarborough,1792 BIRCHMOUNT RD, , ,Major Arterial,Mid-Block, ,No Control,Clear,Dark,Dry,Fatal,Pedestrian Collisions,Pedestrian,55 to 59,Fatal,3,West, , , , ,Pedestrian hit at mid-block,"Crossing, no Traffic Control",Inattentive, , , ,1,0,1,0,0,0,0,0,0,0,0,0,0,1
2015160956,2015,1,28,6,17,2,43.76543387,-79.29131708,Scarborough-Agincourt (40),40,Dorset Park (126),126,D41,Scarborough,1792 BIRCHMOUNT RD, , ,Major Arterial,Mid-Block, ,No Control,Clear,Dark,Dry,Fatal,Pedestrian Collisions,Driver,55 to 59,None,0,North,"Automobile, Station Wagon",Going Ahead,Driving Properly,Normal, , , , , , ,1,0,1,0,0,0,0,0,0,0,0,0,0,1
5000232686,2015,2,9,6,17,0,43.67906149,-79.33980952,Toronto-Danforth (30),30,Blake-Jones (69),69,D55,Toronto East York,JONES AVE,HAZELWOOD AVE, ,Minor Arterial,Intersection,At Intersection,Pedestrian Crossover,Clear,"Dark, artificial",Wet,Non-Fatal Injury,Pedestrian Collisions,Driver,50 to 54,None,0,North,"Automobile, Station Wagon",Going Ahead,Failed to Yield Right of Way,Normal, , , , , , ,1,0,1,0,0,0,0,1,0,1,0,0,0,0
5000232686,2015,2,9,6,17,0,43.67906149,-79.33980952,Toronto-Danforth (30),30,Blake-Jones (69),69,D55,Toronto East York,JONES AVE,HAZELWOOD AVE, ,Minor Arterial,Intersection,At Intersection,Pedestrian Crossover,Clear,"Dark, artificial",Wet,Non-Fatal Injury,Pedestrian Collisions,Passenger,55 to 59,None,0, , , , , , , , , , , ,1,0,1,0,0,0,0,1,0,1,0,0,0,0
5000232686,2015,2,9,6,17,0,43.67906149,-79.33980952,Toronto-Danforth (30),30,Blake-Jones (69),69,D55,Toronto East York,JONES AVE,HAZELWOOD AVE, ,Minor Arterial,Intersection,At Intersection,Pedestrian Crossover,Clear,"Dark, artificial",Wet,Non-Fatal Injury,Pedestrian Collisions,Pedestrian,20 to 24,Major,0,East, , , , ,Pedestrian hit a PXO/ped. Mid-block signal,"Crossing, Pedestrian Crossover",Normal, , , ,1,0,1,0,0,0,0,1,0,1,0,0,0,0
1295588,2012,4,1,5,10,6,43.81124538,-79.26899029,Scarborough-Rouge River (41),41,Agincourt North (129),129,D42,Scarborough,MCCOWAN RD,FINCH AVE E, ,Major Arterial,Mid-Block, ,No Control,Drifting Snow,"Dark, artificial",Wet,Non-Fatal Injury,Approaching,Driver,35 to 39,Major,0,North,"Automobile, Station Wagon",Going Ahead,Lost control,"Ability Impaired, Alcohol Over .08", , , , , , ,0,0,1,0,0,0,0,0,0,0,0,1,0,0
6001743580,2016,10,1,5,10,5,43.61961325,-79.53211603,Etobicoke-Lakeshore (5),5,Islington-City Centre West (14),14,D22,Etobicoke York,THE QUEENSWAY,KIPLING AVE,500 m West of,Major Arterial,Mid-Block,Non Intersection,No Control,Clear,"Dark, artificial",Dry,Non-Fatal Injury,Pedestrian Collisions,Driver,50 to 54,None,0,West,"Automobile, Station Wagon",Going Ahead,Driving Properly,Normal, , , , , , ,1,0,1,0,0,0,0,0,0,0,0,0,0,0
6001743580,2016,10,1,5,10,5,43.61961325,-79.53211603,Etobicoke-Lakeshore (5),5,Islington-City Centre West (14),14,D22,Etobicoke York,THE QUEENSWAY,KIPLING AVE,500 m West of,Major Arterial,Mid-Block,Non Intersection,No Control,Clear,"Dark, artificial",Dry,Non-Fatal Injury,Pedestrian Collisions,Pedestrian,15 to 19,Major,0,North, , , , ,Pedestrian hit at mid-block,Running onto Roadway,Had Been Drinking, , , ,1,0,1,0,0,0,0,0,0,0,0,0,0,0
1210091,2011,1,1,5,13,5,43.67484538,-79.40709029,Trinity-Spadina (20),20,Annex (95),95,D53,Toronto East York,SPADINA RD,DUPONT ST, ,Major Arterial,Intersection,At Intersection,Traffic Signal,Clear,Dark,Wet,Non-Fatal Injury,Cyclist Collisions,Driver,60 to 64,None,0,South,"Automobile, Station Wagon",Turning Left,Failed to Yield Right of Way,Normal, , , , , , ,0,1,1,0,0,0,0,0,0,1,0,0,0,0
1210091,2011,1,1,5,13,5,43.67484538,-79.40709029,Trinity-Spadina (20),20,Annex (95),95,D53,Toronto East York,SPADINA RD,DUPONT ST, ,Major Arterial,Intersection,At Intersection,Traffic Signal,Clear,Dark,Wet,Non-Fatal Injury,Cyclist Collisions,Cyclist,20 to 24,Major,0,North,Bicycle,Going Ahead, , , , , ,Motorist turned left across cyclists path.,Driving Properly,Had Been Drinking,0,1,1,0,0,0,0,0,0,1,0,0,0,0
5001542991,2015,9,7,5,13,0,43.67682989,-79.56420527,Etobicoke Centre (4),4,Willowridge-Martingrove-Richview (7),7,D23,Etobicoke York,MARTIN GROVE RD,RICHGROVE DR,4 m South of,Major Arterial,Intersection,At Intersection,Traffic Signal,Clear,Dark,Dry,Non-Fatal Injury,Angle,Driver,unknown,None,0,South,"Automobile, Station Wagon",Going Ahead,Disobeyed Traffic Control,Unknown, , , , , , ,0,0,1,0,0,0,0,1,0,1,1,0,0,0
5001542991,2015,9,7,5,13,0,43.67682989,-79.56420527,Etobicoke Centre (4),4,Willowridge-Martingrove-Richview (7),7,D23,Etobicoke York,MARTIN GROVE RD,RICHGROVE DR,4 m South of,Major Arterial,Intersection,At Intersection,Traffic Signal,Clear,Dark,Dry,Non-Fatal Injury,Angle,Driver,unknown,None,0,East,"Automobile, Station Wagon",Going Ahead,Driving Properly,Unknown, , , , , , ,0,0,1,0,0,0,0,1,0,1,1,0,0,0
5001542991,2015,9,7,5,13,0,43.67682989,-79.56420527,Etobicoke Centre (4),4,Willowridge-Martingrove-Richview (7),7,D23,Etobicoke York,MARTIN GROVE RD,RICHGROVE DR,4 m South of,Major Arterial,Intersection,At Intersection,Traffic Signal,Clear,Dark,Dry,Non-Fatal Injury,Angle,Passenger,20 to 24,Major,0, , , , , , , , , , , ,0,0,1,0,0,0,0,1,0,1,1,0,0,0
1160789,2010,2,27,5,15,5,43.77724538,-79.42709029,Willowdale (23),23,Newtonbrook West (36),36,D32,North York,FINCH Aven W,EDITHVALE Driv, ,Major Arterial,Intersection,At Intersection,Traffic Signal,Snow,Dark,Slush,Non-Fatal Injury,SMV Other,Driver,30 to 34,Major,0,East,"Automobile, Station Wagon",Going Ahead,Speed too Fast For Condition,"Ability Impaired, Alcohol Over .08", , , , , , ,0,0,1,0,0,0,0,0,1,1,0,1,0,0
1160789,2010,2,27,5,15,5,43.77724538,-79.42709029,Willowdale (23),23,Newtonbrook West (36),36,D32,North York,FINCH Aven W,EDITHVALE Driv, ,Major Arterial,Intersection,At Intersection,Traffic Signal,Snow,Dark,Slush,Non-Fatal Injury,SMV Other,Other Property Owner,unknown, ,0, ,Other, , , , , , , , , ,0,0,1,0,0,0,0,0,1,1,0,1,0,0
1289649,2012,2,18,5,15,5,43.73504538,-79.56439029,Etobicoke North (1),1,Thistletown-Beaumond Heights (3),3,D23,Etobicoke York,ISLINGTON AVE,SANDHILL DR, ,Major Arterial,Mid-Block,At Intersection,No Control,Snow,Dark,Packed Snow,Non-Fatal Injury,Approaching,Driver,25 to 29,None,0,North,"Automobile, Station Wagon",Going Ahead,Lost control,"Ability Impaired, Alcohol Over .08", , , , , , ,0,0,1,0,0,0,0,0,0,0,0,1,0,0
1289649,2012,2,18,5,15,5,43.73504538,-79.56439029,Etobicoke North (1),1,Thistletown-Beaumond Heights (3),3,D23,Etobicoke York,ISLINGTON AVE,SANDHILL DR, ,Major Arterial,Mid-Block,At Intersection,No Control,Snow,Dark,Packed Snow,Non-Fatal Injury,Approaching,Driver,25 to 29,Major,0,South,"Automobile, Station Wagon",Going Ahead,Driving Properly,Normal, , , , , , ,0,0,1,0,0,0,0,0,0,0,0,1,0,0
4002712534,2014,8,16,5,15,5,43.78575094,-79.28945551,Scarborough-Agincourt (40),40,Agincourt South-Malvern West (128),128,D42,Scarborough,KENNEDY RD,BONIS AVE,4 m North of,Major Arterial,Intersection,Intersection Related,Traffic Signal,Clear,"Dark, artificial",Dry,Fatal,Pedestrian Collisions,Driver,45 to 49,None,0,East,"Automobile, Station Wagon",Turning Left,Failed to Yield Right of Way,Unknown, , , , , , ,1,0,1,0,0,0,0,0,0,1,0,0,0,1
4002712534,2014,8,16,5,15,5,43.78575094,-79.28945551,Scarborough-Agincourt (40),40,Agincourt South-Malvern West (128),128,D42,Scarborough,KENNEDY RD,BONIS AVE,4 m North of,Major Arterial,Intersection,Intersection Related,Traffic Signal,Clear,"Dark, artificial",Dry,Fatal,Pedestrian Collisions,Pedestrian,85 to 89,Fatal,24,West, , , , ,Vehicle turns left while ped crosses with ROW at inter.,Crossing with right of way,Normal, , , ,1,0,1,0,0,0,0,0,0,1,0,0,0,1
971231,2007,5,9,5,17,2,43.74104538,-79.58919029,Etobicoke North (1),1,Mount Olive-Silverstone-Jamestown (2),2,D23,Etobicoke York,ALBION RD,FINCH AVE W, ,Major Arterial,Intersection,At Intersection,Traffic Controller,Clear,Daylight,Dry,Non-Fatal Injury,Angle,Driver,30 to 34,Major,0,East,"Automobile, Station Wagon",Going Ahead,Disobeyed Traffic Control,Normal, , , , , , ,0,0,1,0,0,0,0,0,0,1,0,0,0,0
971231,2007,5,9,5,17,2,43.74104538,-79.58919029,Etobicoke North (1),1,Mount Olive-Silverstone-Jamestown (2),2,D23,Etobicoke York,ALBION RD,FINCH AVE W, ,Major Arterial,Intersection,At Intersection,Traffic Controller,Clear,Daylight,Dry,Non-Fatal Injury,Angle,Driver,45 to 49,Major,0,North,"Automobile, Station Wagon",Going Ahead,Driving Properly,Normal, , , , , , ,0,0,1,0,0,0,0,0,0,1,0,0,0,0
1321027,2012,10,20,5,18,5,43.71434363,-79.32548914,Don Valley West (26),26,Flemingdon Park (44),44,D54,North York,DON VALLEY PARKWAY  S,SPANBRIDGE RD, ,Expressway,Mid-Block, ,No Control,Clear,"Dark, artificial",Wet,Fatal,SMV Other,Passenger,15 to 19,Minor,0, ,Other, , , , , , , , , ,0,0,1,0,0,0,0,1,0,0,0,0,0,1
1321027,2012,10,20,5,18,5,43.71434363,-79.32548914,Don Valley West (26),26,Flemingdon Park (44),44,D54,North York,DON VALLEY PARKWAY  S,SPANBRIDGE RD, ,Expressway,Mid-Block, ,No Control,Clear,"Dark, artificial",Wet,Fatal,SMV Other,Vehicle Owner,unknown, ,0, ,Other, , , , , , , , , ,0,0,1,0,0,0,0,1,0,0,0,0,0,1
1321027,2012,10,20,5,18,5,43.71434363,-79.32548914,Don Valley West (26),26,Flemingdon Park (44),44,D54,North York,DON VALLEY PARKWAY  S,SPANBRIDGE RD, ,Expressway,Mid-Block, ,No Control,Clear,"Dark, artificial",Wet,Fatal,SMV Other,Driver,15 to 19,Fatal,35,South,"Automobile, Station Wagon",Going Ahead,Lost control,Unknown, , , , , , ,0,0,1,0,0,0,0,1,0,0,0,0,0,1
1321027,2012,10,20,5,18,5,43.71434363,-79.32548914,Don Valley West (26),26,Flemingdon Park (44),44,D54,North York,DON VALLEY PARKWAY  S,SPANBRIDGE RD, ,Expressway,Mid-Block, ,No Control,Clear,"Dark, artificial",Wet,Fatal,SMV Other,Other Property Owner,unknown, ,0, ,Other, , , , , , , , , ,0,0,1,0,0,0,0,1,0,0,0,0,0,1
1213866,2011,1,21,5,19,4,43.67864538,-79.44329029,Davenport (17),17,Corso Italia-Davenport (92),92,D13,Etobicoke York,DUFFERIN ST,NORTON AVE W, ,Major Arterial,Intersection, ,No Control,Snow,Dark,Slush,Fatal,Pedestrian Collisions,Vehicle Owner,unknown, ,0, ,Other, , , , , , , , , ,1,0,0,0,0,1,0,0,0,0,0,0,0,1
1213866,2011,1,21,5,19,4,43.67864538,-79.44329029,Davenport (17),17,Corso Italia-Davenport (92),92,D13,Etobicoke York,DUFFERIN ST,NORTON AVE W, ,Major Arterial,Intersection, ,No Control,Snow,Dark,Slush,Fatal,Pedestrian Collisions,Driver,55 to 59,None,0,South,Municipal Transit Bus (TTC),Stopped,Driving Properly,Normal, , , , , , ,1,0,0,0,0,1,0,0,0,0,0,0,0,1
1213866,2011,1,21,5,19,4,43.67864538,-79.44329029,Davenport (17),17,Corso Italia-Davenport (92),92,D13,Etobicoke York,DUFFERIN ST,NORTON AVE W, ,Major Arterial,Intersection, ,No Control,Snow,Dark,Slush,Fatal,Pedestrian Collisions,Pedestrian,55 to 59,Fatal,2,Unknown,Other, , , ,Pedestrian involved in a collision with transit vehicle anywhere along roadway,Person Getting on/off Vehicle,Unknown, , , ,1,0,0,0,0,1,0,0,0,0,0,0,0,1
1344369,2013,1,9,5,20,2,43.76214538,-79.22629029,Scarborough Centre (38),38,Woburn (137),137,D43,Scarborough,MARKHAM RD,GREENBRAE CRCT Circ, ,Major Arterial,Intersection,At Intersection,Traffic Signal,Clear,"Dark, artificial",Wet,Non-Fatal Injury,Pedestrian Collisions,Driver,40 to 44,None,0,East,"Automobile, Station Wagon",Turning Left,Failed to Yield Right of Way,Inattentive, , , , , , ,1,0,1,0,0,0,0,0,0,1,0,0,0,0
1344369,2013,1,9,5,20,2,43.76214538,-79.22629029,Scarborough Centre (38),38,Woburn (137),137,D43,Scarborough,MARKHAM RD,GREENBRAE CRCT Circ, ,Major Arterial,Intersection,At Intersection,Traffic Signal,Clear,"Dark, artificial",Wet,Non-Fatal Injury,Pedestrian Collisions,Pedestrian,50 to 54,Major,0,West,Other, , , ,Vehicle turns left while ped crosses with ROW at inter.,Crossing with right of way,Normal, , , ,1,0,1,0,0,0,0,0,0,1,0,0,0,0
1349045,2013,3,2,5,20,5,43.78244538,-79.40319029,Willowdale (23),23,Willowdale East (51),51,D32,North York,170 FINCH AVE E, , ,Major Arterial,Mid-Block, ,No Control,Clear,Dawn,Dry,Non-Fatal Injury,Sideswipe,Driver,45 to 49,Minimal,0,West,"Automobile, Station Wagon",Going Ahead,Driving Properly,Normal, , , , , , ,0,0,1,0,0,0,0,1,1,1,0,0,0,0
1349045,2013,3,2,5,20,5,43.78244538,-79.40319029,Willowdale (23),23,Willowdale East (51),51,D32,North York,170 FINCH AVE E, , ,Major Arterial,Mid-Block, ,No Control,Clear,Dawn,Dry,Non-Fatal Injury,Sideswipe,Passenger,45 to 49,Minimal,0, ,Other, , , , , , , , , ,0,0,1,0,0,0,0,1,1,1,0,0,0,0
1349045,2013,3,2,5,20,5,43.78244538,-79.40319029,Willowdale (23),23,Willowdale East (51),51,D32,North York,170 FINCH AVE E, , ,Major Arterial,Mid-Block, ,No Control,Clear,Dawn,Dry,Non-Fatal Injury,Sideswipe,Vehicle Owner,unknown, ,0, ,Other, , , , , , , , , ,0,0,1,0,0,0,0,1,1,1,0,0,0,0
1349045,2013,3,2,5,20,5,43.78244538,-79.40319029,Willowdale (23),23,Willowdale East (51),51,D32,North York,170 FINCH AVE E, , ,Major Arterial,Mid-Block, ,No Control,Clear,Dawn,Dry,Non-Fatal Injury,Sideswipe,Driver,20 to 24,Major,0,West,"Automobile, Station Wagon",Going Ahead,Lost control,Unknown, , , , , , ,0,0,1,0,0,0,0,1,1,1,0,0,0,0
4003346402,2014,11,22,5,20,5,43.72368963,-79.49491511,York Centre (9),9,Downsview-Roding-CFB (26),26,D31,North York,WILSON AVE,RIDGE RD,55 m West of,Major Arterial,Mid-Block,Non Intersection,No Control,Clear,"Dawn, artificial",Dry,Non-Fatal Injury,Approaching,Driver,20 to 24,Major,0,West,"Automobile, Station Wagon",Going Ahead,Lost control,Normal, , , , , , ,0,0,1,0,0,0,0,1,0,0,0,0,0,0
4003346402,2014,11,22,5,20,5,43.72368963,-79.49491511,York Centre (9),9,Downsview-Roding-CFB (26),26,D31,North York,WILSON AVE,RIDGE RD,55 m West of,Major Arterial,Mid-Block,Non Intersection,No Control,Clear,"Dawn, artificial",Dry,Non-Fatal Injury,Approaching,Driver,45 to 49,Minor,0,East,"Automobile, Station Wagon",Going Ahead,Driving Properly,Normal, , , , , , ,0,0,1,0,0,0,0,1,0,0,0,0,0,0
4003346402,2014,11,22,5,20,5,43.72368963,-79.49491511,York Centre (9),9,Downsview-Roding-CFB (26),26,D31,North York,WILSON AVE,RIDGE RD,55 m West of,Major Arterial,Mid-Block,Non Intersection,No Control,Clear,"Dawn, artificial",Dry,Non-Fatal Injury,Approaching,Passenger,20 to 24,Minimal,0, , , , , , , , , , , ,0,0,1,0,0,0,0,1,0,0,0,0,0,0
4003346402,2014,11,22,5,20,5,43.72368963,-79.49491511,York Centre (9),9,Downsview-Roding-CFB (26),26,D31,North York,WILSON AVE,RIDGE RD,55 m West of,Major Arterial,Mid-Block,Non Intersection,No Control,Clear,"Dawn, artificial",Dry,Non-Fatal Injury,Approaching,Passenger,0 to 4,Minimal,0, , , , , , , , , , , ,0,0,1,0,0,0,0,1,0,0,0,0,0,0
6000042274,2016,1,8,5,20,4,43.59304007,-79.54156122,Etobicoke-Lakeshore (6),6,Long Branch (19),19,D22,Etobicoke York,BROWN S LINE,LAKE SHORE BLVD W,30 m North of,Major Arterial Ramp,Mid-Block,Non Intersection,No Control,Clear,"Dark, artificial",Wet,Fatal,SMV Other,Driver,40 to 44,Fatal,2,South,"Automobile, Station Wagon",Going Ahead,Speed too Fast For Condition,Unknown, , , , , , ,0,0,1,0,0,0,0,0,1,1,0,0,0,1
6000139902,2016,1,24,5,21,6,43.63067206,-79.42742548,Trinity-Spadina (19),19,Niagara (82),82,D14,Toronto East York,LAKE SHORE BLVD W,BRITISH COLUMBIA RD,245 m East of,Major Arterial,Mid-Block,Non Intersection,No Control,Clear,"Dark, artificial",Dry,Non-Fatal Injury,SMV Other,Driver,25 to 29,Major,0,East,"Automobile, Station Wagon",Going Ahead,Exceeding Speed Limit,Inattentive, , , , , , ,0,0,1,0,0,0,0,0,1,1,0,0,0,0
951370,2007,2,5,5,23,0,43.69844538,-79.46349029,Eglinton-Lawrence (15),15,Briar Hill-Belgravia (108),108,D13,North York,CALEDONIA RD,CASTLEFIELD AVE, ,Minor Arterial,Intersection,At Intersection,Traffic Signal,Clear,Dark,Dry,Fatal,Angle,Passenger,45 to 49,Minor,0, ,Other, , , , , , , , , ,0,0,1,0,0,0,0,1,0,1,1,0,0,1
951370,2007,2,5,5,23,0,43.69844538,-79.46349029,Eglinton-Lawrence (15),15,Briar Hill-Belgravia (108),108,D13,North York,CALEDONIA RD,CASTLEFIELD AVE, ,Minor Arterial,Intersection,At Intersection,Traffic Signal,Clear,Dark,Dry,Fatal,Angle,Driver,45 to 49,Fatal,0,West,"Automobile, Station Wagon",Going Ahead,Driving Properly,Normal, , , , , , ,0,0,1,0,0,0,0,1,0,1,1,0,0,1
951370,2007,2,5,5,23,0,43.69844538,-79.46349029,Eglinton-Lawrence (15),15,Briar Hill-Belgravia (108),108,D13,North York,CALEDONIA RD,CASTLEFIELD AVE, ,Minor Arterial,Intersection,At Intersection,Traffic Signal,Clear,Dark,Dry,Fatal,Angle,Vehicle Owner,unknown, ,0, ,Other, , , , , , , , , ,0,0,1,0,0,0,0,1,0,1,1,0,0,1