ACCNUM,YEAR,MONTH,DAY,HOUR,MINUTES,WEEKDAY,LATITUDE,LONGITUDE,Ward_Name,Ward_ID,Hood_Name,Hood_ID,Division,District,STREET1,STREET2,OFFSET,ROAD_CLASS,LOCCOORD,ACCLOC,TRAFFCTL,VISIBILITY,LIGHT,RDSFCOND,ACCLASS,IMPACTYPE,INVTYPE,INVAGE,INJURY,FATAL_NO,INITDIR,VEHTYPE,MANOEUVER,DRIVACT,DRIVCOND,PEDTYPE,PEDACT,PEDCOND,CYCLISTYPE,CYCACT,CYCCOND,PEDESTRIAN,CYCLIST,AUTOMOBILE,MOTORCYCLE,TRUCK,TRSN_CITY_VEH,EMERG_VEH,PASSENGER,SPEEDING,AG_DRIV,REDLIGHT,ALCOHOL,DISABILITY,FATAL
4002722723,2014,8,17,21,0,6,43.70505865,-79.39798365,St. Paul's (22),22,Mount Pleasant West (104),104,D53,Toronto East York,2169 YONGE ST, , ,Major Arterial,Mid-Block,At/Near Private Drive,No Control,Clear,Daylight,Dry,Non-Fatal Injury,Turning Movement,Passenger,20 to 24,None,0, , , , , , , , , , , ,0,0,1,1,0,0,0,1,0,1,0,0,0,0
961100,2007,2,28,22,25,2,43.72674538,-79.55209029,Etobicoke North (2),2,Elms-Old Rexdale (5),5,D23,Etobicoke York,ALBION RD,ARCOT BLVD, ,Major Arterial,Intersection,At Intersection,Traffic Controller,Clear,Dark,Dry,Non-Fatal Injury,Rear End,Passenger,30 to 34,Major,0, ,Other, , , , , , , , , ,0,0,1,0,0,0,0,1,0,1,0,0,0,0
1263909,2011,11,5,22,11,5,43.64377936,-79.40337,Trinity-Spadina (19),19,Niagara (82),82,D14,Toronto East York,KING ST W,BATHURST ST, ,Major Arterial,Mid-Block, ,No Control,Clear,"Dark, artificial",Dry,Non-Fatal Injury,Pedestrian Collisions,Vehicle Owner,unknown, ,0, ,Other, , , , , , , , , ,1,0,1,0,0,1,0,0,1,1,0,1,0,0
1387238,2013,9,21,21,40,5,43.64711722,-79.40397272,Trinity-Spadina (20),20,Waterfront Communities-The Island (77),77,D14,Toronto East York,QUEEN ST W,BATHURST ST, ,Major Arterial,Intersection,At Intersection,Traffic Signal,Clear,"Dark, artificial",Dry,Non-Fatal Injury,Cyclist Collisions,Driver,15 to 19,None,0,East,"Automobile, Station Wagon",Changing Lanes,Improper Lane Change,Had Been Drinking, , , , , , ,0,1,1,0,0,0,0,0,0,0,0,0,0,0
4002735786,2014,8,19,21,20,1,43.65289648,-79.42966852,Davenport (18),18,Little Portugal (84),84,D14,Toronto East York,COLLEGE ST,RUSHOLME PARK CRT, ,Major Arterial,Intersection,At Intersection,Stop Sign,Clear,"Dark, artificial",Dry,Non-Fatal Injury,Cyclist Collisions,Driver,25 to 29,None,0,East,Delivery Van,Turning Right,Improper Turn,Inattentive, , , , , , ,0,1,1,0,0,0,0,0,0,0,0,0,0,0
1501079056,2015,6,26,21,50,4,43.68681296,-79.44664393,Davenport (17),17,Caledonia-Fairbank (109),109,D13,Etobicoke York,2058 DUFFERIN ST, , ,Major Arterial,Mid-Block, ,No Control,Clear,"Dark, artificial",Dry,Fatal,Pedestrian Collisions,Driver,60 to 64,None,0,South,"Automobile, Station Wagon",Going Ahead,Driving Properly,Had Been Drinking, , , , , , ,1,0,1,0,0,0,0,0,0,0,0,0,0,1
5001484830,2015,8,28,22,0,4,43.74137076,-79.59078608,Etobicoke North (1),1,Mount Olive-Silverstone-Jamestown (2),2,D23,Etobicoke York,ALBION RD,FINCH AVE W, ,Major Arterial,Mid-Block,Non Intersection,No Control,Clear,Daylight,Dry,Non-Fatal Injury,Approaching,Passenger,15 to 19,Major,0, , , , , , , , , , , ,0,0,1,0,0,0,0,1,1,1,0,0,0,0
1174310,2010,5,18,21,10,1,43.60150488,-79.50186549,Etobicoke-Lakeshore (6),6,New Toronto (18),18,D22,Etobicoke York,LAKE SHORE BLVD W,FOURTH ST, ,Major Arterial,Intersection,At Intersection,No Control,Clear,"Dark, artificial",Dry,Non-Fatal Injury,Pedestrian Collisions,Pedestrian,45 to 49,Major,0,North,Other, , , ,Other / Undefined,"Crossing, no Traffic Control",Had Been Drinking, , , ,1,0,1,0,0,0,0,0,0,0,0,0,0,0
5001404450,2015,8,15,21,0,5,43.69442709,-79.44974146,Eglinton-Lawrence (15),15,Oakwood Village (107),107,D13,North York,DUFFERIN ST,HUNTER AVE, ,Major Arterial,Intersection,At Intersection,No Control,Clear,"Dark, artificial",Dry,Non-Fatal Injury,Cyclist Collisions,Driver,70 to 74,None,0,North,"Automobile, Station Wagon",Turning Left,Improper Turn,Normal, , , , , , ,0,1,1,0,0,0,0,0,0,0,0,0,0,0
961100,2007,2,28,22,25,2,43.72674538,-79.55209029,Etobicoke North (2),2,Elms-Old Rexdale (5),5,D23,Etobicoke York,ALBION RD,ARCOT BLVD, ,Major Arterial,Intersection,At Intersection,Traffic Controller,Clear,Dark,Dry,Non-Fatal Injury,Rear End,Passenger,25 to 29,Minimal,0, ,Other, , , , , , , , , ,0,0,1,0,0,0,0,1,0,1,0,0,0,0
1263909,2011,11,5,22,11,5,43.64377936,-79.40337,Trinity-Spadina (19),19,Niagara (82),82,D14,Toronto East York,KING ST W,BATHURST ST, ,Major Arterial,Mid-Block, ,No Control,Clear,"Dark, artificial",Dry,Non-Fatal Injury,Pedestrian Collisions,Driver,30 to 34,None,0,East,Municipal Transit Bus (TTC),Stopped,Driving Properly,Normal, , , , , , ,1,0,1,0,0,1,0,0,1,1,0,1,0,0
961100,2007,2,28,22,25,2,43.72674538,-79.55209029,Etobicoke North (2),2,Elms-Old Rexdale (5),5,D23,Etobicoke York,ALBION RD,ARCOT BLVD, ,Major Arterial,Intersection,At Intersection,Traffic Controller,Clear,Dark,Dry,Non-Fatal Injury,Rear End,Passenger,25 to 29,Major,0, ,Other, , , , , , , , , ,0,0,1,0,0,0,0,1,0,1,0,0,0,0
1387238,2013,9,21,21,40,5,43.64711722,-79.40397272,Trinity-Spadina (20),20,Waterfront Communities-The Island (77),77,D14,Toronto East York,QUEEN ST W,BATHURST ST, ,Major Arterial,Intersection,At Intersection,Traffic Signal,Clear,"Dark, artificial",Dry,Non-Fatal Injury,Cyclist Collisions,Cyclist,40 to 44,Major,0,East,Bicycle,Going Ahead, , , , , ,Cyclist and Driver travelling in same direction. One vehicle sideswipes the other.,Driving Properly,Normal,0,1,1,0,0,0,0,0,0,0,0,0,0,0
1249168,2011,8,15,21,10,0,43.61604538,-79.53439029,Etobicoke-Lakeshore (6),6,Alderwood (20),20,D22,Etobicoke York,F G GARDINER XY Expr E,427 X S GARDINER X E RAMP, ,Expressway,Mid-Block, ,No Control,Clear,Dark,Dry,Non-Fatal Injury,Rear End,Passenger,50 to 54,Major,0, ,Other, , , , , , , , , ,0,0,1,0,0,0,0,1,0,1,0,0,0,0
5001604572,2015,9,16,22,0,2,43.60110815,-79.51608668,Etobicoke-Lakeshore (6),6,New Toronto (18),18,D22,Etobicoke York,BIRMINGHAM ST,SIXTEENTH ST,1 m East of,Collector,Intersection,Non Intersection,No Control,Clear,"Dark, artificial",Dry,Non-Fatal Injury,Cyclist Collisions,Cyclist,50 to 54,Major,0,West,Bicycle,Changing Lanes, , , , , ,Cyclist and Driver travelling in same direction. One vehicle sideswipes the other.,Improper Lane Change,Inattentive,0,1,1,0,0,0,0,0,0,0,0,0,0,0
5001404450,2015,8,15,21,0,5,43.69442709,-79.44974146,Eglinton-Lawrence (15),15,Oakwood Village (107),107,D13,North York,DUFFERIN ST,HUNTER AVE, ,Major Arterial,Intersection,At Intersection,No Control,Clear,"Dark, artificial",Dry,Non-Fatal Injury,Cyclist Collisions,Cyclist,50 to 54,Major,0,South,Bicycle,Going Ahead, , , , , ,Motorist turned left across cyclists path.,Driving Properly,Normal,0,1,1,0,0,0,0,0,0,0,0,0,0,0
6000917745,2016,5,27,21,50,4,43.75547751,-79.24538813,Scarborough Centre (38),38,Bendale (127),127,D43,Scarborough,LAWRENCE AVE E,MCCOWAN RD, ,Major Arterial,Intersection,At Intersection,Traffic Signal,Clear,"Dark, artificial",Dry,Non-Fatal Injury,Turning Movement,Driver,65 to 69,Minimal,0,South,"Automobile, Station Wagon",Turning Left,Disobeyed Traffic Control,Inattentive, , , , , , ,0,0,1,1,0,0,0,1,0,1,1,0,0,0
987827,2007,9,3,22,12,0,43.66134538,-79.35759029,Toronto Centre-Rosedale (28),28,Regent Park (72),72,D51,Toronto East York,DUNDAS ST E,RIVER ST, ,Minor Arterial,Mid-Block, ,No Control,Clear,Dark,Dry,Non-Fatal Injury,Sideswipe,Driver,25 to 29,None,0,East,Other,Stopped,Driving Properly,Normal, , , , , , ,0,0,1,0,0,0,0,0,0,0,0,0,0,0
4002735786,2014,8,19,21,20,1,43.65289648,-79.42966852,Davenport (18),18,Little Portugal (84),84,D14,Toronto East York,COLLEGE ST,RUSHOLME PARK CRT, ,Major Arterial,Intersection,At Intersection,Stop Sign,Clear,"Dark, artificial",Dry,Non-Fatal Injury,Cyclist Collisions,Cyclist,40 to 44,Major,0,North,Bicycle,Going Ahead, , , , , ,"Motorist turns right at non-signal Inter.(stop, yield, no cont.,and dwy) and strikes cyclist.",Driving Properly,Normal,0,1,1,0,0,0,0,0,0,0,0,0,0,0
961100,2007,2,28,22,25,2,43.72674538,-79.55209029,Etobicoke North (2),2,Elms-Old Rexdale (5),5,D23,Etobicoke York,ALBION RD,ARCOT BLVD, ,Major Arterial,Intersection,At Intersection,Traffic Controller,Clear,Dark,Dry,Non-Fatal Injury,Rear End,Driver,20 to 24,Minimal,0,North,"Automobile, Station Wagon",Slowing or Stopping,Driving Properly,Normal, , , , , , ,0,0,1,0,0,0,0,1,0,1,0,0,0,0
1092885,2009,3,4,21,41,2,43.68814538,-79.30179029,Beaches-East York (32),32,East End-Danforth (62),62,D55,Toronto East York,MAIN Stre,DANFORTH Aven, ,Major Arterial, , , ,Other,Dark,Other,Non-Fatal Injury,Other,Vehicle Owner,unknown,None,0, ,Other,Other, , , , , , , , ,0,0,1,0,0,0,0,1,0,0,0,0,0,0
961100,2007,2,28,22,25,2,43.72674538,-79.55209029,Etobicoke North (2),2,Elms-Old Rexdale (5),5,D23,Etobicoke York,ALBION RD,ARCOT BLVD, ,Major Arterial,Intersection,At Intersection,Traffic Controller,Clear,Dark,Dry,Non-Fatal Injury,Rear End,Driver,unknown,None,0,North,"Automobile, Station Wagon",Going Ahead,Following too Close,Inattentive, , , , , , ,0,0,1,0,0,0,0,1,0,1,0,0,0,0
6000917745,2016,5,27,21,50,4,43.75547751,-79.24538813,Scarborough Centre (38),38,Bendale (127),127,D43,Scarborough,LAWRENCE AVE E,MCCOWAN RD, ,Major Arterial,Intersection,At Intersection,Traffic Signal,Clear,"Dark, artificial",Dry,Non-Fatal Injury,Turning Movement,Motorcycle Driver,40 to 44,Major,0,North,Motorcycle,Going Ahead,Driving Properly,Normal, , , , , , ,0,0,1,1,0,0,0,1,0,1,1,0,0,0
6001945011,2016,11,1,21,0,1,43.753062799999995,-79.38513575,Don Valley West (25),25,St.Andrew-Windfields (40),40,D33,North York,BAYVIEW AVE,HEATHCOTE AVE,100 m North of,Major Arterial,Mid-Block,Non Intersection,No Control,Clear,"Dark, artificial",Dry,Non-Fatal Injury,Turning Movement,Driver,20 to 24,Major,0,South,"Automobile, Station Wagon",Turning Left,Improper Turn,Unknown, , , , , , ,0,0,1,0,0,0,0,0,0,0,0,0,0,0
5001604572,2015,9,16,22,0,2,43.60110815,-79.51608668,Etobicoke-Lakeshore (6),6,New Toronto (18),18,D22,Etobicoke York,BIRMINGHAM ST,SIXTEENTH ST,1 m East of,Collector,Intersection,Non Intersection,No Control,Clear,"Dark, artificial",Dry,Non-Fatal Injury,Cyclist Collisions,Driver,50 to 54,None,0,West,"Automobile, Station Wagon",Going Ahead,Driving Properly,Normal, , , , , , ,0,1,1,0,0,0,0,0,0,0,0,0,0,0
5000887145,2015,5,27,21,20,2,43.69047125,-79.55945978,Etobicoke Centre (4),4,Willowridge-Martingrove-Richview (7),7,D23,Etobicoke York,TANGAMO RD,MOFORD CRES,17 m North of,Local,Intersection,Non Intersection,Stop Sign,Clear,"Dark, artificial",Dry,Fatal,SMV Other,Driver,15 to 19,Fatal,24,South,"Automobile, Station Wagon",Going Ahead,Other,Unknown, , , , , , ,0,0,1,0,0,0,0,0,0,0,0,0,0,1
987827,2007,9,3,22,12,0,43.66134538,-79.35759029,Toronto Centre-Rosedale (28),28,Regent Park (72),72,D51,Toronto East York,DUNDAS ST E,RIVER ST, ,Minor Arterial,Mid-Block, ,No Control,Clear,Dark,Dry,Non-Fatal Injury,Sideswipe,Vehicle Owner,unknown,None,0, ,Other, , , , , , , , , ,0,0,1,0,0,0,0,0,0,0,0,0,0,0
1092885,2009,3,4,21,41,2,43.68814538,-79.30179029,Beaches-East York (32),32,East End-Danforth (62),62,D55,Toronto East York,MAIN Stre,DANFORTH Aven, ,Major Arterial, , , ,Other,Dark,Other,Non-Fatal Injury,Other,Driver,unknown,None,0, ,Other,Unknown, , , , , , , , ,0,0,1,0,0,0,0,1,0,0,0,0,0,0
1249168,2011,8,15,21,10,0,43.61604538,-79.53439029,Etobicoke-Lakeshore (6),6,Alderwood (20),20,D22,Etobicoke York,F G GARDINER XY Expr E,427 X S GARDINER X E RAMP, ,Expressway,Mid-Block, ,No Control,Clear,Dark,Dry,Non-Fatal Injury,Rear End,Driver,15 to 19,Major,0,West,"Automobile, Station Wagon",Going Ahead,Driving Properly,Normal, , , , , , ,0,0,1,0,0,0,0,1,0,1,0,0,0,0
1033770,2008,4,15,22,25,1,43.79794538,-79.42009029,Willowdale (23),23,Newtonbrook West (36),36,D32,North York,STEELES AVE W,YONGE ST, ,Major Arterial,Intersection,At Intersection,Traffic Signal,Clear,Daylight,Dry,Non-Fatal Injury,Rear End,Driver,20 to 24,None,0,East,"Automobile, Station Wagon",Slowing or Stopping,Following too Close,Normal, , , , , , ,0,0,1,0,0,0,0,0,0,1,0,0,0,0
6000917745,2016,5,27,21,50,4,43.75547751,-79.24538813,Scarborough Centre (38),38,Bendale (127),127,D43,Scarborough,LAWRENCE AVE E,MCCOWAN RD, ,Major Arterial,Intersection,At Intersection,Traffic Signal,Clear,"Dark, artificial",Dry,Non-Fatal Injury,Turning Movement,Motorcycle Passenger,10 to 14,Major,0, , , , , , , , , , , ,0,0,1,1,0,0,0,1,0,1,1,0,0,0
6001945011,2016,11,1,21,0,1,43.753062799999995,-79.38513575,Don Valley West (25),25,St.Andrew-Windfields (40),40,D33,North York,BAYVIEW AVE,HEATHCOTE AVE,100 m North of,Major Arterial,Mid-Block,Non Intersection,No Control,Clear,"Dark, artificial",Dry,Non-Fatal Injury,Turning Movement,Driver,50 to 54,Minor,0,North,"Automobile, Station Wagon",Going Ahead,Driving Properly,Normal, , , , , , ,0,0,1,0,0,0,0,0,0,0,0,0,0,0
7001903339,2017,10,21,22,0,5,43.78742138,-79.41553929,Willowdale (24),24,Newtonbrook East (50),50,D32,North York,CUMMER AVE,45 CUMMAR AVE, ,Minor Arterial,Intersection,Intersection Related,Traffic Signal,Clear,"Dark, artificial",Dry,Non-Fatal Injury,Cyclist Collisions,Driver,0 to 4,None,0,East,"Automobile, Station Wagon",Going Ahead,Lost control,Unknown, , , , , , ,0,1,1,0,0,0,0,0,0,0,0,0,0,0
1264189,2011,9,13,21,22,1,43.66264538,-79.41019029,Trinity-Spadina (20),20,University (79),79,D14,Toronto East York,BATHURST St,HERRICK St, ,Major Arterial,Intersection, ,No Control,Clear,Dark,Dry,Non-Fatal Injury,Turning Movement,Passenger,35 to 39,Major,0, ,Other, , , , , , , , , ,0,0,1,1,0,0,0,1,0,1,0,0,0,0
1249168,2011,8,15,21,10,0,43.61604538,-79.53439029,Etobicoke-Lakeshore (6),6,Alderwood (20),20,D22,Etobicoke York,F G GARDINER XY Expr E,427 X S GARDINER X E RAMP, ,Expressway,Mid-Block, ,No Control,Clear,Dark,Dry,Non-Fatal Injury,Rear End,Driver,unknown,None,0,West,"Automobile, Station Wagon",Going Ahead,Following too Close,Unknown, , , , , , ,0,0,1,0,0,0,0,1,0,1,0,0,0,0
1274722,2012,1,12,21,10,3,43.77964538,-79.37889029,Willowdale (24),24,Bayview Village (52),52,D33,North York,FOREST GROVE DR,PAGE AVE, ,Local,Mid-Block, ,No Control,Clear,"Dark, artificial",Wet,Fatal,Pedestrian Collisions,Driver,75 to 79,None,0,South,"Automobile, Station Wagon",Reversing,Other,Inattentive, , , , , , ,1,0,1,0,0,0,0,0,0,0,0,0,0,1
1274722,2012,1,12,21,10,3,43.77964538,-79.37889029,Willowdale (24),24,Bayview Village (52),52,D33,North York,FOREST GROVE DR,PAGE AVE, ,Local,Mid-Block, ,No Control,Clear,"Dark, artificial",Wet,Fatal,Pedestrian Collisions,Pedestrian,80 to 84,Fatal,1,Unknown,Other, , , ,Vehicle is reversing and hits pedestrian,Other,Medical or Physical Disability, , , ,1,0,1,0,0,0,0,0,0,0,0,0,0,1
1351458,2013,4,12,21,10,4,43.82134538,-79.31689029,Scarborough-Agincourt (39),39,Steeles (116),116,D42,Scarborough,STEELES Ave E,BIRCHMOUNT Rd, ,Major Arterial,Intersection,At Intersection,Traffic Signal,Clear,"Dark, artificial",Wet,Non-Fatal Injury,Cyclist Collisions,Driver,45 to 49,Minor,0,West,"Automobile, Station Wagon",Turning Left,Failed to Yield Right of Way,Normal, , , , , , ,0,1,1,0,0,0,0,1,0,1,0,0,0,0
1351458,2013,4,12,21,10,4,43.82134538,-79.31689029,Scarborough-Agincourt (39),39,Steeles (116),116,D42,Scarborough,STEELES Ave E,BIRCHMOUNT Rd, ,Major Arterial,Intersection,At Intersection,Traffic Signal,Clear,"Dark, artificial",Wet,Non-Fatal Injury,Cyclist Collisions,Passenger,25 to 29,Minimal,0, ,Other, , , , , , , , , ,0,1,1,0,0,0,0,1,0,1,0,0,0,0
1351458,2013,4,12,21,10,4,43.82134538,-79.31689029,Scarborough-Agincourt (39),39,Steeles (116),116,D42,Scarborough,STEELES Ave E,BIRCHMOUNT Rd, ,Major Arterial,Intersection,At Intersection,Traffic Signal,Clear,"Dark, artificial",Wet,Non-Fatal Injury,Cyclist Collisions,Passenger,25 to 29,Minimal,0, ,Other, , , , , , , , , ,0,1,1,0,0,0,0,1,0,1,0,0,0,0
1351458,2013,4,12,21,10,4,43.82134538,-79.31689029,Scarborough-Agincourt (39),39,Steeles (116),116,D42,Scarborough,STEELES Ave E,BIRCHMOUNT Rd, ,Major Arterial,Intersection,At Intersection,Traffic Signal,Clear,"Dark, artificial",Wet,Non-Fatal Injury,Cyclist Collisions,Driver,20 to 24,Minimal,0,East,"Automobile, Station Wagon",Going Ahead,Driving Properly,Normal, , , , , , ,0,1,1,0,0,0,0,1,0,1,0,0,0,0
1351458,2013,4,12,21,10,4,43.82134538,-79.31689029,Scarborough-Agincourt (39),39,Steeles (116),116,D42,Scarborough,STEELES Ave E,BIRCHMOUNT Rd, ,Major Arterial,Intersection,At Intersection,Traffic Signal,Clear,"Dark, artificial",Wet,Non-Fatal Injury,Cyclist Collisions,Cyclist,55 to 59,Major,0,East,Bicycle,Going Ahead, , , , , ,Insufficient information (to determine cyclist crash type).,Driving Properly,Normal,0,1,1,0,0,0,0,1,0,1,0,0,0,0
5001366372,2015,8,9,21,10,6,43.80885275,-79.17103205,Scarborough-Rouge River (42),42,Rouge (131),131,D42,Scarborough,MEADOWVALE RD,SHEPPARD AVE E,35 m North of,Collector,Mid-Block,Intersection Related,No Control,Clear,"Dark, artificial",Dry,Fatal,Pedestrian Collisions,Driver,70 to 74,None,0,South,"Automobile, Station Wagon",Going Ahead,Driving Properly,Normal, , , , , , ,1,0,1,0,0,0,0,0,0,0,0,0,0,1
5001366372,2015,8,9,21,10,6,43.80885275,-79.17103205,Scarborough-Rouge River (42),42,Rouge (131),131,D42,Scarborough,MEADOWVALE RD,SHEPPARD AVE E,35 m North of,Collector,Mid-Block,Intersection Related,No Control,Clear,"Dark, artificial",Dry,Fatal,Pedestrian Collisions,Pedestrian,35 to 39,Fatal,36,Unknown, , , , ,Pedestrian hit at mid-block,"Crossing, no Traffic Control",Normal, , , ,1,0,1,0,0,0,0,0,0,0,0,0,0,1
5002000710,2015,11,21,21,10,5,43.68965872,-79.47716914,York South-Weston (12),12,Keelesdale-Eglinton West (110),110,D12,Etobicoke York,EGLINTON AVE W,MUNICIPAL DR,19 m East of,Major Arterial,Intersection,Non Intersection,No Control,Rain,"Dark, artificial",Wet,Non-Fatal Injury,Pedestrian Collisions,Driver,unknown,None,0,Unknown, ,Unknown,Other,Unknown, , , , , , ,1,0,0,0,0,0,0,0,0,0,0,0,0,0
5002000710,2015,11,21,21,10,5,43.68965872,-79.47716914,York South-Weston (12),12,Keelesdale-Eglinton West (110),110,D12,Etobicoke York,EGLINTON AVE W,MUNICIPAL DR,19 m East of,Major Arterial,Intersection,Non Intersection,No Control,Rain,"Dark, artificial",Wet,Non-Fatal Injury,Pedestrian Collisions,Pedestrian,30 to 34,Major,0,Unknown, , , , ,Pedestrian hit at mid-block,Other,Had Been Drinking, , , ,1,0,0,0,0,0,0,0,0,0,0,0,0,0
1127797,2009,8,29,21,11,5,43.70764538,-79.34289029,Don Valley West (26),26,Thorncliffe Park (55),55,D53,North York,OVERLEA Boul,THORNCLIFFE PARK Driv, ,Major Arterial,Mid-Block, ,No Control,Clear,Dark,Dry,Non-Fatal Injury,Pedestrian Collisions,Vehicle Owner,unknown, ,0, ,Other, , , , , , , , , ,1,0,1,0,0,0,0,0,0,0,0,0,0,0
1127797,2009,8,29,21,11,5,43.70764538,-79.34289029,Don Valley West (26),26,Thorncliffe Park (55),55,D53,North York,OVERLEA Boul,THORNCLIFFE PARK Driv, ,Major Arterial,Mid-Block, ,No Control,Clear,Dark,Dry,Non-Fatal Injury,Pedestrian Collisions,Driver,50 to 54,None,0,East,"Automobile, Station Wagon",Going Ahead,Driving Properly,Normal, , , , , , ,1,0,1,0,0,0,0,0,0,0,0,0,0,0
1127797,2009,8,29,21,11,5,43.70764538,-79.34289029,Don Valley West (26),26,Thorncliffe Park (55),55,D53,North York,OVERLEA Boul,THORNCLIFFE PARK Driv, ,Major Arterial,Mid-Block, ,No Control,Clear,Dark,Dry,Non-Fatal Injury,Pedestrian Collisions,Pedestrian,45 to 49,Major,0,South,Other, , , ,Pedestrian hit at mid-block,Running onto Roadway,Inattentive, , , ,1,0,1,0,0,0,0,0,0,0,0,0,0,0
4003207779,2014,10,30,21,11,3,43.62131842,-79.52505884,Etobicoke-Lakeshore (5),5,Islington-City Centre West (14),14,D22,Etobicoke York,1255 QUEENSWAY AVE, , ,Major Arterial,Mid-Block,Non Intersection,No Control,Clear,"Dark, artificial",Wet,Non-Fatal Injury,Turning Movement,Motorcycle Driver,25 to 29,Major,0,East,Motorcycle,Going Ahead,Driving Properly,Normal, , , , , , ,0,0,0,1,0,0,0,0,0,1,0,0,0,0
4003207779,2014,10,30,21,11,3,43.62131842,-79.52505884,Etobicoke-Lakeshore (5),5,Islington-City Centre West (14),14,D22,Etobicoke York,1255 QUEENSWAY AVE, , ,Major Arterial,Mid-Block,Non Intersection,No Control,Clear,"Dark, artificial",Wet,Non-Fatal Injury,Turning Movement,Driver,unknown,None,0,North, ,Turning Right,Failed to Yield Right of Way,Unknown, , , , , , ,0,0,0,1,0,0,0,0,0,1,0,0,0,0
5001265349,2015,7,24,21,11,4,43.69424017,-79.55863581,Etobicoke Centre (4),4,Kingsview Village-The Westway (6),6,D23,Etobicoke York,DIXON RD,KIPLING AVE,12 m East of,Major Arterial,Intersection,At Intersection,Traffic Signal,Clear,"Dusk, artificial",Dry,Non-Fatal Injury,Turning Movement,Driver,20 to 24,Minor,0,East,"Automobile, Station Wagon",Turning Left,Improper Turn,Normal, , , , , , ,0,0,1,0,0,0,0,1,0,0,0,0,0,0
5001265349,2015,7,24,21,11,4,43.69424017,-79.55863581,Etobicoke Centre (4),4,Kingsview Village-The Westway (6),6,D23,Etobicoke York,DIXON RD,KIPLING AVE,12 m East of,Major Arterial,Intersection,At Intersection,Traffic Signal,Clear,"Dusk, artificial",Dry,Non-Fatal Injury,Turning Movement,Driver,55 to 59,Major,0,West,"Automobile, Station Wagon",Going Ahead,Driving Properly,Normal, , , , , , ,0,0,1,0,0,0,0,1,0,0,0,0,0,0
5001265349,2015,7,24,21,11,4,43.69424017,-79.55863581,Etobicoke Centre (4),4,Kingsview Village-The Westway (6),6,D23,Etobicoke York,DIXON RD,KIPLING AVE,12 m East of,Major Arterial,Intersection,At Intersection,Traffic Signal,Clear,"Dusk, artificial",Dry,Non-Fatal Injury,Turning Movement,Passenger,20 to 24,Minor,0, , , , , , , , , , , ,0,0,1,0,0,0,0,1,0,0,0,0,0,0
6000605777,2016,4,9,21,11,5,43.78865393,-79.40990076,Willowdale (24),24,Newtonbrook East (50),50,D32,North York,CUMMER AVE,WILLOWDALE AVE, ,Minor Arterial,Intersection,Intersection Related,Traffic Signal,Clear,Dark,Dry,Fatal,Angle,Driver,60 to 64,None,0,North,"Automobile, Station Wagon",Going Ahead,Driving Properly,Unknown, , , , , , ,0,0,1,0,0,0,0,0,0,1,1,0,0,1
6000605777,2016,4,9,21,11,5,43.78865393,-79.40990076,Willowdale (24),24,Newtonbrook East (50),50,D32,North York,CUMMER AVE,WILLOWDALE AVE, ,Minor Arterial,Intersection,Intersection Related,Traffic Signal,Clear,Dark,Dry,Fatal,Angle,Driver,30 to 34,Fatal,25,West,"Automobile, Station Wagon",Going Ahead,Disobeyed Traffic Control,Unknown, , , , , , ,0,0,1,0,0,0,0,0,0,1,1,0,0,1
6001250602,2016,7,16,21,11,5,43.80602225,-79.38335047,Willowdale (24),24,Bayview Woods-Steeles (49),49,D33,North York,STEELES AVE E,BESTVIEW DR,2 m North of,Major Arterial,Intersection,Intersection Related,No Control,Clear,"Dusk, artificial",Dry,Non-Fatal Injury,Turning Movement,Driver,75 to 79,None,0,West,"Automobile, Station Wagon",Turning Left,Failed to Yield Right of Way,Normal, , , , , , ,0,0,1,0,0,0,0,1,0,1,0,0,0,0
6001250602,2016,7,16,21,11,5,43.80602225,-79.38335047,Willowdale (24),24,Bayview Woods-Steeles (49),49,D33,North York,STEELES AVE E,BESTVIEW DR,2 m North of,Major Arterial,Intersection,Intersection Related,No Control,Clear,"Dusk, artificial",Dry,Non-Fatal Injury,Turning Movement,Driver,60 to 64,Minimal,0,East,"Automobile, Station Wagon",Going Ahead,Driving Properly,Normal, , , , , , ,0,0,1,0,0,0,0,1,0,1,0,0,0,0
6001250602,2016,7,16,21,11,5,43.80602225,-79.38335047,Willowdale (24),24,Bayview Woods-Steeles (49),49,D33,North York,STEELES AVE E,BESTVIEW DR,2 m North of,Major Arterial,Intersection,Intersection Related,No Control,Clear,"Dusk, artificial",Dry,Non-Fatal Injury,Turning Movement,Passenger,55 to 59,Major,0, , , , , , , , , , , ,0,0,1,0,0,0,0,1,0,1,0,0,0,0
6001359904,2016,8,2,21,12,1,43.64157065,-79.39186487,Trinity-Spadina (20),20,Waterfront Communities-The Island (77),77,D52,Toronto East York,BLUE JAYS WAY,NAVY WHARF CRT, ,Minor Arterial,Intersection,At Intersection,Stop Sign,Clear,"Dark, artificial",Dry,Non-Fatal Injury,Pedestrian Collisions,Driver,55 to 59,None,0,West,Passenger Van,Turning Left,Failed to Yield Right of Way,Normal, , , , , , ,1,0,1,0,0,0,0,1,0,1,0,0,0,0
6001359904,2016,8,2,21,12,1,43.64157065,-79.39186487,Trinity-Spadina (20),20,Waterfront Communities-The Island (77),77,D52,Toronto East York,BLUE JAYS WAY,NAVY WHARF CRT, ,Minor Arterial,Intersection,At Intersection,Stop Sign,Clear,"Dark, artificial",Dry,Non-Fatal Injury,Pedestrian Collisions,Passenger,35 to 39,None,0, , , , , , , , , , , ,1,0,1,0,0,0,0,1,0,1,0,0,0,0