ACCNUM,YEAR,MONTH,DAY,HOUR,MINUTES,WEEKDAY,LATITUDE,LONGITUDE,Ward_Name,Ward_ID,Hood_Name,Hood_ID,Division,District,STREET1,STREET2,OFFSET,ROAD_CLASS,LOCCOORD,ACCLOC,TRAFFCTL,VISIBILITY,LIGHT,RDSFCOND,ACCLASS,IMPACTYPE,INVTYPE,INVAGE,INJURY,FATAL_NO,INITDIR,VEHTYPE,MANOEUVER,DRIVACT,DRIVCOND,PEDTYPE,PEDACT,PEDCOND,CYCLISTYPE,CYCACT,CYCCOND,PEDESTRIAN,CYCLIST,AUTOMOBILE,MOTORCYCLE,TRUCK,TRSN_CITY_VEH,EMERG_VEH,PASSENGER,SPEEDING,AG_DRIV,REDLIGHT,ALCOHOL,DISABILITY,FATAL
6001283246,2016,7,21,21,27,3,43.65320929,-79.56346522,Etobicoke Centre (3),3,Islington-City Centre West (14),14,D22,Etobicoke York,THE EAST MALL,RATHBURN RD,137 m South of,Minor Arterial,Mid-Block,Non Intersection,No Control,Clear,"Dark, artificial",Dry,Non-Fatal Injury,Cyclist Collisions,Cyclist,20 to 24,Major,0,South,Bicycle,Going Ahead, , , , , ,Motorist reversing struck cyclist.,Driving Properly,Other,0,1,1,0,0,0,0,1,0,0,0,0,0,0
6001283246,2016,7,21,21,27,3,43.65320929,-79.56346522,Etobicoke Centre (3),3,Islington-City Centre West (14),14,D22,Etobicoke York,THE EAST MALL,RATHBURN RD,137 m South of,Minor Arterial,Mid-Block,Non Intersection,No Control,Clear,"Dark, artificial",Dry,Non-Fatal Injury,Cyclist Collisions,Passenger,35 to 39,None,0, , , , , , , , , , , ,0,1,1,0,0,0,0,1,0,0,0,0,0,0
1097174,2009,3,11,21,28,2,43.65634538,-79.45249029,Parkdale-High Park (14),14,High Park North (88),88,D11,Toronto East York,DUNDAS ST W,BLOOR ST W, ,Major Arterial,Intersection, ,No Control,Clear,Dark,Dry,Non-Fatal Injury,Pedestrian Collisions,Pedestrian,40 to 44,Major,0, ,Other, , , ,Pedestrian involved in a collision with transit vehicle anywhere along roadway,Running onto Roadway,"Ability Impaired, Alcohol Over .80", , , ,1,0,0,0,0,1,0,0,0,0,0,0,0,0
1097174,2009,3,11,21,28,2,43.65634538,-79.45249029,Parkdale-High Park (14),14,High Park North (88),88,D11,Toronto East York,DUNDAS ST W,BLOOR ST W, ,Major Arterial,Intersection, ,No Control,Clear,Dark,Dry,Non-Fatal Injury,Pedestrian Collisions,Driver,40 to 44,None,0,North,Municipal Transit Bus (TTC),Going Ahead,Driving Properly,Normal, , , , , , ,1,0,0,0,0,1,0,0,0,0,0,0,0,0
1096330,2009,3,25,21,28,2,43.64344538,-79.39129029,Trinity-Spadina (20),20,Waterfront Communities-The Island (77),77,D52,Toronto East York,FRONT ST W,BLUE JAYS WAY, ,Minor Arterial,Intersection,At Intersection,Traffic Signal,Rain,Dark,Wet,Fatal,Pedestrian Collisions,Vehicle Owner,unknown, ,0, ,Other, , , , , , , , , ,1,0,0,0,1,0,0,0,0,1,0,0,0,1
1096330,2009,3,25,21,28,2,43.64344538,-79.39129029,Trinity-Spadina (20),20,Waterfront Communities-The Island (77),77,D52,Toronto East York,FRONT ST W,BLUE JAYS WAY, ,Minor Arterial,Intersection,At Intersection,Traffic Signal,Rain,Dark,Wet,Fatal,Pedestrian Collisions,Truck Driver,30 to 34,None,0,South,Truck - Open,Turning Right,Failed to Yield Right of Way,Inattentive, , , , , , ,1,0,0,0,1,0,0,0,0,1,0,0,0,1
1096330,2009,3,25,21,28,2,43.64344538,-79.39129029,Trinity-Spadina (20),20,Waterfront Communities-The Island (77),77,D52,Toronto East York,FRONT ST W,BLUE JAYS WAY, ,Minor Arterial,Intersection,At Intersection,Traffic Signal,Rain,Dark,Wet,Fatal,Pedestrian Collisions,Pedestrian,25 to 29,Fatal,9,South,Other, , , ,Vehicle turns right while ped crosses with ROW at inter.,Crossing with right of way,Inattentive, , , ,1,0,0,0,1,0,0,0,0,1,0,0,0,1
1108205,2009,6,4,21,28,3,43.64824538,-79.45769029,Parkdale-High Park (13),13,High Park-Swansea (87),87,D11,Toronto East York,PARKSIDE DR,CONSTANCE ST, ,Major Arterial,Intersection, ,No Control,Clear,Dark,Dry,Non-Fatal Injury,Pedestrian Collisions,Passenger,5 to 9,Minimal,0, ,Other, , , , , , , , , ,1,0,1,0,0,0,0,1,0,0,0,0,0,0
1108205,2009,6,4,21,28,3,43.64824538,-79.45769029,Parkdale-High Park (13),13,High Park-Swansea (87),87,D11,Toronto East York,PARKSIDE DR,CONSTANCE ST, ,Major Arterial,Intersection, ,No Control,Clear,Dark,Dry,Non-Fatal Injury,Pedestrian Collisions,Driver,35 to 39,Minimal,0,North,"Automobile, Station Wagon",Slowing or Stopping,Driving Properly,Normal, , , , , , ,1,0,1,0,0,0,0,1,0,0,0,0,0,0
1108205,2009,6,4,21,28,3,43.64824538,-79.45769029,Parkdale-High Park (13),13,High Park-Swansea (87),87,D11,Toronto East York,PARKSIDE DR,CONSTANCE ST, ,Major Arterial,Intersection, ,No Control,Clear,Dark,Dry,Non-Fatal Injury,Pedestrian Collisions,Passenger,30 to 34,Minimal,0, ,Other, , , , , , , , , ,1,0,1,0,0,0,0,1,0,0,0,0,0,0
1108205,2009,6,4,21,28,3,43.64824538,-79.45769029,Parkdale-High Park (13),13,High Park-Swansea (87),87,D11,Toronto East York,PARKSIDE DR,CONSTANCE ST, ,Major Arterial,Intersection, ,No Control,Clear,Dark,Dry,Non-Fatal Injury,Pedestrian Collisions,Driver,30 to 34,None,0,South,"Automobile, Station Wagon",Turning Left,Lost control,Normal, , , , , , ,1,0,1,0,0,0,0,1,0,0,0,0,0,0
1108205,2009,6,4,21,28,3,43.64824538,-79.45769029,Parkdale-High Park (13),13,High Park-Swansea (87),87,D11,Toronto East York,PARKSIDE DR,CONSTANCE ST, ,Major Arterial,Intersection, ,No Control,Clear,Dark,Dry,Non-Fatal Injury,Pedestrian Collisions,Pedestrian,25 to 29,Major,0,Unknown,Other, , , ,Pedestrian hit on sidewalk or shoulder,On Sidewalk or Shoulder,Normal, , , ,1,0,1,0,0,0,0,1,0,0,0,0,0,0
1182961,2010,7,2,21,28,4,43.76054538,-79.23319029,Scarborough Centre (38),38,Woburn (137),137,D43,Scarborough,SEDGEMOUNT Dr,ROCHMAN Blvd, ,Local,Intersection, ,No Control,Clear,Dark,Dry,Non-Fatal Injury,SMV Unattended Vehicle,Other,unknown,None,0, ,Other,Parked, , , , , , , , ,0,0,1,0,0,0,0,0,0,1,0,0,0,0
1182961,2010,7,2,21,28,4,43.76054538,-79.23319029,Scarborough Centre (38),38,Woburn (137),137,D43,Scarborough,SEDGEMOUNT Dr,ROCHMAN Blvd, ,Local,Intersection, ,No Control,Clear,Dark,Dry,Non-Fatal Injury,SMV Unattended Vehicle,Driver,55 to 59,Major,0,South,"Automobile, Station Wagon",Going Ahead,Improper Passing,Fatigue, , , , , , ,0,0,1,0,0,0,0,0,0,1,0,0,0,0
1240985,2011,5,7,21,28,5,43.67624538,-79.43309029,Davenport (17),17,Wychwood (94),94,D13,Etobicoke York,MOUNT ROYAL Aven,THOME Cres, ,Local,Intersection,At Intersection,Stop Sign,Clear,Dark,Dry,Non-Fatal Injury,Cyclist Collisions,Vehicle Owner,unknown, ,0, ,Other, , , , , , , , , ,0,1,1,0,0,0,0,0,0,1,0,0,0,0
1240985,2011,5,7,21,28,5,43.67624538,-79.43309029,Davenport (17),17,Wychwood (94),94,D13,Etobicoke York,MOUNT ROYAL Aven,THOME Cres, ,Local,Intersection,At Intersection,Stop Sign,Clear,Dark,Dry,Non-Fatal Injury,Cyclist Collisions,Driver,70 to 74,None,0,North,"Automobile, Station Wagon",Turning Left,Failed to Yield Right of Way,Inattentive, , , , , , ,0,1,1,0,0,0,0,0,0,1,0,0,0,0
1240985,2011,5,7,21,28,5,43.67624538,-79.43309029,Davenport (17),17,Wychwood (94),94,D13,Etobicoke York,MOUNT ROYAL Aven,THOME Cres, ,Local,Intersection,At Intersection,Stop Sign,Clear,Dark,Dry,Non-Fatal Injury,Cyclist Collisions,Cyclist,85 to 89,Major,0,South,Bicycle,Going Ahead, , , , , ,Motorist turned left across cyclists path.,Driving Properly,Normal,0,1,1,0,0,0,0,0,0,1,0,0,0,0
1259578,2011,8,19,21,28,4,43.65184538,-79.47289029,Parkdale-High Park (13),13,High Park-Swansea (87),87,D11,Etobicoke York,BLOOR ST W,HARCROFT RD, ,Major Arterial,Intersection, ,No Control,Clear,Dark,Dry,Non-Fatal Injury,Cyclist Collisions,Driver,unknown,None,0,East,"Automobile, Station Wagon",Overtaking,Improper Passing,Unknown, , , , , , ,0,1,1,0,0,0,0,0,0,1,0,0,0,0
1259578,2011,8,19,21,28,4,43.65184538,-79.47289029,Parkdale-High Park (13),13,High Park-Swansea (87),87,D11,Etobicoke York,BLOOR ST W,HARCROFT RD, ,Major Arterial,Intersection, ,No Control,Clear,Dark,Dry,Non-Fatal Injury,Cyclist Collisions,Cyclist,45 to 49,Major,0,East,Bicycle,Going Ahead, , , , , ,Cyclist and Driver travelling in same direction. One vehicle sideswipes the other.,Driving Properly,Normal,0,1,1,0,0,0,0,0,0,1,0,0,0,0
1329449,2012,11,1,21,28,3,43.72954519,-79.30463038,Scarborough Centre (37),37,Wexford/Maryvale (119),119,D41,Scarborough,VICTORIA PARK Ave,BISCAYNE BLVD, ,Major Arterial,Mid-Block, ,No Control,Clear,"Dark, artificial",Dry,Non-Fatal Injury,Turning Movement,Driver,30 to 34,None,0,South,"Automobile, Station Wagon",Going Ahead,Driving Properly,Normal, , , , , , ,0,0,1,0,0,0,0,0,0,0,0,0,0,0
1329449,2012,11,1,21,28,3,43.72954519,-79.30463038,Scarborough Centre (37),37,Wexford/Maryvale (119),119,D41,Scarborough,VICTORIA PARK Ave,BISCAYNE BLVD, ,Major Arterial,Mid-Block, ,No Control,Clear,"Dark, artificial",Dry,Non-Fatal Injury,Turning Movement,Vehicle Owner,unknown, ,0, ,Other, , , , , , , , , ,0,0,1,0,0,0,0,0,0,0,0,0,0,0
1329449,2012,11,1,21,28,3,43.72954519,-79.30463038,Scarborough Centre (37),37,Wexford/Maryvale (119),119,D41,Scarborough,VICTORIA PARK Ave,BISCAYNE BLVD, ,Major Arterial,Mid-Block, ,No Control,Clear,"Dark, artificial",Dry,Non-Fatal Injury,Turning Movement,Driver,20 to 24,Major,0,South,"Automobile, Station Wagon",Making U Turn,Improper Turn,Normal, , , , , , ,0,0,1,0,0,0,0,0,0,0,0,0,0,0
1344588,2013,3,5,21,28,1,43.7213436,-79.3012887,Don Valley East (34),34,Victoria Village (43),43,D54,Scarborough,1420 VICTORIA PARK Ave, , ,Major Arterial,Mid-Block, ,No Control,Clear,"Dark, artificial",Wet,Fatal,Pedestrian Collisions,Vehicle Owner,unknown, ,0, , , , , , , , , , , ,1,0,1,0,0,0,0,0,1,1,0,0,0,1
1344588,2013,3,5,21,28,1,43.7213436,-79.3012887,Don Valley East (34),34,Victoria Village (43),43,D54,Scarborough,1420 VICTORIA PARK Ave, , ,Major Arterial,Mid-Block, ,No Control,Clear,"Dark, artificial",Wet,Fatal,Pedestrian Collisions,Driver,30 to 34,None,0,North,"Automobile, Station Wagon",Going Ahead,Driving Properly,Inattentive, , , , , , ,1,0,1,0,0,0,0,0,1,1,0,0,0,1
1344588,2013,3,5,21,28,1,43.7213436,-79.3012887,Don Valley East (34),34,Victoria Village (43),43,D54,Scarborough,1420 VICTORIA PARK Ave, , ,Major Arterial,Mid-Block, ,No Control,Clear,"Dark, artificial",Wet,Fatal,Pedestrian Collisions,Pedestrian,35 to 39,Fatal,7,East, , , , ,Pedestrian hit at mid-block,"Crossing, no Traffic Control",Had Been Drinking, , , ,1,0,1,0,0,0,0,0,1,1,0,0,0,1
964573,2007,2,25,21,29,6,43.79824538,-79.21699029,Scarborough-Rouge River (42),42,Malvern (132),132,D42,Scarborough,SHEPPARD AVE E,NEILSON RD, ,Major Arterial,Mid-Block, ,No Control,Snow,Dark,Packed Snow,Non-Fatal Injury,SMV Other,Driver,55 to 59,Major,0,East,"Automobile, Station Wagon",Going Ahead,Speed too Fast For Condition,Normal, , , , , , ,0,0,1,0,0,0,0,0,1,1,0,0,0,0
964573,2007,2,25,21,29,6,43.79824538,-79.21699029,Scarborough-Rouge River (42),42,Malvern (132),132,D42,Scarborough,SHEPPARD AVE E,NEILSON RD, ,Major Arterial,Mid-Block, ,No Control,Snow,Dark,Packed Snow,Non-Fatal Injury,SMV Other,Other Property Owner,unknown,None,0, ,Other, , , , , , , , , ,0,0,1,0,0,0,0,0,1,1,0,0,0,0
1025489,2008,1,29,21,29,1,43.66364538,-79.35189029,Toronto-Danforth (30),30,South Riverdale (70),70,D55,Toronto East York,BROADVIEW AVE,ALLEN AVE, ,Minor Arterial,Mid-Block, ,Pedestrian Crossover,Rain,Dark,Wet,Non-Fatal Injury,Pedestrian Collisions,Driver,55 to 59,None,0,North,"Automobile, Station Wagon",Going Ahead,Failed to Yield Right of Way,Normal, , , , , , ,1,0,1,0,0,0,0,0,0,1,0,0,0,0
1025489,2008,1,29,21,29,1,43.66364538,-79.35189029,Toronto-Danforth (30),30,South Riverdale (70),70,D55,Toronto East York,BROADVIEW AVE,ALLEN AVE, ,Minor Arterial,Mid-Block, ,Pedestrian Crossover,Rain,Dark,Wet,Non-Fatal Injury,Pedestrian Collisions,Pedestrian,30 to 34,Major,0,East,Other, , , ,Pedestrian hit a PXO/ped. Mid-block signal,"Crossing, Pedestrian Crossover",Normal, , , ,1,0,1,0,0,0,0,0,0,1,0,0,0,0
1115973,2009,6,20,21,30,5,43.70444538,-79.50419029,York South-Weston (12),12,Rustic (28),28,D12,Etobicoke York,JANE ST,MACDONALD AVE, ,Major Arterial,Intersection, ,No Control,Clear,Dark,Dry,Non-Fatal Injury,Pedestrian Collisions,Vehicle Owner,unknown, ,0, ,Other, , , , , , , , , ,1,0,1,0,0,0,0,0,0,0,0,0,0,0
1115973,2009,6,20,21,30,5,43.70444538,-79.50419029,York South-Weston (12),12,Rustic (28),28,D12,Etobicoke York,JANE ST,MACDONALD AVE, ,Major Arterial,Intersection, ,No Control,Clear,Dark,Dry,Non-Fatal Injury,Pedestrian Collisions,Driver,35 to 39,None,0,South,"Automobile, Station Wagon",Going Ahead,Driving Properly,Normal, , , , , , ,1,0,1,0,0,0,0,0,0,0,0,0,0,0
1115973,2009,6,20,21,30,5,43.70444538,-79.50419029,York South-Weston (12),12,Rustic (28),28,D12,Etobicoke York,JANE ST,MACDONALD AVE, ,Major Arterial,Intersection, ,No Control,Clear,Dark,Dry,Non-Fatal Injury,Pedestrian Collisions,Pedestrian,0 to 4,Major,0, ,Other, , , ,Other / Undefined,Running onto Roadway,Inattentive, , , ,1,0,1,0,0,0,0,0,0,0,0,0,0,0
1279218,2012,1,26,21,30,3,43.65884538,-79.34989029,Toronto-Danforth (30),30,South Riverdale (70),70,D55,Toronto East York,BROADVIEW AVE,QUEEN ST E, ,Major Arterial,Intersection,At Intersection,Traffic Signal,Rain,"Dusk, artificial",Wet,Non-Fatal Injury,Pedestrian Collisions,Driver,unknown,None,0,West,"Automobile, Station Wagon",Turning Left,Failed to Yield Right of Way,Unknown, , , , , , ,1,0,1,0,0,0,0,0,0,1,0,0,0,0
1279218,2012,1,26,21,30,3,43.65884538,-79.34989029,Toronto-Danforth (30),30,South Riverdale (70),70,D55,Toronto East York,BROADVIEW AVE,QUEEN ST E, ,Major Arterial,Intersection,At Intersection,Traffic Signal,Rain,"Dusk, artificial",Wet,Non-Fatal Injury,Pedestrian Collisions,Pedestrian,40 to 44,Major,0,West,Other, , , ,Vehicle turns left while ped crosses with ROW at inter.,Crossing with right of way,Normal, , , ,1,0,1,0,0,0,0,0,0,1,0,0,0,0
4002864815,2014,9,7,21,30,6,43.77976187,-79.41556177,Willowdale (23),23,Willowdale East (51),51,D32,North York,YONGE ST,FINCH AVE W, ,Major Arterial,Intersection,At Intersection,Traffic Signal,Clear,"Dark, artificial",Dry,Non-Fatal Injury,Pedestrian Collisions,Driver,25 to 29,None,0,North,"Automobile, Station Wagon",Going Ahead,Driving Properly,Normal, , , , , , ,1,0,1,0,0,0,0,0,0,0,0,0,0,0
4002864815,2014,9,7,21,30,6,43.77976187,-79.41556177,Willowdale (23),23,Willowdale East (51),51,D32,North York,YONGE ST,FINCH AVE W, ,Major Arterial,Intersection,At Intersection,Traffic Signal,Clear,"Dark, artificial",Dry,Non-Fatal Injury,Pedestrian Collisions,Pedestrian,20 to 24,Major,0,West, , , , ,Vehicle is going straight thru inter.while ped cross without ROW,Running onto Roadway,Inattentive, , , ,1,0,1,0,0,0,0,0,0,0,0,0,0,0
5001312732,2015,7,31,21,30,4,43.75670202,-79.32635889,Don Valley East (34),34,Parkwoods-Donalda (45),45,D33,North York,63 WALLINGFORD RD, , ,Local,Mid-Block,Private Driveway,No Control,Clear,"Dark, artificial",Wet,Non-Fatal Injury,Pedestrian Collisions,Driver,45 to 49,None,0,East,"Automobile, Station Wagon",Reversing,Other,Inattentive, , , , , , ,1,0,1,0,0,0,0,0,0,0,0,0,0,0
5001312732,2015,7,31,21,30,4,43.75670202,-79.32635889,Don Valley East (34),34,Parkwoods-Donalda (45),45,D33,North York,63 WALLINGFORD RD, , ,Local,Mid-Block,Private Driveway,No Control,Clear,"Dark, artificial",Wet,Non-Fatal Injury,Pedestrian Collisions,Pedestrian,70 to 74,Major,0,Unknown, , , , ,Pedestrian hit at private driveway,Other,Normal, , , ,1,0,1,0,0,0,0,0,0,0,0,0,0,0
1182422,2010,6,26,22,1,5,43.70714538,-79.34509029,Don Valley West (26),26,Thorncliffe Park (55),55,D53,North York,OVERLEA BLVD,THORNCLIFFE PARK DR, ,Major Arterial,Mid-Block, ,No Control,Rain,Dark,Wet,Non-Fatal Injury,Pedestrian Collisions,Driver,30 to 34,None,0,East,Municipal Transit Bus (TTC),Slowing or Stopping,Driving Properly,Normal, , , , , , ,1,0,0,0,0,1,0,0,0,0,0,0,0,0
1092885,2009,3,4,21,41,2,43.68814538,-79.30179029,Beaches-East York (32),32,East End-Danforth (62),62,D55,Toronto East York,MAIN Stre,DANFORTH Aven, ,Major Arterial, , , ,Other,Dark,Other,Non-Fatal Injury,Other,Passenger,unknown,Minor,0, ,Other,Other, , , , , , , , ,0,0,1,0,0,0,0,1,0,0,0,0,0,0
1191325,2010,9,24,22,25,4,43.73824538,-79.57159029,Etobicoke North (1),1,Thistletown-Beaumond Heights (3),3,D23,Etobicoke York,ALBION RD,TODD BROOK DR, ,Major Arterial,Intersection, ,No Control,Clear,Dark,Dry,Non-Fatal Injury,Rear End,Driver,50 to 54,None,0,East,"Automobile, Station Wagon",Going Ahead,Driving Properly,Normal, , , , , , ,0,0,1,1,0,0,0,0,1,1,0,0,0,0
1182422,2010,6,26,22,1,5,43.70714538,-79.34509029,Don Valley West (26),26,Thorncliffe Park (55),55,D53,North York,OVERLEA BLVD,THORNCLIFFE PARK DR, ,Major Arterial,Mid-Block, ,No Control,Rain,Dark,Wet,Non-Fatal Injury,Pedestrian Collisions,Pedestrian,50 to 54,Major,0,North,Other, , , ,Pedestrian involved in a collision with transit vehicle anywhere along roadway,Running onto Roadway,Had Been Drinking, , , ,1,0,0,0,0,1,0,0,0,0,0,0,0,0
1363081,2013,6,27,22,1,3,43.7277828,-79.25246821,Scarborough Southwest (35),35,Kennedy Park (124),124,D41,Scarborough,DANFORTH RD,HUNTINGTON AVE, ,Major Arterial,Intersection, ,No Control,Clear,Dark,Dry,Non-Fatal Injury,Pedestrian Collisions,Pedestrian,unknown,Major,0,North,Other,Other, , , , , , , , ,1,0,1,0,0,0,0,0,0,0,0,0,0,0
1363081,2013,6,27,22,1,3,43.7277828,-79.25246821,Scarborough Southwest (35),35,Kennedy Park (124),124,D41,Scarborough,DANFORTH RD,HUNTINGTON AVE, ,Major Arterial,Intersection, ,No Control,Clear,Dark,Dry,Non-Fatal Injury,Pedestrian Collisions,Driver,unknown,None,0,West,"Automobile, Station Wagon",Going Ahead, , , , , , , , ,1,0,1,0,0,0,0,0,0,0,0,0,0,0
1370644,2013,8,15,22,1,3,43.78054538,-79.40669029,Willowdale (23),23,Willowdale East (51),51,D32,North York,WILLOWDALE AVE,OLIVE AVE, ,Minor Arterial,Intersection,At Intersection,No Control,Clear,"Dark, artificial",Dry,Fatal,Turning Movement,Vehicle Owner,unknown, ,0, ,"Automobile, Station Wagon", , , , , , , , , ,0,0,1,1,0,0,0,0,1,1,0,0,0,1
1370644,2013,8,15,22,1,3,43.78054538,-79.40669029,Willowdale (23),23,Willowdale East (51),51,D32,North York,WILLOWDALE AVE,OLIVE AVE, ,Minor Arterial,Intersection,At Intersection,No Control,Clear,"Dark, artificial",Dry,Fatal,Turning Movement,Driver,65 to 69,None,0,South,"Automobile, Station Wagon",Turning Left,Driving Properly,Normal, , , , , , ,0,0,1,1,0,0,0,0,1,1,0,0,0,1
1370644,2013,8,15,22,1,3,43.78054538,-79.40669029,Willowdale (23),23,Willowdale East (51),51,D32,North York,WILLOWDALE AVE,OLIVE AVE, ,Minor Arterial,Intersection,At Intersection,No Control,Clear,"Dark, artificial",Dry,Fatal,Turning Movement,Vehicle Owner,unknown, ,0, ,Other, , , , , , , , , ,0,0,1,1,0,0,0,0,1,1,0,0,0,1
1370644,2013,8,15,22,1,3,43.78054538,-79.40669029,Willowdale (23),23,Willowdale East (51),51,D32,North York,WILLOWDALE AVE,OLIVE AVE, ,Minor Arterial,Intersection,At Intersection,No Control,Clear,"Dark, artificial",Dry,Fatal,Turning Movement,Motorcycle Driver,20 to 24,Fatal,31,North,Motorcycle,Going Ahead,Exceeding Speed Limit,Unknown, , , , , , ,0,0,1,1,0,0,0,0,1,1,0,0,0,1
4001933544,2014,4,21,22,1,0,43.74212607,-79.30978785,Don Valley East (34),34,Victoria Village (43),43,D33,North York,VICTORIA PARK AVE,LAWRENCE AVE E, ,Major Arterial,Intersection,Intersection Related,Traffic Signal,Clear,"Dark, artificial",Dry,Non-Fatal Injury,Pedestrian Collisions,Driver,40 to 44,None,0,West,"Automobile, Station Wagon",Turning Left,Failed to Yield Right of Way,Inattentive, , , , , , ,1,0,1,0,0,0,0,1,0,1,0,0,0,0
4001933544,2014,4,21,22,1,0,43.74212607,-79.30978785,Don Valley East (34),34,Victoria Village (43),43,D33,North York,VICTORIA PARK AVE,LAWRENCE AVE E, ,Major Arterial,Intersection,Intersection Related,Traffic Signal,Clear,"Dark, artificial",Dry,Non-Fatal Injury,Pedestrian Collisions,Passenger,15 to 19,None,0, , , , , , , , , , , ,1,0,1,0,0,0,0,1,0,1,0,0,0,0
4001933544,2014,4,21,22,1,0,43.74212607,-79.30978785,Don Valley East (34),34,Victoria Village (43),43,D33,North York,VICTORIA PARK AVE,LAWRENCE AVE E, ,Major Arterial,Intersection,Intersection Related,Traffic Signal,Clear,"Dark, artificial",Dry,Non-Fatal Injury,Pedestrian Collisions,Pedestrian,55 to 59,Major,0,West, , , , ,Vehicle turns left while ped crosses with ROW at inter.,Crossing with right of way,Normal, , , ,1,0,1,0,0,0,0,1,0,1,0,0,0,0
7000925099,2017,5,25,21,50,3,43.71105917,-79.39118586,St. Paul's (22),22,Mount Pleasant East (99),99,D53,North York,MOUNT PLEASANT RD,BROADWAY AVE, ,Major Arterial,Intersection,At Intersection,Traffic Signal,Rain,"Dark, artificial",Wet,Non-Fatal Injury,Cyclist Collisions,Cyclist,65 to 69,Major,0,North,Bicycle,Going Ahead, , , , , ,Motorist turned left across cyclists path.,Driving Properly,Normal,0,1,1,0,0,0,0,1,0,1,0,0,0,0
7000832770,2017,5,11,21,0,3,43.65103838,-79.44000629,Davenport (18),18,Dufferin Grove (83),83,D11,Toronto East York,LANSDOWNE AVE,COLLEGE STREET,5 m North of,Minor Arterial,Mid-Block,Non Intersection,Traffic Signal,Clear,"Dusk, artificial",Dry,Non-Fatal Injury,Pedestrian Collisions,Pedestrian,25 to 29,Major,0, , , , , , , ,Normal, , , ,1,0,1,0,0,0,0,0,0,0,0,0,0,0
987827,2007,9,3,22,12,0,43.66134538,-79.35759029,Toronto Centre-Rosedale (28),28,Regent Park (72),72,D51,Toronto East York,DUNDAS ST E,RIVER ST, ,Minor Arterial,Mid-Block, ,No Control,Clear,Dark,Dry,Non-Fatal Injury,Sideswipe,Vehicle Owner,unknown,None,0, ,Other, , , , , , , , , ,0,0,1,0,0,0,0,0,0,0,0,0,0,0
6001958569,2016,11,3,22,1,3,43.7274967,-79.44947443,Eglinton-Lawrence (15),15,Yorkdale-Glen Park (31),31,D32,North York,401 W ALLEN YORKDALE RAMP,YORKDALE RD,20 m East of,Expressway Ramp,Intersection,Intersection Related,Traffic Signal,Clear,Dark,Dry,Non-Fatal Injury,SMV Other,Driver,20 to 24,Major,0,South,"Automobile, Station Wagon",Going Ahead,Lost control,Unknown, , , , , , ,0,0,1,0,0,0,0,0,0,0,0,0,0,0
1249794,2011,7,23,22,2,5,43.71134538,-79.59299029,Etobicoke North (2),2,West Humber-Clairville (1),1,D23,Etobicoke York,HIGHWAY 27  S,VICE REGENT BLVD, ,Major Arterial,Intersection,At Intersection,No Control,Rain,"Dark, artificial",Wet,Non-Fatal Injury,Pedestrian Collisions,Driver,45 to 49,None,0,South,"Automobile, Station Wagon",Going Ahead,Driving Properly,Normal, , , , , , ,1,0,1,0,0,0,0,0,0,0,0,0,0,0
1249794,2011,7,23,22,2,5,43.71134538,-79.59299029,Etobicoke North (2),2,West Humber-Clairville (1),1,D23,Etobicoke York,HIGHWAY 27  S,VICE REGENT BLVD, ,Major Arterial,Intersection,At Intersection,No Control,Rain,"Dark, artificial",Wet,Non-Fatal Injury,Pedestrian Collisions,Pedestrian,65 to 69,Major,0,West,Other, , , ,Vehicle is going straight thru inter.while ped cross without ROW,"Crossing, no Traffic Control",Had Been Drinking, , , ,1,0,1,0,0,0,0,0,0,0,0,0,0,0
1128059,2009,9,2,22,3,2,43.75174538,-79.54409029,York West (7),7,Humbermede (22),22,D31,Etobicoke York,FINCH AVE W,JAYZEL DR, ,Major Arterial,Mid-Block, ,No Control,Clear,Dark,Dry,Non-Fatal Injury,Pedestrian Collisions,Driver,25 to 29,None,0,East,"Automobile, Station Wagon",Going Ahead,Exceeding Speed Limit,"Ability Impaired, Alcohol Over .08", , , , , , ,1,0,1,0,0,0,0,0,1,1,0,1,0,0
1128059,2009,9,2,22,3,2,43.75174538,-79.54409029,York West (7),7,Humbermede (22),22,D31,Etobicoke York,FINCH AVE W,JAYZEL DR, ,Major Arterial,Mid-Block, ,No Control,Clear,Dark,Dry,Non-Fatal Injury,Pedestrian Collisions,Pedestrian,25 to 29,Major,0, ,Other, , , ,Pedestrian hit at mid-block,Person Getting on/off Vehicle,Normal, , , ,1,0,1,0,0,0,0,0,1,1,0,1,0,0
1238461,2011,6,14,22,3,1,43.82214538,-79.22029029,Scarborough-Rouge River (42),42,Rouge (131),131,D42,Scarborough,HOPTREE Ave,STAINES Rd, ,Local,Mid-Block, ,No Control,Clear,Dark,Dry,Non-Fatal Injury,Other,Passenger,15 to 19,None,0, ,Other, , , , , , , , , ,0,0,1,0,0,0,0,1,0,0,0,0,0,0
1238461,2011,6,14,22,3,1,43.82214538,-79.22029029,Scarborough-Rouge River (42),42,Rouge (131),131,D42,Scarborough,HOPTREE Ave,STAINES Rd, ,Local,Mid-Block, ,No Control,Clear,Dark,Dry,Non-Fatal Injury,Other,Passenger,15 to 19,Major,0, ,Other, , , , , , , , , ,0,0,1,0,0,0,0,1,0,0,0,0,0,0
1238461,2011,6,14,22,3,1,43.82214538,-79.22029029,Scarborough-Rouge River (42),42,Rouge (131),131,D42,Scarborough,HOPTREE Ave,STAINES Rd, ,Local,Mid-Block, ,No Control,Clear,Dark,Dry,Non-Fatal Injury,Other,Driver,15 to 19,None,0,North,"Automobile, Station Wagon",Going Ahead,Other,Inattentive, , , , , , ,0,0,1,0,0,0,0,1,0,0,0,0,0,0