ACCNUM,YEAR,MONTH,DAY,HOUR,MINUTES,WEEKDAY,LATITUDE,LONGITUDE,Ward_Name,Ward_ID,Hood_Name,Hood_ID,Division,District,STREET1,STREET2,OFFSET,ROAD_CLASS,LOCCOORD,ACCLOC,TRAFFCTL,VISIBILITY,LIGHT,RDSFCOND,ACCLASS,IMPACTYPE,INVTYPE,INVAGE,INJURY,FATAL_NO,INITDIR,VEHTYPE,MANOEUVER,DRIVACT,DRIVCOND,PEDTYPE,PEDACT,PEDCOND,CYCLISTYPE,CYCACT,CYCCOND,PEDESTRIAN,CYCLIST,AUTOMOBILE,MOTORCYCLE,TRUCK,TRSN_CITY_VEH,EMERG_VEH,PASSENGER,SPEEDING,AG_DRIV,REDLIGHT,ALCOHOL,DISABILITY,FATAL
6001957443,2016,11,3,18,15,3,43.76024206,-79.22295008,Scarborough East (43),43,Woburn (137),137,D43,Scarborough,LAWRENCE AVE E,GREENHOLM CRCT, ,Major Arterial,Intersection,At Intersection,No Control,Clear,"Dusk, artificial",Dry,Non-Fatal Injury,Pedestrian Collisions,Driver,70 to 74,None,0,East,"Automobile, Station Wagon",Going Ahead,Driving Properly,Normal, , , , , , ,1,0,1,0,0,0,0,0,0,0,0,0,0,0
4003369105,2014,11,25,18,59,1,43.74433859,-79.29901514,Scarborough Centre (37),37,Wexford/Maryvale (119),119,D41,Scarborough,LAWRENCE AVE E,TOWER DR,40 m West of,Major Arterial,Mid-Block,Non Intersection,No Control,Clear,"Dark, artificial",Dry,Non-Fatal Injury,Pedestrian Collisions,Driver,70 to 74,Major,0,East,"Automobile, Station Wagon",Turning Left,Failed to Yield Right of Way,Unknown, , , , , , ,1,0,1,0,0,0,0,0,0,1,0,0,0,0
6001957443,2016,11,3,18,15,3,43.76024206,-79.22295008,Scarborough East (43),43,Woburn (137),137,D43,Scarborough,LAWRENCE AVE E,GREENHOLM CRCT, ,Major Arterial,Intersection,At Intersection,No Control,Clear,"Dusk, artificial",Dry,Non-Fatal Injury,Pedestrian Collisions,Pedestrian,60 to 64,Major,0,South, , , , ,Pedestrian hit at mid-block,Crossing marked crosswalk without ROW,Had Been Drinking, , , ,1,0,1,0,0,0,0,0,0,0,0,0,0,0
7000811654,2017,5,8,18,15,0,43.73451575,-79.44723902,York Centre (10),10,Clanton Park (33),33,D32,North York,WILSON AVE,WILSON HEIGHTS BLVD, ,Major Arterial,Intersection,At Intersection,Traffic Signal,Clear,Daylight,Dry,Fatal,Turning Movement,Motorcycle Driver,25 to 29,Fatal,22,North,Motorcycle,Going Ahead,Driving Properly,Normal, , , , , , ,0,0,1,1,0,0,0,0,0,1,0,0,0,1
7000811654,2017,5,8,18,15,0,43.73451575,-79.44723902,York Centre (10),10,Clanton Park (33),33,D32,North York,WILSON AVE,WILSON HEIGHTS BLVD, ,Major Arterial,Intersection,At Intersection,Traffic Signal,Clear,Daylight,Dry,Fatal,Turning Movement,Driver,45 to 49,None,0,South,"Automobile, Station Wagon",Turning Left,Failed to Yield Right of Way,Inattentive, , , , , , ,0,0,1,1,0,0,0,0,0,1,0,0,0,1
7000917334,2017,5,24,18,15,2,43.6354328,-79.44137202,Parkdale-High Park (14),14,South Parkdale (85),85,D14,Toronto East York,1395 LAKE SHORE BLVD W, , ,Major Arterial,Mid-Block,Non Intersection,No Control,Clear,Daylight,Dry,Fatal,Cyclist Collisions,Cyclist,5 to 9,Fatal,24,West,Bicycle,Going Ahead, , , , , ,Insufficient information (to determine cyclist crash type).,Lost control,Normal,0,1,0,0,0,0,0,0,0,0,0,0,0,1
7001781629,2017,10,1,18,15,6,43.66658362,-79.40382777,Trinity-Spadina (20),20,University (79),79,D14,Toronto East York,BLOOR ST W,SPADINA AVE, ,Major Arterial,Intersection,At Intersection,Traffic Signal,Clear,Daylight,Dry,Non-Fatal Injury,Cyclist Collisions,Cyclist,20 to 24,Major,0,East,Bicycle,Overtaking, , , , , ,Motorist turning right on green or amber at signalized intersection strikes cyclist.,Failed to Yield Right of Way,Inattentive,0,1,0,0,1,0,0,1,0,0,0,0,0,0
7001781629,2017,10,1,18,15,6,43.66658362,-79.40382777,Trinity-Spadina (20),20,University (79),79,D14,Toronto East York,BLOOR ST W,SPADINA AVE, ,Major Arterial,Intersection,At Intersection,Traffic Signal,Clear,Daylight,Dry,Non-Fatal Injury,Cyclist Collisions,Truck Driver,25 to 29,None,0,East,Truck - Open,Turning Right,Driving Properly,Normal, , , , , , ,0,1,0,0,1,0,0,1,0,0,0,0,0,0
7001781629,2017,10,1,18,15,6,43.66658362,-79.40382777,Trinity-Spadina (20),20,University (79),79,D14,Toronto East York,BLOOR ST W,SPADINA AVE, ,Major Arterial,Intersection,At Intersection,Traffic Signal,Clear,Daylight,Dry,Non-Fatal Injury,Cyclist Collisions,Passenger,20 to 24,None,0, , , , , , , , , , , ,0,1,0,0,1,0,0,1,0,0,0,0,0,0
7001781629,2017,10,1,18,15,6,43.66658362,-79.40382777,Trinity-Spadina (20),20,University (79),79,D14,Toronto East York,BLOOR ST W,SPADINA AVE, ,Major Arterial,Intersection,At Intersection,Traffic Signal,Clear,Daylight,Dry,Non-Fatal Injury,Cyclist Collisions,Passenger,20 to 24,None,0, , , , , , , , , , , ,0,1,0,0,1,0,0,1,0,0,0,0,0,0
1114984,2009,6,13,18,18,5,43.67054538,-79.42659029,Trinity-Spadina (19),19,Dovercourt-Wallace Emerson-Junction (93),93,D14,Toronto East York,DUPONT ST,SHAW ST, ,Major Arterial,Mid-Block, ,No Control,Clear,Daylight,Dry,Non-Fatal Injury,Turning Movement,Motorcycle Driver,35 to 39,Major,0,East,Motorcycle,Slowing or Stopping,Driving Properly,Normal, , , , , , ,0,0,1,1,0,0,0,0,0,0,0,0,0,0
1114984,2009,6,13,18,18,5,43.67054538,-79.42659029,Trinity-Spadina (19),19,Dovercourt-Wallace Emerson-Junction (93),93,D14,Toronto East York,DUPONT ST,SHAW ST, ,Major Arterial,Mid-Block, ,No Control,Clear,Daylight,Dry,Non-Fatal Injury,Turning Movement,Vehicle Owner,unknown, ,0, ,Other, , , , , , , , , ,0,0,1,1,0,0,0,0,0,0,0,0,0,0
1114984,2009,6,13,18,18,5,43.67054538,-79.42659029,Trinity-Spadina (19),19,Dovercourt-Wallace Emerson-Junction (93),93,D14,Toronto East York,DUPONT ST,SHAW ST, ,Major Arterial,Mid-Block, ,No Control,Clear,Daylight,Dry,Non-Fatal Injury,Turning Movement,Driver,15 to 19,None,0,East,"Automobile, Station Wagon",Making U Turn,Improper Turn,Inattentive, , , , , , ,0,0,1,1,0,0,0,0,0,0,0,0,0,0
1203435,2010,11,22,18,18,0,43.71594538,-79.41229029,Eglinton-Lawrence (16),16,Lawrence Park South (103),103,D53,North York,GLENCAIRN AVE,AVENUE RD, ,Major Arterial,Intersection,At Intersection,Stop Sign,Rain,Dark,Wet,Non-Fatal Injury,Pedestrian Collisions,Driver,45 to 49,None,0,West,"Automobile, Station Wagon",Going Ahead,Driving Properly,Normal, , , , , , ,1,0,1,0,0,0,0,0,0,0,0,0,0,0
1203435,2010,11,22,18,18,0,43.71594538,-79.41229029,Eglinton-Lawrence (16),16,Lawrence Park South (103),103,D53,North York,GLENCAIRN AVE,AVENUE RD, ,Major Arterial,Intersection,At Intersection,Stop Sign,Rain,Dark,Wet,Non-Fatal Injury,Pedestrian Collisions,Pedestrian,20 to 24,Major,0,North,Other, , , ,Vehicle is going straight thru inter.while ped cross without ROW,Crossing without right of way,Normal, , , ,1,0,1,0,0,0,0,0,0,0,0,0,0,0
7000346961,2017,2,24,18,18,4,43.69342764,-79.44117365,Eglinton-Lawrence (15),15,Oakwood Village (107),107,D13,North York,OAKWOOD AVE,STRADER AVE,7 m South of,Minor Arterial,Intersection,At Intersection,No Control,Clear,"Dark, artificial",Dry,Non-Fatal Injury,Pedestrian Collisions,Driver,70 to 74,None,0,South,"Automobile, Station Wagon",Going Ahead,Driving Properly,Normal, , , , , , ,1,0,1,0,0,0,0,0,0,0,0,0,0,0
7000346961,2017,2,24,18,18,4,43.69342764,-79.44117365,Eglinton-Lawrence (15),15,Oakwood Village (107),107,D13,North York,OAKWOOD AVE,STRADER AVE,7 m South of,Minor Arterial,Intersection,At Intersection,No Control,Clear,"Dark, artificial",Dry,Non-Fatal Injury,Pedestrian Collisions,Pedestrian,25 to 29,Major,0,West, , , , ,Vehicle is going straight thru inter.while ped cross without ROW,"Crossing, no Traffic Control",Had Been Drinking, , , ,1,0,1,0,0,0,0,0,0,0,0,0,0,0
1073722,2008,11,12,18,19,2,43.71044538,-79.46639029,Eglinton-Lawrence (15),15,Yorkdale-Glen Park (31),31,D13,North York,CALEDONIA RD,MARCIA AVE, ,Minor Arterial,Intersection,At Intersection,Stop Sign,Clear,Dark,Dry,Non-Fatal Injury,Pedestrian Collisions,Driver,30 to 34,None,0,South,"Automobile, Station Wagon",Going Ahead,Driving Properly,Normal, , , , , , ,1,0,1,0,0,0,0,0,0,0,0,0,0,0
1073722,2008,11,12,18,19,2,43.71044538,-79.46639029,Eglinton-Lawrence (15),15,Yorkdale-Glen Park (31),31,D13,North York,CALEDONIA RD,MARCIA AVE, ,Minor Arterial,Intersection,At Intersection,Stop Sign,Clear,Dark,Dry,Non-Fatal Injury,Pedestrian Collisions,Pedestrian,25 to 29,Major,0,West,Other, , , ,Vehicle is going straight thru inter.while ped cross without ROW,Crossing without right of way,Inattentive, , , ,1,0,1,0,0,0,0,0,0,0,0,0,0,0
1136056,2009,10,21,18,19,2,43.67924538,-79.52529029,Etobicoke Centre (4),4,Edenbridge-Humber Valley (9),9,D22,Etobicoke York,ROYAL YORK Road,ALLANHURST Driv, ,Minor Arterial,Intersection, ,Traffic Signal,Clear,Dark,Wet,Non-Fatal Injury,Rear End,Truck Driver,70 to 74,None,0,South,Truck - Open,Slowing or Stopping,Driving Properly,Normal, , , , , , ,0,0,1,0,1,0,0,0,1,1,0,0,0,0
1136056,2009,10,21,18,19,2,43.67924538,-79.52529029,Etobicoke Centre (4),4,Edenbridge-Humber Valley (9),9,D22,Etobicoke York,ROYAL YORK Road,ALLANHURST Driv, ,Minor Arterial,Intersection, ,Traffic Signal,Clear,Dark,Wet,Non-Fatal Injury,Rear End,Driver,35 to 39,Major,0,South,"Automobile, Station Wagon",Slowing or Stopping,Driving Properly,Normal, , , , , , ,0,0,1,0,1,0,0,0,1,1,0,0,0,0
1136056,2009,10,21,18,19,2,43.67924538,-79.52529029,Etobicoke Centre (4),4,Edenbridge-Humber Valley (9),9,D22,Etobicoke York,ROYAL YORK Road,ALLANHURST Driv, ,Minor Arterial,Intersection, ,Traffic Signal,Clear,Dark,Wet,Non-Fatal Injury,Rear End,Driver,30 to 34,None,0,South,"Automobile, Station Wagon",Going Ahead,Following too Close,Inattentive, , , , , , ,0,0,1,0,1,0,0,0,1,1,0,0,0,0
1242543,2011,5,20,18,19,4,43.67134538,-79.44939029,Davenport (17),17,Dovercourt-Wallace Emerson-Junction (93),93,D13,Etobicoke York,DAVENPORT RD,FOUNDRY  AVE, ,Minor Arterial,Intersection, ,No Control,Clear,Daylight,Dry,Non-Fatal Injury,Pedestrian Collisions,Driver,15 to 19,None,0,West,"Automobile, Station Wagon",Going Ahead,Failed to Yield Right of Way,Normal, , , , , , ,1,0,1,0,0,0,0,0,0,1,0,0,0,0
1242543,2011,5,20,18,19,4,43.67134538,-79.44939029,Davenport (17),17,Dovercourt-Wallace Emerson-Junction (93),93,D13,Etobicoke York,DAVENPORT RD,FOUNDRY  AVE, ,Minor Arterial,Intersection, ,No Control,Clear,Daylight,Dry,Non-Fatal Injury,Pedestrian Collisions,Pedestrian,5 to 9,Major,0,North,Other, , , ,Vehicle is going straight thru inter.while ped cross without ROW,Running onto Roadway,Normal, , , ,1,0,1,0,0,0,0,0,0,1,0,0,0,0
1251696,2011,7,20,18,19,2,43.71404538,-79.36229029,Don Valley West (26),26,Thorncliffe Park (55),55,D53,North York,EGLINTON AVE E,DON AVON DR, ,Major Arterial,Intersection, ,No Control,Clear,Daylight,Dry,Non-Fatal Injury,Turning Movement,Passenger,55 to 59,Minor,0, ,Other, , , , , , , , , ,0,0,1,0,0,0,0,1,0,1,0,0,0,0
1251696,2011,7,20,18,19,2,43.71404538,-79.36229029,Don Valley West (26),26,Thorncliffe Park (55),55,D53,North York,EGLINTON AVE E,DON AVON DR, ,Major Arterial,Intersection, ,No Control,Clear,Daylight,Dry,Non-Fatal Injury,Turning Movement,Driver,50 to 54,Minor,0,West,"Automobile, Station Wagon",Turning Left,Failed to Yield Right of Way,Inattentive, , , , , , ,0,0,1,0,0,0,0,1,0,1,0,0,0,0
1251696,2011,7,20,18,19,2,43.71404538,-79.36229029,Don Valley West (26),26,Thorncliffe Park (55),55,D53,North York,EGLINTON AVE E,DON AVON DR, ,Major Arterial,Intersection, ,No Control,Clear,Daylight,Dry,Non-Fatal Injury,Turning Movement,Driver,50 to 54,Major,0,East,"Automobile, Station Wagon",Going Ahead,Driving Properly,Normal, , , , , , ,0,0,1,0,0,0,0,1,0,1,0,0,0,0
1338446,2012,12,7,18,19,4,43.65134538,-79.52639029,Etobicoke Centre (4),4,Kingsway South (15),15,D22,Etobicoke York,ISLINGTON AVE,DUNDAS ST W, ,Major Arterial,Intersection,At Intersection,Traffic Signal,Rain,"Dark, artificial",Wet,Non-Fatal Injury,Pedestrian Collisions,Driver,35 to 39,None,0,North,"Automobile, Station Wagon",Turning Right,Failed to Yield Right of Way,Normal, , , , , , ,1,0,1,0,0,0,0,0,0,1,0,0,0,0
1338446,2012,12,7,18,19,4,43.65134538,-79.52639029,Etobicoke Centre (4),4,Kingsway South (15),15,D22,Etobicoke York,ISLINGTON AVE,DUNDAS ST W, ,Major Arterial,Intersection,At Intersection,Traffic Signal,Rain,"Dark, artificial",Wet,Non-Fatal Injury,Pedestrian Collisions,Pedestrian,20 to 24,Major,0,East,Other, , , ,Vehicle turns right while ped crosses with ROW at inter.,Crossing with right of way,Normal, , , ,1,0,1,0,0,0,0,0,0,1,0,0,0,0
4002443760,2014,7,6,18,19,6,43.68102606,-79.36256800000001,Toronto-Danforth (29),29,Broadview North (57),57,D54,Toronto East York,DON VALLEY PARKWAY  S,BAYVIEW BLOOR DVP S RAMP,100 m South of,Expressway,Mid-Block,Non Intersection,No Control,Clear,Daylight,Dry,Non-Fatal Injury,SMV Other,Motorcycle Driver,35 to 39,Major,0,South,Motorcycle,Going Ahead,Lost control,Normal, , , , , , ,0,0,0,1,0,0,0,0,1,1,0,0,0,0
1023759,2007,12,20,18,20,3,43.70234538,-79.45209029,Eglinton-Lawrence (15),15,Briar Hill-Belgravia (108),108,D13,North York,DUFFERIN ST,BRIAR HILL AVE, ,Major Arterial,Intersection,At Intersection,Traffic Signal,Clear,Dark,Dry,Non-Fatal Injury,Pedestrian Collisions,Driver,40 to 44,None,0,East,"Automobile, Station Wagon",Turning Left,Driving Properly,Normal, , , , , , ,1,0,1,0,0,0,0,0,0,0,0,0,0,0
1023759,2007,12,20,18,20,3,43.70234538,-79.45209029,Eglinton-Lawrence (15),15,Briar Hill-Belgravia (108),108,D13,North York,DUFFERIN ST,BRIAR HILL AVE, ,Major Arterial,Intersection,At Intersection,Traffic Signal,Clear,Dark,Dry,Non-Fatal Injury,Pedestrian Collisions,Pedestrian,50 to 54,Major,0,West,Other, , , ,Vehicle turns left while ped crosses without ROW at inter.,Crossing without right of way,Inattentive, , , ,1,0,1,0,0,0,0,0,0,0,0,0,0,0
1051990,2008,6,25,18,20,2,43.68074538,-79.39909029,St. Paul's (22),22,Casa Loma (96),96,D53,Toronto East York,AVENUE RD,POPLAR PLAINS CRES, ,Major Arterial,Intersection,At Intersection,No Control,Clear,Daylight,Dry,Non-Fatal Injury,Cyclist Collisions,Driver,65 to 69,None,0,North,"Automobile, Station Wagon",Turning Left,Improper Turn,Inattentive, , , , , , ,0,1,1,0,0,0,0,0,0,0,0,0,0,0
1051990,2008,6,25,18,20,2,43.68074538,-79.39909029,St. Paul's (22),22,Casa Loma (96),96,D53,Toronto East York,AVENUE RD,POPLAR PLAINS CRES, ,Major Arterial,Intersection,At Intersection,No Control,Clear,Daylight,Dry,Non-Fatal Injury,Cyclist Collisions,Cyclist,35 to 39,Major,0,South,Bicycle,Going Ahead, , , , , ,Motorist turned left across cyclists path.,Driving Properly,Normal,0,1,1,0,0,0,0,0,0,0,0,0,0,0
1073449,2008,11,8,18,20,5,43.73304538,-79.28969029,Scarborough Centre (37),37,Wexford/Maryvale (119),119,D41,Scarborough,WARDEN AVE,BERTRAND AVE, ,Major Arterial,Intersection,At Intersection,Traffic Signal,Clear,Dark,Wet,Non-Fatal Injury,Turning Movement,Vehicle Owner,unknown, ,0, ,Other, , , , , , , , , ,0,0,1,0,0,0,0,0,1,1,1,0,0,0
1073449,2008,11,8,18,20,5,43.73304538,-79.28969029,Scarborough Centre (37),37,Wexford/Maryvale (119),119,D41,Scarborough,WARDEN AVE,BERTRAND AVE, ,Major Arterial,Intersection,At Intersection,Traffic Signal,Clear,Dark,Wet,Non-Fatal Injury,Turning Movement,Driver,45 to 49,None,0,West,"Automobile, Station Wagon",Turning Right,Disobeyed Traffic Control,Normal, , , , , , ,0,0,1,0,0,0,0,0,1,1,1,0,0,0
1073449,2008,11,8,18,20,5,43.73304538,-79.28969029,Scarborough Centre (37),37,Wexford/Maryvale (119),119,D41,Scarborough,WARDEN AVE,BERTRAND AVE, ,Major Arterial,Intersection,At Intersection,Traffic Signal,Clear,Dark,Wet,Non-Fatal Injury,Turning Movement,Driver,40 to 44,Major,0,North,"Automobile, Station Wagon",Going Ahead,Driving Properly,Normal, , , , , , ,0,0,1,0,0,0,0,0,1,1,1,0,0,0
1188873,2010,8,7,18,20,5,43.67404538,-79.36779029,Toronto Centre-Rosedale (27),27,Cabbagetown-South St.James Town (71),71,D51,Toronto East York,BLOOR ST E,CASTLE FRANK RD, ,Major Arterial,Mid-Block, ,No Control,Clear,Daylight,Dry,Non-Fatal Injury,Pedestrian Collisions,Pedestrian,20 to 24,Major,0,Unknown,Other, , , ,Other / Undefined,Other,"Ability Impaired, Alcohol", , , ,1,1,0,0,0,0,0,0,0,0,0,0,0,0
1188873,2010,8,7,18,20,5,43.67404538,-79.36779029,Toronto Centre-Rosedale (27),27,Cabbagetown-South St.James Town (71),71,D51,Toronto East York,BLOOR ST E,CASTLE FRANK RD, ,Major Arterial,Mid-Block, ,No Control,Clear,Daylight,Dry,Non-Fatal Injury,Pedestrian Collisions,Cyclist,55 to 59,None,0,East,Bicycle,Going Ahead, , , , , ,Cyclist strikes pedestrian.,Driving Properly,Unknown,1,1,0,0,0,0,0,0,0,0,0,0,0,0
1207741,2010,11,12,18,20,4,43.68534538,-79.55769029,Etobicoke Centre (4),4,Willowridge-Martingrove-Richview (7),7,D23,Etobicoke York,322 THE WESTWAY, , ,Minor Arterial,Mid-Block, ,No Control,Clear,Dark,Dry,Non-Fatal Injury,Pedestrian Collisions,Vehicle Owner,unknown, ,0, ,Other, , , , , , , , , ,1,0,1,0,0,0,0,0,0,0,0,0,0,0
1207741,2010,11,12,18,20,4,43.68534538,-79.55769029,Etobicoke Centre (4),4,Willowridge-Martingrove-Richview (7),7,D23,Etobicoke York,322 THE WESTWAY, , ,Minor Arterial,Mid-Block, ,No Control,Clear,Dark,Dry,Non-Fatal Injury,Pedestrian Collisions,Driver,40 to 44,None,0,West,"Automobile, Station Wagon",Going Ahead,Driving Properly,Normal, , , , , , ,1,0,1,0,0,0,0,0,0,0,0,0,0,0
1207741,2010,11,12,18,20,4,43.68534538,-79.55769029,Etobicoke Centre (4),4,Willowridge-Martingrove-Richview (7),7,D23,Etobicoke York,322 THE WESTWAY, , ,Minor Arterial,Mid-Block, ,No Control,Clear,Dark,Dry,Non-Fatal Injury,Pedestrian Collisions,Pedestrian,45 to 49,Major,0,South,Other, , , ,Pedestrian hit at mid-block,"Crossing, no Traffic Control",Had Been Drinking, , , ,1,0,1,0,0,0,0,0,0,0,0,0,0,0
1205226,2010,11,16,18,20,1,43.64864538,-79.45779029,Parkdale-High Park (14),14,High Park-Swansea (87),87,D11,Toronto East York,PARKSIDE DR,HOWARD PARK AVE, ,Major Arterial,Intersection,At Intersection,Traffic Signal,Rain,Dark,Wet,Non-Fatal Injury,Pedestrian Collisions,Driver,35 to 39,None,0,South,"Automobile, Station Wagon",Turning Left,Failed to Yield Right of Way,Normal, , , , , , ,1,0,1,0,0,0,0,0,0,1,0,0,0,0
1205226,2010,11,16,18,20,1,43.64864538,-79.45779029,Parkdale-High Park (14),14,High Park-Swansea (87),87,D11,Toronto East York,PARKSIDE DR,HOWARD PARK AVE, ,Major Arterial,Intersection,At Intersection,Traffic Signal,Rain,Dark,Wet,Non-Fatal Injury,Pedestrian Collisions,Pedestrian,25 to 29,Major,0,South,Other, , , ,Vehicle turns left while ped crosses with ROW at inter.,Crossing with right of way,Normal, , , ,1,0,1,0,0,0,0,0,0,1,0,0,0,0
1205226,2010,11,16,18,20,1,43.64864538,-79.45779029,Parkdale-High Park (14),14,High Park-Swansea (87),87,D11,Toronto East York,PARKSIDE DR,HOWARD PARK AVE, ,Major Arterial,Intersection,At Intersection,Traffic Signal,Rain,Dark,Wet,Non-Fatal Injury,Pedestrian Collisions,Pedestrian,60 to 64,Major,0,South,Other, , , ,Vehicle turns left while ped crosses with ROW at inter.,Crossing with right of way,Normal, , , ,1,0,1,0,0,0,0,0,0,1,0,0,0,0
1288002,2012,2,3,18,20,4,43.72734538,-79.32779029,Don Valley West (26),26,Banbury-Don Mills (42),42,D33,North York,WYNFORD DR,CONCORDE PL, ,Minor Arterial,Intersection,At Intersection,Traffic Signal,Clear,"Dark, artificial",Dry,Non-Fatal Injury,Pedestrian Collisions,Driver,75 to 79,None,0,South,"Automobile, Station Wagon",Turning Right,Failed to Yield Right of Way,Unknown, , , , , , ,1,0,1,0,0,0,0,0,0,1,0,0,0,0
1288002,2012,2,3,18,20,4,43.72734538,-79.32779029,Don Valley West (26),26,Banbury-Don Mills (42),42,D33,North York,WYNFORD DR,CONCORDE PL, ,Minor Arterial,Intersection,At Intersection,Traffic Signal,Clear,"Dark, artificial",Dry,Non-Fatal Injury,Pedestrian Collisions,Pedestrian,35 to 39,Major,0,Unknown,Other, , , ,Vehicle turns right while ped crosses with ROW at inter.,Crossing with right of way,Normal, , , ,1,0,1,0,0,0,0,0,0,1,0,0,0,0
1324692,2012,10,2,18,20,1,43.65484538,-79.37649029,Toronto Centre-Rosedale (27),27,Church-Yonge Corridor (75),75,D51,Toronto East York,SHUTER Stre,CHURCH Stre, ,Minor Arterial,Intersection,At Intersection,Traffic Signal,Clear,"Dark, artificial",Dry,Non-Fatal Injury,Cyclist Collisions,Driver,45 to 49,None,0,East,"Automobile, Station Wagon",Turning Right,Improper Turn,Normal, , , , , , ,0,1,1,0,0,0,0,0,0,0,0,0,0,0
1324692,2012,10,2,18,20,1,43.65484538,-79.37649029,Toronto Centre-Rosedale (27),27,Church-Yonge Corridor (75),75,D51,Toronto East York,SHUTER Stre,CHURCH Stre, ,Minor Arterial,Intersection,At Intersection,Traffic Signal,Clear,"Dark, artificial",Dry,Non-Fatal Injury,Cyclist Collisions,Cyclist,60 to 64,Major,0,East,Bicycle,Going Ahead, , , , , ,Motorist turning right on green or amber at signalized intersection strikes cyclist.,Driving Properly,Normal,0,1,1,0,0,0,0,0,0,0,0,0,0,0
7000045777,2017,1,8,18,29,6,43.76419028,-79.28767786,Scarborough Centre (37),37,Dorset Park (126),126,D41,Scarborough,ELLESMERE RD,MONDEO DR, ,Major Arterial,Intersection,At Intersection,Traffic Signal,Clear,"Dark, artificial",Dry,Fatal,Pedestrian Collisions,Driver,25 to 29,None,0,West,"Automobile, Station Wagon",Going Ahead,Driving Properly,Normal, , , , , , ,1,0,1,0,0,0,0,0,0,0,0,0,0,1
1373372,2013,6,22,18,20,5,43.68212851,-79.47158442,York South-Weston (12),12,Keelesdale-Eglinton West (110),110,D12,Etobicoke York,KEELE St,ROGERS Rd, ,Major Arterial,Intersection,At Intersection,Traffic Signal,Clear,Daylight,Dry,Non-Fatal Injury,SMV Other,Driver,70 to 74,Major,0,East,"Automobile, Station Wagon",Going Ahead,Lost control,Medical or Physical Disability, , , , , , ,0,0,1,0,0,0,0,0,1,1,0,0,1,0
1256606,2011,8,3,18,42,2,43.68334538,-79.47149029,York South-Weston (12),12,Keelesdale-Eglinton West (110),110,D12,Etobicoke York,AILEEN AVE,KEELE ST, ,Local,Mid-Block, ,No Control,Rain,Daylight,Wet,Non-Fatal Injury,Cyclist Collisions,Driver,45 to 49,None,0,East,"Automobile, Station Wagon",Going Ahead,Driving Properly,Normal, , , , , , ,0,1,1,0,0,0,0,0,0,0,0,0,0,0
4003369105,2014,11,25,18,59,1,43.74433859,-79.29901514,Scarborough Centre (37),37,Wexford/Maryvale (119),119,D41,Scarborough,LAWRENCE AVE E,TOWER DR,40 m West of,Major Arterial,Mid-Block,Non Intersection,No Control,Clear,"Dark, artificial",Dry,Non-Fatal Injury,Pedestrian Collisions,Pedestrian,25 to 29,None,0,East, , , , ,Vehicle turns left while ped crosses with ROW at inter.,"Crossing, no Traffic Control",Normal, , , ,1,0,1,0,0,0,0,0,0,1,0,0,0,0
1373372,2013,6,22,18,20,5,43.68212851,-79.47158442,York South-Weston (12),12,Keelesdale-Eglinton West (110),110,D12,Etobicoke York,KEELE St,ROGERS Rd, ,Major Arterial,Intersection,At Intersection,Traffic Signal,Clear,Daylight,Dry,Non-Fatal Injury,SMV Other,Other Property Owner,unknown, ,0, ,Other, , , , , , , , , ,0,0,1,0,0,0,0,0,1,1,0,0,1,0
3001002195,2013,11,19,18,20,1,43.71977576,-79.3005868,Don Valley East (34),34,Clairlea-Birchmount (120),120,D41,Scarborough,VICTORIA PARK AVE,SUNRISE AVE, ,Major Arterial,Intersection, ,Traffic Signal,Clear,"Dark, artificial",Dry,Non-Fatal Injury,Pedestrian Collisions,Driver,60 to 64,None,0,East, ,Turning Left,Failed to Yield Right of Way,Inattentive, , , , , , ,1,0,0,0,0,0,0,0,0,1,0,0,0,0
3001002195,2013,11,19,18,20,1,43.71977576,-79.3005868,Don Valley East (34),34,Clairlea-Birchmount (120),120,D41,Scarborough,VICTORIA PARK AVE,SUNRISE AVE, ,Major Arterial,Intersection, ,Traffic Signal,Clear,"Dark, artificial",Dry,Non-Fatal Injury,Pedestrian Collisions,Pedestrian,25 to 29,Major,0,East, , , , ,Vehicle turns left while ped crosses with ROW at inter.,Crossing with right of way,Normal, , , ,1,0,0,0,0,0,0,0,0,1,0,0,0,0
4003003255,2014,9,28,18,20,6,43.72425802,-79.44713221,Eglinton-Lawrence (15),15,Englemount-Lawrence (32),32,D32,North York,WILLIAM R ALLEN RD N,RANEE AVE,100 m North of,Expressway,Mid-Block,Non Intersection,No Control,Clear,Daylight,Dry,Non-Fatal Injury,SMV Other,Motorcycle Driver,45 to 49,Major,0,North,Motorcycle,Unknown,Lost control,Unknown, , , , , , ,0,0,0,1,0,0,0,0,0,0,0,0,0,0