ACCNUM,YEAR,MONTH,DAY,HOUR,MINUTES,WEEKDAY,LATITUDE,LONGITUDE,Ward_Name,Ward_ID,Hood_Name,Hood_ID,Division,District,STREET1,STREET2,OFFSET,ROAD_CLASS,LOCCOORD,ACCLOC,TRAFFCTL,VISIBILITY,LIGHT,RDSFCOND,ACCLASS,IMPACTYPE,INVTYPE,INVAGE,INJURY,FATAL_NO,INITDIR,VEHTYPE,MANOEUVER,DRIVACT,DRIVCOND,PEDTYPE,PEDACT,PEDCOND,CYCLISTYPE,CYCACT,CYCCOND,PEDESTRIAN,CYCLIST,AUTOMOBILE,MOTORCYCLE,TRUCK,TRSN_CITY_VEH,EMERG_VEH,PASSENGER,SPEEDING,AG_DRIV,REDLIGHT,ALCOHOL,DISABILITY,FATAL
6001249776,2016,7,16,18,21,5,43.759811,-79.22531519,Scarborough East (43),43,Woburn (137),137,D43,Scarborough,MARKHAM RD,LAWRENCE AVE E,18 m South of,Major Arterial,Intersection,Non Intersection,No Control,Clear,Daylight,Dry,Non-Fatal Injury,Pedestrian Collisions,Driver,45 to 49,None,0,West,Passenger Van,Turning Right,Driving Properly,Normal, , , , , , ,1,0,1,0,0,0,0,0,0,0,0,0,0,0
6001249776,2016,7,16,18,21,5,43.759811,-79.22531519,Scarborough East (43),43,Woburn (137),137,D43,Scarborough,MARKHAM RD,LAWRENCE AVE E,18 m South of,Major Arterial,Intersection,Non Intersection,No Control,Clear,Daylight,Dry,Non-Fatal Injury,Pedestrian Collisions,Pedestrian,60 to 64,Major,0,Unknown, , , , ,Pedestrian hit at mid-block,"Crossing, no Traffic Control",Inattentive, , , ,1,0,1,0,0,0,0,0,0,0,0,0,0,0
1217361,2011,2,11,18,22,4,43.65824538,-79.37099029,Toronto Centre-Rosedale (28),28,Moss Park (73),73,D51,Toronto East York,DUNDAS ST E,SHERBOURNE ST, ,Major Arterial,Intersection,At Intersection,Traffic Signal,Clear,Dark,Dry,Non-Fatal Injury,Pedestrian Collisions,Driver,60 to 64,None,0,East,"Automobile, Station Wagon",Going Ahead,Driving Properly,Normal, , , , , , ,1,0,1,0,0,0,0,0,0,0,0,0,0,0
1217361,2011,2,11,18,22,4,43.65824538,-79.37099029,Toronto Centre-Rosedale (28),28,Moss Park (73),73,D51,Toronto East York,DUNDAS ST E,SHERBOURNE ST, ,Major Arterial,Intersection,At Intersection,Traffic Signal,Clear,Dark,Dry,Non-Fatal Injury,Pedestrian Collisions,Pedestrian,40 to 44,Major,0,North,Other, , , ,Vehicle is going straight thru inter.while ped cross without ROW,Crossing without right of way,Inattentive, , , ,1,0,1,0,0,0,0,0,0,0,0,0,0,0
4001989403,2014,4,30,18,22,2,43.79593619,-79.42922602,Willowdale (23),23,Newtonbrook West (36),36,D32,North York,STEELES AVE W,HILDA AVE, ,Major Arterial,Intersection,At Intersection,Traffic Signal,Rain,Daylight,Wet,Non-Fatal Injury,Other,Driver,35 to 39,None,0,West,Municipal Transit Bus (TTC),Pulling Away from Shoulder or Curb,Driving Properly,Normal, , , , , , ,0,0,0,0,0,1,0,1,0,0,0,0,0,0
4001989403,2014,4,30,18,22,2,43.79593619,-79.42922602,Willowdale (23),23,Newtonbrook West (36),36,D32,North York,STEELES AVE W,HILDA AVE, ,Major Arterial,Intersection,At Intersection,Traffic Signal,Rain,Daylight,Wet,Non-Fatal Injury,Other,Passenger,85 to 89,Major,0, , , , , , , , , , , ,0,0,0,0,0,1,0,1,0,0,0,0,0,0
4002199584,2014,6,1,18,22,6,43.665462100000006,-79.46944819,Parkdale-High Park (13),13,Junction Area (90),90,D11,Etobicoke York,DUNDAS ST W,PACIFIC AVE, ,Major Arterial,Mid-Block,Non Intersection,No Control,Clear,Daylight,Dry,Non-Fatal Injury,Cyclist Collisions,Driver,60 to 64,None,0,West,"Automobile, Station Wagon",Going Ahead,Driving Properly,Normal, , , , , , ,0,1,1,0,0,0,0,0,0,0,0,0,0,0
4002199584,2014,6,1,18,22,6,43.665462100000006,-79.46944819,Parkdale-High Park (13),13,Junction Area (90),90,D11,Etobicoke York,DUNDAS ST W,PACIFIC AVE, ,Major Arterial,Mid-Block,Non Intersection,No Control,Clear,Daylight,Dry,Non-Fatal Injury,Cyclist Collisions,Other,unknown, ,0, , , , , , , , , , , ,0,1,1,0,0,0,0,0,0,0,0,0,0,0
4002199584,2014,6,1,18,22,6,43.665462100000006,-79.46944819,Parkdale-High Park (13),13,Junction Area (90),90,D11,Etobicoke York,DUNDAS ST W,PACIFIC AVE, ,Major Arterial,Mid-Block,Non Intersection,No Control,Clear,Daylight,Dry,Non-Fatal Injury,Cyclist Collisions,Cyclist,45 to 49,Major,0,West,Bicycle,Going Ahead, , , , , ,Cyclist and Driver travelling in same direction. One vehicle rear-ended the other.,Lost control,Normal,0,1,1,0,0,0,0,0,0,0,0,0,0,0
6000971668,2016,6,4,18,22,5,43.60229071,-79.49792109,Etobicoke-Lakeshore (6),6,New Toronto (18),18,D22,Etobicoke York,LAKE SHORE BLVD W,DWIGHT AVE, ,Major Arterial,Intersection,At Intersection,Stop Sign,Clear,Daylight,Dry,Non-Fatal Injury,Turning Movement,Driver,40 to 44,None,0,South,"Automobile, Station Wagon",Turning Left,Improper Turn,Normal, , , , , , ,0,0,1,1,0,0,0,1,0,0,0,0,0,0
6000971668,2016,6,4,18,22,5,43.60229071,-79.49792109,Etobicoke-Lakeshore (6),6,New Toronto (18),18,D22,Etobicoke York,LAKE SHORE BLVD W,DWIGHT AVE, ,Major Arterial,Intersection,At Intersection,Stop Sign,Clear,Daylight,Dry,Non-Fatal Injury,Turning Movement,Motorcycle Driver,40 to 44,None,0,West,Motorcycle,Going Ahead,Driving Properly,Normal, , , , , , ,0,0,1,1,0,0,0,1,0,0,0,0,0,0
6000971668,2016,6,4,18,22,5,43.60229071,-79.49792109,Etobicoke-Lakeshore (6),6,New Toronto (18),18,D22,Etobicoke York,LAKE SHORE BLVD W,DWIGHT AVE, ,Major Arterial,Intersection,At Intersection,Stop Sign,Clear,Daylight,Dry,Non-Fatal Injury,Turning Movement,Passenger,30 to 34,None,0, , , , , , , , , , , ,0,0,1,1,0,0,0,1,0,0,0,0,0,0
6000971668,2016,6,4,18,22,5,43.60229071,-79.49792109,Etobicoke-Lakeshore (6),6,New Toronto (18),18,D22,Etobicoke York,LAKE SHORE BLVD W,DWIGHT AVE, ,Major Arterial,Intersection,At Intersection,Stop Sign,Clear,Daylight,Dry,Non-Fatal Injury,Turning Movement,Passenger,25 to 29,None,0, , , , , , , , , , , ,0,0,1,1,0,0,0,1,0,0,0,0,0,0
6000971668,2016,6,4,18,22,5,43.60229071,-79.49792109,Etobicoke-Lakeshore (6),6,New Toronto (18),18,D22,Etobicoke York,LAKE SHORE BLVD W,DWIGHT AVE, ,Major Arterial,Intersection,At Intersection,Stop Sign,Clear,Daylight,Dry,Non-Fatal Injury,Turning Movement,Motorcycle Passenger,unknown,Major,0, , , , , , , , , , , ,0,0,1,1,0,0,0,1,0,0,0,0,0,0
6001365744,2016,8,3,18,22,2,43.77848395,-79.22217951,Scarborough East (43),43,Morningside (135),135,D43,Scarborough,ELLESMERE RD,HELICON GT, ,Major Arterial,Intersection,At Intersection,Traffic Signal,Clear,Daylight,Dry,Non-Fatal Injury,Turning Movement,Driver,60 to 64,Minimal,0,West,"Automobile, Station Wagon",Going Ahead,Disobeyed Traffic Control,Inattentive, , , , , , ,0,0,1,0,0,0,0,0,0,1,1,0,0,0
6001365744,2016,8,3,18,22,2,43.77848395,-79.22217951,Scarborough East (43),43,Morningside (135),135,D43,Scarborough,ELLESMERE RD,HELICON GT, ,Major Arterial,Intersection,At Intersection,Traffic Signal,Clear,Daylight,Dry,Non-Fatal Injury,Turning Movement,Driver,55 to 59,Major,0,South,"Automobile, Station Wagon",Turning Left,Driving Properly,Normal, , , , , , ,0,0,1,0,0,0,0,0,0,1,1,0,0,0
1017137,2008,1,25,18,23,4,43.68204538,-79.46649029,Davenport (17),17,Keelesdale-Eglinton West (110),110,D12,Etobicoke York,ROGERS RD,KANE AVE, ,Minor Arterial,Intersection, ,Stop Sign,Clear,Dark,Dry,Fatal,Angle,Passenger,55 to 59,Minor,0, ,Other, , , , , , , , , ,0,0,1,0,0,0,0,1,1,1,0,0,0,1
1017137,2008,1,25,18,23,4,43.68204538,-79.46649029,Davenport (17),17,Keelesdale-Eglinton West (110),110,D12,Etobicoke York,ROGERS RD,KANE AVE, ,Minor Arterial,Intersection, ,Stop Sign,Clear,Dark,Dry,Fatal,Angle,Driver,75 to 79,Fatal,5,South,"Automobile, Station Wagon",Going Ahead,Failed to Yield Right of Way,Normal, , , , , , ,0,0,1,0,0,0,0,1,1,1,0,0,0,1
1017137,2008,1,25,18,23,4,43.68204538,-79.46649029,Davenport (17),17,Keelesdale-Eglinton West (110),110,D12,Etobicoke York,ROGERS RD,KANE AVE, ,Minor Arterial,Intersection, ,Stop Sign,Clear,Dark,Dry,Fatal,Angle,Vehicle Owner,unknown, ,0, ,Other, , , , , , , , , ,0,0,1,0,0,0,0,1,1,1,0,0,0,1
1017137,2008,1,25,18,23,4,43.68204538,-79.46649029,Davenport (17),17,Keelesdale-Eglinton West (110),110,D12,Etobicoke York,ROGERS RD,KANE AVE, ,Minor Arterial,Intersection, ,Stop Sign,Clear,Dark,Dry,Fatal,Angle,Driver,25 to 29,None,0,East,"Automobile, Station Wagon",Going Ahead,Driving Properly,Normal, , , , , , ,0,0,1,0,0,0,0,1,1,1,0,0,0,1
1139055,2009,11,2,18,23,0,43.65824538,-79.48809029,Parkdale-High Park (13),13,Runnymede-Bloor West Village (89),89,D11,Etobicoke York,JANE ST,ANNETTE ST, ,Minor Arterial,Intersection, ,Traffic Signal,Clear,Dark,Wet,Non-Fatal Injury,Turning Movement,Vehicle Owner,unknown, ,0, ,Other, , , , , , , , , ,0,0,1,0,0,0,0,0,0,1,0,0,0,0
1139055,2009,11,2,18,23,0,43.65824538,-79.48809029,Parkdale-High Park (13),13,Runnymede-Bloor West Village (89),89,D11,Etobicoke York,JANE ST,ANNETTE ST, ,Minor Arterial,Intersection, ,Traffic Signal,Clear,Dark,Wet,Non-Fatal Injury,Turning Movement,Driver,40 to 44,Minor,0,South,"Automobile, Station Wagon",Turning Left,Failed to Yield Right of Way,Normal, , , , , , ,0,0,1,0,0,0,0,0,0,1,0,0,0,0
1139055,2009,11,2,18,23,0,43.65824538,-79.48809029,Parkdale-High Park (13),13,Runnymede-Bloor West Village (89),89,D11,Etobicoke York,JANE ST,ANNETTE ST, ,Minor Arterial,Intersection, ,Traffic Signal,Clear,Dark,Wet,Non-Fatal Injury,Turning Movement,Driver,55 to 59,Major,0,North,"Automobile, Station Wagon",Going Ahead,Driving Properly,Normal, , , , , , ,0,0,1,0,0,0,0,0,0,1,0,0,0,0
1240994,2011,5,7,18,23,5,43.69804538,-79.43939029,Eglinton-Lawrence (15),15,Briar Hill-Belgravia (108),108,D13,Toronto East York,EGLINTON Aven W,MARLEE Aven, ,Major Arterial,Intersection,At Intersection,Traffic Signal,Clear,Daylight,Dry,Non-Fatal Injury,Pedestrian Collisions,Driver,25 to 29,None,0,East,"Automobile, Station Wagon",Going Ahead,Driving Properly,Normal, , , , , , ,1,0,1,0,0,0,0,0,0,0,0,0,0,0
1240994,2011,5,7,18,23,5,43.69804538,-79.43939029,Eglinton-Lawrence (15),15,Briar Hill-Belgravia (108),108,D13,Toronto East York,EGLINTON Aven W,MARLEE Aven, ,Major Arterial,Intersection,At Intersection,Traffic Signal,Clear,Daylight,Dry,Non-Fatal Injury,Pedestrian Collisions,Pedestrian,15 to 19,Major,0,North,Other, , , ,Vehicle is going straight thru inter.while ped cross without ROW,Running onto Roadway,Inattentive, , , ,1,0,1,0,0,0,0,0,0,0,0,0,0,0
5002234344,2015,12,30,18,24,2,43.66318091,-79.37305079,Toronto Centre-Rosedale (28),28,Moss Park (73),73,D51,Toronto East York,CARLTON ST,SHERBOURNE ST, ,Minor Arterial,Intersection,At Intersection,Traffic Signal,Clear,Dark,Dry,Non-Fatal Injury,Pedestrian Collisions,Driver,25 to 29,None,0,West,"Automobile, Station Wagon",Turning Right,Failed to Yield Right of Way,Inattentive, , , , , , ,1,0,1,0,0,0,0,0,0,1,0,0,0,0
5002234344,2015,12,30,18,24,2,43.66318091,-79.37305079,Toronto Centre-Rosedale (28),28,Moss Park (73),73,D51,Toronto East York,CARLTON ST,SHERBOURNE ST, ,Minor Arterial,Intersection,At Intersection,Traffic Signal,Clear,Dark,Dry,Non-Fatal Injury,Pedestrian Collisions,Pedestrian,35 to 39,Major,0,East, , , , ,Vehicle turns right while ped crosses with ROW at inter.,Crossing with right of way,Normal, , , ,1,0,1,0,0,0,0,0,0,1,0,0,0,0
994814,2007,9,20,18,25,3,43.66364538,-79.32859029,Toronto-Danforth (30),30,South Riverdale (70),70,D55,Toronto East York,QUEEN ST E,HASTINGS AVE, ,Minor Arterial,Mid-Block, ,No Control,Clear,Daylight,Dry,Non-Fatal Injury,Cyclist Collisions,Vehicle Owner,unknown, ,0, ,Other, , , , , , , , , ,0,1,1,0,0,1,0,0,0,0,0,0,0,0
994814,2007,9,20,18,25,3,43.66364538,-79.32859029,Toronto-Danforth (30),30,South Riverdale (70),70,D55,Toronto East York,QUEEN ST E,HASTINGS AVE, ,Minor Arterial,Mid-Block, ,No Control,Clear,Daylight,Dry,Non-Fatal Injury,Cyclist Collisions,Driver,30 to 34,None,0,East,Municipal Transit Bus (TTC),Going Ahead,Driving Properly,Normal, , , , , , ,0,1,1,0,0,1,0,0,0,0,0,0,0,0
994814,2007,9,20,18,25,3,43.66364538,-79.32859029,Toronto-Danforth (30),30,South Riverdale (70),70,D55,Toronto East York,QUEEN ST E,HASTINGS AVE, ,Minor Arterial,Mid-Block, ,No Control,Clear,Daylight,Dry,Non-Fatal Injury,Cyclist Collisions,Driver,60 to 64,None,0,East,"Automobile, Station Wagon",Parked,Other,Normal, , , , , , ,0,1,1,0,0,1,0,0,0,0,0,0,0,0
994814,2007,9,20,18,25,3,43.66364538,-79.32859029,Toronto-Danforth (30),30,South Riverdale (70),70,D55,Toronto East York,QUEEN ST E,HASTINGS AVE, ,Minor Arterial,Mid-Block, ,No Control,Clear,Daylight,Dry,Non-Fatal Injury,Cyclist Collisions,Cyclist,30 to 34,Major,0,East,Bicycle,Going Ahead, , , , , ,Cyclist struck opened vehicle door,Driving Properly,Normal,0,1,1,0,0,1,0,0,0,0,0,0,0,0
1002149,2007,11,9,18,25,4,43.70624538,-79.53239029,York South-Weston (11),11,Weston (113),113,D12,Etobicoke York,WESTON RD,ST PHILLIPS RD, ,Major Arterial,Intersection,At Intersection,Traffic Signal,Rain,Dark,Wet,Non-Fatal Injury,Pedestrian Collisions,Pedestrian,65 to 69,Major,0,East,"Automobile, Station Wagon", , , ,Vehicle is going straight thru inter.while ped cross with ROW,Crossing with right of way,Normal, , , ,1,0,1,0,0,0,0,0,0,0,0,0,0,0
1002149,2007,11,9,18,25,4,43.70624538,-79.53239029,York South-Weston (11),11,Weston (113),113,D12,Etobicoke York,WESTON RD,ST PHILLIPS RD, ,Major Arterial,Intersection,At Intersection,Traffic Signal,Rain,Dark,Wet,Non-Fatal Injury,Pedestrian Collisions,Driver,unknown,None,0,South,"Automobile, Station Wagon",Going Ahead,Other,Unknown, , , , , , ,1,0,1,0,0,0,0,0,0,0,0,0,0,0
1006449,2007,11,14,18,25,2,43.64094538,-79.41719029,Trinity-Spadina (19),19,Niagara (82),82,D14,Toronto East York,KING ST W,SUDBURY ST, ,Major Arterial,Intersection,At Intersection,Traffic Signal,Clear,Dark,Dry,Non-Fatal Injury,Cyclist Collisions,Driver,75 to 79,None,0,East,"Automobile, Station Wagon",Turning Left,Improper Turn,Inattentive, , , , , , ,0,1,1,0,0,0,0,0,0,0,0,0,0,0
1006449,2007,11,14,18,25,2,43.64094538,-79.41719029,Trinity-Spadina (19),19,Niagara (82),82,D14,Toronto East York,KING ST W,SUDBURY ST, ,Major Arterial,Intersection,At Intersection,Traffic Signal,Clear,Dark,Dry,Non-Fatal Injury,Cyclist Collisions,Cyclist,30 to 34,Major,0,West,Bicycle,Going Ahead, , , , , ,Motorist turned left across cyclists path.,Driving Properly,Normal,0,1,1,0,0,0,0,0,0,0,0,0,0,0
1058854,2008,8,31,18,25,6,43.72534538,-79.55079029,Etobicoke North (2),2,Elms-Old Rexdale (5),5,D23,Etobicoke York,ALBION RD,BEATTIE AVE, ,Major Arterial,Intersection, ,No Control,Clear,Daylight,Dry,Non-Fatal Injury,Rear End,Passenger,40 to 44,Major,0, ,Other, , , , , , , , , ,0,0,1,0,0,0,0,1,0,1,0,0,0,0
1058854,2008,8,31,18,25,6,43.72534538,-79.55079029,Etobicoke North (2),2,Elms-Old Rexdale (5),5,D23,Etobicoke York,ALBION RD,BEATTIE AVE, ,Major Arterial,Intersection, ,No Control,Clear,Daylight,Dry,Non-Fatal Injury,Rear End,Driver,45 to 49,None,0,North,"Automobile, Station Wagon",Stopped,Driving Properly,Normal, , , , , , ,0,0,1,0,0,0,0,1,0,1,0,0,0,0
1058854,2008,8,31,18,25,6,43.72534538,-79.55079029,Etobicoke North (2),2,Elms-Old Rexdale (5),5,D23,Etobicoke York,ALBION RD,BEATTIE AVE, ,Major Arterial,Intersection, ,No Control,Clear,Daylight,Dry,Non-Fatal Injury,Rear End,Driver,30 to 34,Minor,0,North,"Automobile, Station Wagon",Going Ahead,Following too Close,Normal, , , , , , ,0,0,1,0,0,0,0,1,0,1,0,0,0,0
1113959,2009,7,13,18,25,0,43.64274538,-79.39389029,Trinity-Spadina (20),20,Waterfront Communities-The Island (77),77,D52,Toronto East York,FRONT ST W,SPADINA AVE, ,Major Arterial,Intersection,At Intersection,Traffic Signal,Clear,Daylight,Dry,Non-Fatal Injury,Cyclist Collisions,Driver,30 to 34,None,0,West,"Automobile, Station Wagon",Going Ahead,Driving Properly,Normal, , , , , , ,0,1,1,0,0,0,0,0,0,0,0,0,0,0
1113959,2009,7,13,18,25,0,43.64274538,-79.39389029,Trinity-Spadina (20),20,Waterfront Communities-The Island (77),77,D52,Toronto East York,FRONT ST W,SPADINA AVE, ,Major Arterial,Intersection,At Intersection,Traffic Signal,Clear,Daylight,Dry,Non-Fatal Injury,Cyclist Collisions,Cyclist,30 to 34,Major,0,North,Bicycle,Going Ahead, , , , , ,"Cyclist without ROW rides into path of motorist at inter, lnwy, dwy-Cyclist not turn.",Disobeyed Traffic Control,Normal,0,1,1,0,0,0,0,0,0,0,0,0,0,0
1149753,2010,1,25,18,25,0,43.67074538,-79.45329029,Davenport (17),17,Weston-Pellam Park (91),91,D11,Etobicoke York,SYMINGTON AVE,DAVENPORT RD, ,Minor Arterial,Intersection,At Intersection,Traffic Signal,Clear,Dark,Wet,Fatal,Pedestrian Collisions,Driver,25 to 29,None,0,North,"Automobile, Station Wagon",Turning Left,Driving Properly,Normal, , , , , , ,1,0,1,0,0,0,0,0,0,0,0,0,0,1
1149753,2010,1,25,18,25,0,43.67074538,-79.45329029,Davenport (17),17,Weston-Pellam Park (91),91,D11,Etobicoke York,SYMINGTON AVE,DAVENPORT RD, ,Minor Arterial,Intersection,At Intersection,Traffic Signal,Clear,Dark,Wet,Fatal,Pedestrian Collisions,Pedestrian,35 to 39,Fatal,8,South,Other, , , ,Pedestrian hit at mid-block,"Crossing, no Traffic Control",Unknown, , , ,1,0,1,0,0,0,0,0,0,0,0,0,0,1
1201907,2010,10,20,18,25,2,43.66964538,-79.30189029,Beaches-East York (32),32,The Beaches (63),63,D55,Toronto East York,QUEEN Stre E,KENILWORTH Aven, ,Minor Arterial,Intersection, ,No Control,Clear,Dark,Dry,Non-Fatal Injury,Cyclist Collisions,Driver,25 to 29,None,0,West,"Automobile, Station Wagon",Parked,Other,Normal, , , , , , ,0,1,1,0,0,0,0,0,0,0,0,0,0,0
1201907,2010,10,20,18,25,2,43.66964538,-79.30189029,Beaches-East York (32),32,The Beaches (63),63,D55,Toronto East York,QUEEN Stre E,KENILWORTH Aven, ,Minor Arterial,Intersection, ,No Control,Clear,Dark,Dry,Non-Fatal Injury,Cyclist Collisions,Cyclist,50 to 54,Major,0,West,Bicycle,Going Ahead, , , , , ,Cyclist struck opened vehicle door,Other,Normal,0,1,1,0,0,0,0,0,0,0,0,0,0,0
1223175,2011,3,15,18,25,1,43.69354538,-79.38469029,Toronto Centre-Rosedale (27),27,Rosedale-Moore Park (98),98,D53,Toronto East York,MOUNT PLEASANT Road,MOORE Aven, ,Major Arterial,Intersection,At Intersection,Traffic Signal,Clear,Daylight,Dry,Non-Fatal Injury,Pedestrian Collisions,Passenger,80 to 84,None,0, ,Other, , , , , , , , , ,1,0,1,0,0,0,0,1,0,1,0,0,0,0
1223175,2011,3,15,18,25,1,43.69354538,-79.38469029,Toronto Centre-Rosedale (27),27,Rosedale-Moore Park (98),98,D53,Toronto East York,MOUNT PLEASANT Road,MOORE Aven, ,Major Arterial,Intersection,At Intersection,Traffic Signal,Clear,Daylight,Dry,Non-Fatal Injury,Pedestrian Collisions,Driver,75 to 79,None,0,West,"Automobile, Station Wagon",Turning Left,Failed to Yield Right of Way,Normal, , , , , , ,1,0,1,0,0,0,0,1,0,1,0,0,0,0
1223175,2011,3,15,18,25,1,43.69354538,-79.38469029,Toronto Centre-Rosedale (27),27,Rosedale-Moore Park (98),98,D53,Toronto East York,MOUNT PLEASANT Road,MOORE Aven, ,Major Arterial,Intersection,At Intersection,Traffic Signal,Clear,Daylight,Dry,Non-Fatal Injury,Pedestrian Collisions,Pedestrian,40 to 44,Major,0,West,Other, , , ,Vehicle turns left while ped crosses with ROW at inter.,Crossing with right of way,Normal, , , ,1,0,1,0,0,0,0,1,0,1,0,0,0,0
1249167,2011,8,15,18,25,0,43.62784538,-79.49589029,Etobicoke-Lakeshore (5),5,Stonegate-Queensway (16),16,D22,Etobicoke York,THE QUEENSWAY,INVERLEIGH Dr, ,Major Arterial,Intersection, ,No Control,Clear,Daylight,Dry,Non-Fatal Injury,Rear End,Vehicle Owner,unknown, ,0, ,Other, , , , , , , , , ,0,0,1,0,0,0,0,1,0,0,0,0,1,0
1249167,2011,8,15,18,25,0,43.62784538,-79.49589029,Etobicoke-Lakeshore (5),5,Stonegate-Queensway (16),16,D22,Etobicoke York,THE QUEENSWAY,INVERLEIGH Dr, ,Major Arterial,Intersection, ,No Control,Clear,Daylight,Dry,Non-Fatal Injury,Rear End,Driver,55 to 59,Major,0,East,"Automobile, Station Wagon",Going Ahead,Lost control,Medical or Physical Disability, , , , , , ,0,0,1,0,0,0,0,1,0,0,0,0,1,0
1249167,2011,8,15,18,25,0,43.62784538,-79.49589029,Etobicoke-Lakeshore (5),5,Stonegate-Queensway (16),16,D22,Etobicoke York,THE QUEENSWAY,INVERLEIGH Dr, ,Major Arterial,Intersection, ,No Control,Clear,Daylight,Dry,Non-Fatal Injury,Rear End,Passenger,55 to 59,Minimal,0, ,Other, , , , , , , , , ,0,0,1,0,0,0,0,1,0,0,0,0,1,0
1249167,2011,8,15,18,25,0,43.62784538,-79.49589029,Etobicoke-Lakeshore (5),5,Stonegate-Queensway (16),16,D22,Etobicoke York,THE QUEENSWAY,INVERLEIGH Dr, ,Major Arterial,Intersection, ,No Control,Clear,Daylight,Dry,Non-Fatal Injury,Rear End,Passenger,60 to 64,Minimal,0, ,Other, , , , , , , , , ,0,0,1,0,0,0,0,1,0,0,0,0,1,0
1249167,2011,8,15,18,25,0,43.62784538,-79.49589029,Etobicoke-Lakeshore (5),5,Stonegate-Queensway (16),16,D22,Etobicoke York,THE QUEENSWAY,INVERLEIGH Dr, ,Major Arterial,Intersection, ,No Control,Clear,Daylight,Dry,Non-Fatal Injury,Rear End,Driver,60 to 64,Minimal,0,East,"Automobile, Station Wagon",Slowing or Stopping,Driving Properly,Normal, , , , , , ,0,0,1,0,0,0,0,1,0,0,0,0,1,0
1293487,2012,3,22,18,25,3,43.73224538,-79.61379029,Etobicoke North (1),1,West Humber-Clairville (1),1,D23,Etobicoke York,HUMBERLINE Driv,HOLYOAKE Cres, ,Collector,Mid-Block, ,No Control,Clear,Daylight,Dry,Non-Fatal Injury,Pedestrian Collisions,Vehicle Owner,unknown, ,0, ,Other, , , , , , , , , ,1,0,0,0,0,1,0,0,0,0,0,0,0,0
1293487,2012,3,22,18,25,3,43.73224538,-79.61379029,Etobicoke North (1),1,West Humber-Clairville (1),1,D23,Etobicoke York,HUMBERLINE Driv,HOLYOAKE Cres, ,Collector,Mid-Block, ,No Control,Clear,Daylight,Dry,Non-Fatal Injury,Pedestrian Collisions,Driver,50 to 54,None,0,West,Municipal Transit Bus (TTC),Going Ahead,Driving Properly,Normal, , , , , , ,1,0,0,0,0,1,0,0,0,0,0,0,0,0
1293487,2012,3,22,18,25,3,43.73224538,-79.61379029,Etobicoke North (1),1,West Humber-Clairville (1),1,D23,Etobicoke York,HUMBERLINE Driv,HOLYOAKE Cres, ,Collector,Mid-Block, ,No Control,Clear,Daylight,Dry,Non-Fatal Injury,Pedestrian Collisions,Pedestrian,50 to 54,Major,0, ,Other, , , ,Pedestrian involved in a collision with transit vehicle anywhere along roadway,Person Getting on/off Vehicle,"Ability Impaired, Alcohol", , , ,1,0,0,0,0,1,0,0,0,0,0,0,0,0
1320431,2012,9,10,18,25,0,43.72774538,-79.25249029,Scarborough Southwest (35),35,Kennedy Park (124),124,D41,Scarborough,DANFORTH Road,HUNTINGTON Aven, ,Major Arterial,Intersection, ,No Control,Clear,Daylight,Dry,Non-Fatal Injury,Rear End,Motorcycle Driver,50 to 54,Major,0,South,Motorcycle,Going Ahead,Driving Properly,Normal, , , , , , ,0,0,1,1,0,0,0,0,0,1,0,0,0,0
1320431,2012,9,10,18,25,0,43.72774538,-79.25249029,Scarborough Southwest (35),35,Kennedy Park (124),124,D41,Scarborough,DANFORTH Road,HUNTINGTON Aven, ,Major Arterial,Intersection, ,No Control,Clear,Daylight,Dry,Non-Fatal Injury,Rear End,Driver,55 to 59,Minor,0,East,"Automobile, Station Wagon",Turning Right,Failed to Yield Right of Way,Normal, , , , , , ,0,0,1,1,0,0,0,0,0,1,0,0,0,0
1332976,2012,12,27,18,25,3,43.76804538,-79.18799029,Scarborough East (43),43,West Hill (136),136,D43,Scarborough,LAWRENCE AVE E,MORNINGSIDE AVE, ,Minor Arterial,Mid-Block, ,No Control,Clear,"Dark, artificial",Slush,Non-Fatal Injury,Pedestrian Collisions,Vehicle Owner,unknown, ,0, ,Other, , , , , , , , , ,1,0,1,0,0,0,0,0,0,0,0,0,0,0
1332976,2012,12,27,18,25,3,43.76804538,-79.18799029,Scarborough East (43),43,West Hill (136),136,D43,Scarborough,LAWRENCE AVE E,MORNINGSIDE AVE, ,Minor Arterial,Mid-Block, ,No Control,Clear,"Dark, artificial",Slush,Non-Fatal Injury,Pedestrian Collisions,Driver,55 to 59,None,0,West,"Automobile, Station Wagon",Going Ahead,Driving Properly,Normal, , , , , , ,1,0,1,0,0,0,0,0,0,0,0,0,0,0
1332976,2012,12,27,18,25,3,43.76804538,-79.18799029,Scarborough East (43),43,West Hill (136),136,D43,Scarborough,LAWRENCE AVE E,MORNINGSIDE AVE, ,Minor Arterial,Mid-Block, ,No Control,Clear,"Dark, artificial",Slush,Non-Fatal Injury,Pedestrian Collisions,Pedestrian,70 to 74,Major,0,South,Other, , , ,Pedestrian hit at mid-block,"Crossing, no Traffic Control",Medical or Physical Disability, , , ,1,0,1,0,0,0,0,0,0,0,0,0,0,0
6001334259,2016,7,29,18,25,4,43.74785193,-79.20763789,Scarborough East (43),43,Guildwood (140),140,D43,Scarborough,KINGSTON RD,GUILDCREST DR, ,Major Arterial,Intersection,At Intersection,No Control,Clear,Daylight,Dry,Fatal,Pedestrian Collisions,Driver,25 to 29,None,0,North,"Automobile, Station Wagon",Going Ahead,Failed to Yield Right of Way,Normal, , , , , , ,1,0,1,0,0,1,0,0,0,1,0,0,0,1